make,model,year_from,year_to,fuel,gearbox_terms,engine_terms,issue,severity,mileage_from,mileage_to,mileage_note,ask,check,cost_low,cost_high,source,source_url,evidence_type,confidence
Volkswagen,Golf,,,Diesel,,,EGR/DPF emissions-system faults are common buying checks on diesel VWs,High,,,,"Any EGR, DPF or emissions work, warning lights or forced regenerations? Are there invoices?","Cold start, warning lights, smoke, limp mode and evidence of EGR/DPF work.",400,1800,DG core UK buying-risk bank,,DG verified seed,Medium
Volkswagen,Polo,,,Diesel,,,EGR/DPF emissions-system faults are common buying checks on diesel VWs,High,,,,"Any EGR, DPF or emissions work, warning lights or forced regenerations? Are there invoices?","Cold start, warning lights, smoke, limp mode and evidence of EGR/DPF work.",400,1800,DG core UK buying-risk bank,,DG verified seed,Medium
Volkswagen,Passat,,,Diesel,,,EGR/DPF emissions-system faults are common buying checks on diesel VWs,High,,,,"Any EGR, DPF or emissions work, warning lights or forced regenerations? Are there invoices?","Cold start, warning lights, smoke, limp mode and evidence of EGR/DPF work.",400,1800,DG core UK buying-risk bank,,DG verified seed,Medium
Volkswagen,Tiguan,,,Diesel,,,EGR/DPF emissions-system faults are common buying checks on diesel VWs,High,,,,"Any EGR, DPF or emissions work, warning lights or forced regenerations? Are there invoices?","Cold start, warning lights, smoke, limp mode and evidence of EGR/DPF work.",400,1800,DG core UK buying-risk bank,,DG verified seed,Medium
Volkswagen,Golf,,,,dsg|automatic,,DSG mechatronic/clutch faults are a known risk on DSG-equipped cars,High,,,,"Has the DSG had clutch, mechatronic or oil-service work?","Check for judder, delayed drive engagement, harsh shifts and DSG service evidence.",800,2500,DG core UK buying-risk bank,,DG verified seed,Medium
Volkswagen,Polo,,,,dsg|automatic,,DSG mechatronic/clutch faults are a known risk on DSG-equipped cars,High,,,,"Has the DSG had clutch, mechatronic or oil-service work?","Check for judder, delayed drive engagement, harsh shifts and DSG service evidence.",800,2500,DG core UK buying-risk bank,,DG verified seed,Medium
Volkswagen,Passat,,,,dsg|automatic,,DSG mechatronic/clutch faults are a known risk on DSG-equipped cars,High,,,,"Has the DSG had clutch, mechatronic or oil-service work?","Check for judder, delayed drive engagement, harsh shifts and DSG service evidence.",800,2500,DG core UK buying-risk bank,,DG verified seed,Medium
Volkswagen,Tiguan,,,,dsg|automatic,,DSG mechatronic/clutch faults are a known risk on DSG-equipped cars,High,,,,"Has the DSG had clutch, mechatronic or oil-service work?","Check for judder, delayed drive engagement, harsh shifts and DSG service evidence.",800,2500,DG core UK buying-risk bank,,DG verified seed,Medium
Audi,A1,,,Diesel,,,"Diesel emissions, EGR/DPF and related intake faults are important checks",High,,,,"Any EGR, DPF, intake or emissions-system repairs or warning lights?","Check cold start, smoke, warning lights, limp mode and invoices.",400,1800,DG core UK buying-risk bank,,DG verified seed,Medium
Audi,A3,,,Diesel,,,"Diesel emissions, EGR/DPF and related intake faults are important checks",High,,,,"Any EGR, DPF, intake or emissions-system repairs or warning lights?","Check cold start, smoke, warning lights, limp mode and invoices.",400,1800,DG core UK buying-risk bank,,DG verified seed,Medium
Audi,A4,,,Diesel,,,"Diesel emissions, EGR/DPF and related intake faults are important checks",High,,,,"Any EGR, DPF, intake or emissions-system repairs or warning lights?","Check cold start, smoke, warning lights, limp mode and invoices.",400,1800,DG core UK buying-risk bank,,DG verified seed,Medium
Audi,A5,,,Diesel,,,"Diesel emissions, EGR/DPF and related intake faults are important checks",High,,,,"Any EGR, DPF, intake or emissions-system repairs or warning lights?","Check cold start, smoke, warning lights, limp mode and invoices.",400,1800,DG core UK buying-risk bank,,DG verified seed,Medium
Audi,A6,,,Diesel,,,"Diesel emissions, EGR/DPF and related intake faults are important checks",High,,,,"Any EGR, DPF, intake or emissions-system repairs or warning lights?","Check cold start, smoke, warning lights, limp mode and invoices.",400,1800,DG core UK buying-risk bank,,DG verified seed,Medium
Audi,A3,,,,automatic|s tronic|multitronic|dsg,,Automatic gearbox/mechatronic servicing and faults need checking,High,,,,Has the automatic gearbox had its scheduled oil service or any mechatronic/clutch repairs?,"Test from cold and hot for judder, hesitation and harsh engagement.",800,3000,DG core UK buying-risk bank,,DG verified seed,Medium
Audi,A4,,,,automatic|s tronic|multitronic|dsg,,Automatic gearbox/mechatronic servicing and faults need checking,High,,,,Has the automatic gearbox had its scheduled oil service or any mechatronic/clutch repairs?,"Test from cold and hot for judder, hesitation and harsh engagement.",800,3000,DG core UK buying-risk bank,,DG verified seed,Medium
Audi,A5,,,,automatic|s tronic|multitronic|dsg,,Automatic gearbox/mechatronic servicing and faults need checking,High,,,,Has the automatic gearbox had its scheduled oil service or any mechatronic/clutch repairs?,"Test from cold and hot for judder, hesitation and harsh engagement.",800,3000,DG core UK buying-risk bank,,DG verified seed,Medium
Audi,A6,,,,automatic|s tronic|multitronic|dsg,,Automatic gearbox/mechatronic servicing and faults need checking,High,,,,Has the automatic gearbox had its scheduled oil service or any mechatronic/clutch repairs?,"Test from cold and hot for judder, hesitation and harsh engagement.",800,3000,DG core UK buying-risk bank,,DG verified seed,Medium
BMW,1 Series,,,Diesel,,,Timing-chain condition and diesel emissions hardware are key BMW diesel buying checks,High,60000,,Extra scrutiny from roughly 60k miles.,"Any timing-chain, EGR, DPF or turbo work? Are there invoices or recall records?","Listen from cold for chain noise; check EGR/DPF warnings, smoke and service history.",700,2500,DG core UK buying-risk bank,,DG verified seed,Medium
BMW,2 Series,,,Diesel,,,Timing-chain condition and diesel emissions hardware are key BMW diesel buying checks,High,60000,,Extra scrutiny from roughly 60k miles.,"Any timing-chain, EGR, DPF or turbo work? Are there invoices or recall records?","Listen from cold for chain noise; check EGR/DPF warnings, smoke and service history.",700,2500,DG core UK buying-risk bank,,DG verified seed,Medium
BMW,3 Series,,,Diesel,,,Timing-chain condition and diesel emissions hardware are key BMW diesel buying checks,High,60000,,Extra scrutiny from roughly 60k miles.,"Any timing-chain, EGR, DPF or turbo work? Are there invoices or recall records?","Listen from cold for chain noise; check EGR/DPF warnings, smoke and service history.",700,2500,DG core UK buying-risk bank,,DG verified seed,Medium
BMW,4 Series,,,Diesel,,,Timing-chain condition and diesel emissions hardware are key BMW diesel buying checks,High,60000,,Extra scrutiny from roughly 60k miles.,"Any timing-chain, EGR, DPF or turbo work? Are there invoices or recall records?","Listen from cold for chain noise; check EGR/DPF warnings, smoke and service history.",700,2500,DG core UK buying-risk bank,,DG verified seed,Medium
BMW,5 Series,,,Diesel,,,Timing-chain condition and diesel emissions hardware are key BMW diesel buying checks,High,60000,,Extra scrutiny from roughly 60k miles.,"Any timing-chain, EGR, DPF or turbo work? Are there invoices or recall records?","Listen from cold for chain noise; check EGR/DPF warnings, smoke and service history.",700,2500,DG core UK buying-risk bank,,DG verified seed,Medium
BMW,X1,,,Diesel,,,Timing-chain condition and diesel emissions hardware are key BMW diesel buying checks,High,60000,,Extra scrutiny from roughly 60k miles.,"Any timing-chain, EGR, DPF or turbo work? Are there invoices or recall records?","Listen from cold for chain noise; check EGR/DPF warnings, smoke and service history.",700,2500,DG core UK buying-risk bank,,DG verified seed,Medium
BMW,X3,,,Diesel,,,Timing-chain condition and diesel emissions hardware are key BMW diesel buying checks,High,60000,,Extra scrutiny from roughly 60k miles.,"Any timing-chain, EGR, DPF or turbo work? Are there invoices or recall records?","Listen from cold for chain noise; check EGR/DPF warnings, smoke and service history.",700,2500,DG core UK buying-risk bank,,DG verified seed,Medium
Peugeot,208,,,Petrol,,,PureTech petrol engines can require careful timing-belt/oil-system history checks,High,,,,Has the timing belt been inspected/replaced and is the correct oil documented?,"Verify engine type, belt history, oil-pressure warnings and service invoices.",500,1800,DG core UK buying-risk bank,,DG verified seed,Medium
Peugeot,2008,,,Petrol,,,PureTech petrol engines can require careful timing-belt/oil-system history checks,High,,,,Has the timing belt been inspected/replaced and is the correct oil documented?,"Verify engine type, belt history, oil-pressure warnings and service invoices.",500,1800,DG core UK buying-risk bank,,DG verified seed,Medium
Peugeot,308,,,Petrol,,,PureTech petrol engines can require careful timing-belt/oil-system history checks,High,,,,Has the timing belt been inspected/replaced and is the correct oil documented?,"Verify engine type, belt history, oil-pressure warnings and service invoices.",500,1800,DG core UK buying-risk bank,,DG verified seed,Medium
Peugeot,3008,,,Petrol,,,PureTech petrol engines can require careful timing-belt/oil-system history checks,High,,,,Has the timing belt been inspected/replaced and is the correct oil documented?,"Verify engine type, belt history, oil-pressure warnings and service invoices.",500,1800,DG core UK buying-risk bank,,DG verified seed,Medium
Peugeot,5008,,,Petrol,,,PureTech petrol engines can require careful timing-belt/oil-system history checks,High,,,,Has the timing belt been inspected/replaced and is the correct oil documented?,"Verify engine type, belt history, oil-pressure warnings and service invoices.",500,1800,DG core UK buying-risk bank,,DG verified seed,Medium
Peugeot,208,,,Diesel,,,BlueHDi AdBlue/SCR faults and emissions-system repairs are common buying checks,High,,,,"Any AdBlue tank, injector, NOx sensor, EGR or DPF work?","Check countdown/emissions warnings, AdBlue history and invoices.",500,1500,DG core UK buying-risk bank,,DG verified seed,Medium
Peugeot,2008,,,Diesel,,,BlueHDi AdBlue/SCR faults and emissions-system repairs are common buying checks,High,,,,"Any AdBlue tank, injector, NOx sensor, EGR or DPF work?","Check countdown/emissions warnings, AdBlue history and invoices.",500,1500,DG core UK buying-risk bank,,DG verified seed,Medium
Peugeot,308,,,Diesel,,,BlueHDi AdBlue/SCR faults and emissions-system repairs are common buying checks,High,,,,"Any AdBlue tank, injector, NOx sensor, EGR or DPF work?","Check countdown/emissions warnings, AdBlue history and invoices.",500,1500,DG core UK buying-risk bank,,DG verified seed,Medium
Peugeot,3008,,,Diesel,,,BlueHDi AdBlue/SCR faults and emissions-system repairs are common buying checks,High,,,,"Any AdBlue tank, injector, NOx sensor, EGR or DPF work?","Check countdown/emissions warnings, AdBlue history and invoices.",500,1500,DG core UK buying-risk bank,,DG verified seed,Medium
Peugeot,5008,,,Diesel,,,BlueHDi AdBlue/SCR faults and emissions-system repairs are common buying checks,High,,,,"Any AdBlue tank, injector, NOx sensor, EGR or DPF work?","Check countdown/emissions warnings, AdBlue history and invoices.",500,1500,DG core UK buying-risk bank,,DG verified seed,Medium
Citroen,C3,,,Petrol,,,PureTech petrol engines can require careful timing-belt/oil-system history checks,High,,,,Has the timing belt been inspected/replaced and is the correct oil documented?,"Verify engine type, belt history, oil-pressure warnings and service invoices.",500,1800,DG core UK buying-risk bank,,DG verified seed,Medium
Citroen,C4,,,Petrol,,,PureTech petrol engines can require careful timing-belt/oil-system history checks,High,,,,Has the timing belt been inspected/replaced and is the correct oil documented?,"Verify engine type, belt history, oil-pressure warnings and service invoices.",500,1800,DG core UK buying-risk bank,,DG verified seed,Medium
Citroen,C5 Aircross,,,Petrol,,,PureTech petrol engines can require careful timing-belt/oil-system history checks,High,,,,Has the timing belt been inspected/replaced and is the correct oil documented?,"Verify engine type, belt history, oil-pressure warnings and service invoices.",500,1800,DG core UK buying-risk bank,,DG verified seed,Medium
Citroen,Berlingo,,,Petrol,,,PureTech petrol engines can require careful timing-belt/oil-system history checks,High,,,,Has the timing belt been inspected/replaced and is the correct oil documented?,"Verify engine type, belt history, oil-pressure warnings and service invoices.",500,1800,DG core UK buying-risk bank,,DG verified seed,Medium
Citroen,C3,,,Diesel,,,BlueHDi AdBlue/SCR and emissions-system faults are important checks,High,,,,"Any AdBlue tank, NOx sensor, EGR or DPF work?","Check emissions warnings, countdown messages and repair invoices.",500,1500,DG core UK buying-risk bank,,DG verified seed,Medium
Citroen,C4,,,Diesel,,,BlueHDi AdBlue/SCR and emissions-system faults are important checks,High,,,,"Any AdBlue tank, NOx sensor, EGR or DPF work?","Check emissions warnings, countdown messages and repair invoices.",500,1500,DG core UK buying-risk bank,,DG verified seed,Medium
Citroen,C5 Aircross,,,Diesel,,,BlueHDi AdBlue/SCR and emissions-system faults are important checks,High,,,,"Any AdBlue tank, NOx sensor, EGR or DPF work?","Check emissions warnings, countdown messages and repair invoices.",500,1500,DG core UK buying-risk bank,,DG verified seed,Medium
Citroen,Berlingo,,,Diesel,,,BlueHDi AdBlue/SCR and emissions-system faults are important checks,High,,,,"Any AdBlue tank, NOx sensor, EGR or DPF work?","Check emissions warnings, countdown messages and repair invoices.",500,1500,DG core UK buying-risk bank,,DG verified seed,Medium
Ford,Fiesta,,,Petrol,,,EcoBoost timing-belt/cooling-system history can be a major buying risk on affected engines,High,,,,"Is it an EcoBoost, and if so has the timing belt and cooling-system work been documented?","Confirm engine family first; inspect belt/service evidence, coolant level and overheating history.",600,2200,DG core UK buying-risk bank,,DG verified seed,Medium
Ford,Focus,,,Petrol,,,EcoBoost timing-belt/cooling-system history can be a major buying risk on affected engines,High,,,,"Is it an EcoBoost, and if so has the timing belt and cooling-system work been documented?","Confirm engine family first; inspect belt/service evidence, coolant level and overheating history.",600,2200,DG core UK buying-risk bank,,DG verified seed,Medium
Ford,EcoSport,,,Petrol,,,EcoBoost timing-belt/cooling-system history can be a major buying risk on affected engines,High,,,,"Is it an EcoBoost, and if so has the timing belt and cooling-system work been documented?","Confirm engine family first; inspect belt/service evidence, coolant level and overheating history.",600,2200,DG core UK buying-risk bank,,DG verified seed,Medium
Ford,Puma,,,Petrol,,,EcoBoost timing-belt/cooling-system history can be a major buying risk on affected engines,High,,,,"Is it an EcoBoost, and if so has the timing belt and cooling-system work been documented?","Confirm engine family first; inspect belt/service evidence, coolant level and overheating history.",600,2200,DG core UK buying-risk bank,,DG verified seed,Medium
Ford,Fiesta,,,,automatic|powershift,,PowerShift automatic gearbox faults are a significant risk on affected cars,High,,,,"Is it PowerShift, and has the gearbox had clutch/mechatronic repairs and scheduled servicing?","Check for judder, hesitation, warning messages and repair invoices.",900,2500,DG core UK buying-risk bank,,DG verified seed,Medium
Ford,Focus,,,,automatic|powershift,,PowerShift automatic gearbox faults are a significant risk on affected cars,High,,,,"Is it PowerShift, and has the gearbox had clutch/mechatronic repairs and scheduled servicing?","Check for judder, hesitation, warning messages and repair invoices.",900,2500,DG core UK buying-risk bank,,DG verified seed,Medium
Ford,Kuga,,,,automatic|powershift,,PowerShift automatic gearbox faults are a significant risk on affected cars,High,,,,"Is it PowerShift, and has the gearbox had clutch/mechatronic repairs and scheduled servicing?","Check for judder, hesitation, warning messages and repair invoices.",900,2500,DG core UK buying-risk bank,,DG verified seed,Medium
Nissan,Qashqai,,,,automatic|cvt,,CVT condition is a major buying check on CVT-equipped Nissans,High,60000,,Transmission history becomes increasingly important around 60k+ miles.,"Is it CVT, and has the transmission fluid been serviced or the gearbox repaired?","Check for flare, shudder, whining, delayed engagement and gearbox warnings.",1200,3500,DG core UK buying-risk bank,,DG verified seed,Medium
Nissan,Juke,,,,automatic|cvt,,CVT condition is a major buying check on CVT-equipped Nissans,High,60000,,Transmission history becomes increasingly important around 60k+ miles.,"Is it CVT, and has the transmission fluid been serviced or the gearbox repaired?","Check for flare, shudder, whining, delayed engagement and gearbox warnings.",1200,3500,DG core UK buying-risk bank,,DG verified seed,Medium
Nissan,Micra,,,,automatic|cvt,,CVT condition is a major buying check on CVT-equipped Nissans,High,60000,,Transmission history becomes increasingly important around 60k+ miles.,"Is it CVT, and has the transmission fluid been serviced or the gearbox repaired?","Check for flare, shudder, whining, delayed engagement and gearbox warnings.",1200,3500,DG core UK buying-risk bank,,DG verified seed,Medium
Nissan,X-Trail,,,,automatic|cvt,,CVT condition is a major buying check on CVT-equipped Nissans,High,60000,,Transmission history becomes increasingly important around 60k+ miles.,"Is it CVT, and has the transmission fluid been serviced or the gearbox repaired?","Check for flare, shudder, whining, delayed engagement and gearbox warnings.",1200,3500,DG core UK buying-risk bank,,DG verified seed,Medium
Land Rover,Range Rover Evoque,,,Diesel,,,"Diesel timing-chain, DPF/EGR and oil-dilution history can create expensive exposure",High,,,,"Any timing-chain, DPF, EGR, turbo or oil-dilution related work?","Cold-start chain noise, oil level/history, emissions warnings and invoices.",900,3500,DG core UK buying-risk bank,,DG verified seed,Medium
Land Rover,Discovery Sport,,,Diesel,,,"Diesel timing-chain, DPF/EGR and oil-dilution history can create expensive exposure",High,,,,"Any timing-chain, DPF, EGR, turbo or oil-dilution related work?","Cold-start chain noise, oil level/history, emissions warnings and invoices.",900,3500,DG core UK buying-risk bank,,DG verified seed,Medium
Land Rover,Range Rover Sport,,,Diesel,,,"Diesel timing-chain, DPF/EGR and oil-dilution history can create expensive exposure",High,,,,"Any timing-chain, DPF, EGR, turbo or oil-dilution related work?","Cold-start chain noise, oil level/history, emissions warnings and invoices.",900,3500,DG core UK buying-risk bank,,DG verified seed,Medium
Land Rover,Discovery,,,Diesel,,,"Diesel timing-chain, DPF/EGR and oil-dilution history can create expensive exposure",High,,,,"Any timing-chain, DPF, EGR, turbo or oil-dilution related work?","Cold-start chain noise, oil level/history, emissions warnings and invoices.",900,3500,DG core UK buying-risk bank,,DG verified seed,Medium
Jaguar,XE,,,Diesel,,,Ingenium diesel timing-chain and emissions-system history are important buying checks,High,50000,,Extra scrutiny from roughly 50k miles; service interval/history matters.,"Any timing-chain, DPF, EGR, turbo or oil-dilution related work?","Listen from cold, inspect service intervals/oil history and check emissions warnings.",900,3500,DG core UK buying-risk bank,,DG verified seed,Medium
Jaguar,XF,,,Diesel,,,Ingenium diesel timing-chain and emissions-system history are important buying checks,High,50000,,Extra scrutiny from roughly 50k miles; service interval/history matters.,"Any timing-chain, DPF, EGR, turbo or oil-dilution related work?","Listen from cold, inspect service intervals/oil history and check emissions warnings.",900,3500,DG core UK buying-risk bank,,DG verified seed,Medium
Jaguar,F-Pace,,,Diesel,,,Ingenium diesel timing-chain and emissions-system history are important buying checks,High,50000,,Extra scrutiny from roughly 50k miles; service interval/history matters.,"Any timing-chain, DPF, EGR, turbo or oil-dilution related work?","Listen from cold, inspect service intervals/oil history and check emissions warnings.",900,3500,DG core UK buying-risk bank,,DG verified seed,Medium
Jaguar,E-Pace,,,Diesel,,,Ingenium diesel timing-chain and emissions-system history are important buying checks,High,50000,,Extra scrutiny from roughly 50k miles; service interval/history matters.,"Any timing-chain, DPF, EGR, turbo or oil-dilution related work?","Listen from cold, inspect service intervals/oil history and check emissions warnings.",900,3500,DG core UK buying-risk bank,,DG verified seed,Medium
Mercedes-Benz,A-Class,,,Diesel,,,"Diesel emissions hardware, AdBlue/NOx and DPF/EGR faults can be costly",High,,,,"Any AdBlue, NOx sensor, EGR, DPF or emissions repairs?","Check warning messages, limp mode, emissions history and invoices.",500,1800,DG core UK buying-risk bank,,DG verified seed,Medium
Mercedes-Benz,B-Class,,,Diesel,,,"Diesel emissions hardware, AdBlue/NOx and DPF/EGR faults can be costly",High,,,,"Any AdBlue, NOx sensor, EGR, DPF or emissions repairs?","Check warning messages, limp mode, emissions history and invoices.",500,1800,DG core UK buying-risk bank,,DG verified seed,Medium
Mercedes-Benz,C-Class,,,Diesel,,,"Diesel emissions hardware, AdBlue/NOx and DPF/EGR faults can be costly",High,,,,"Any AdBlue, NOx sensor, EGR, DPF or emissions repairs?","Check warning messages, limp mode, emissions history and invoices.",500,1800,DG core UK buying-risk bank,,DG verified seed,Medium
Mercedes-Benz,E-Class,,,Diesel,,,"Diesel emissions hardware, AdBlue/NOx and DPF/EGR faults can be costly",High,,,,"Any AdBlue, NOx sensor, EGR, DPF or emissions repairs?","Check warning messages, limp mode, emissions history and invoices.",500,1800,DG core UK buying-risk bank,,DG verified seed,Medium
Mercedes-Benz,CLA,,,Diesel,,,"Diesel emissions hardware, AdBlue/NOx and DPF/EGR faults can be costly",High,,,,"Any AdBlue, NOx sensor, EGR, DPF or emissions repairs?","Check warning messages, limp mode, emissions history and invoices.",500,1800,DG core UK buying-risk bank,,DG verified seed,Medium
Mercedes-Benz,GLA,,,Diesel,,,"Diesel emissions hardware, AdBlue/NOx and DPF/EGR faults can be costly",High,,,,"Any AdBlue, NOx sensor, EGR, DPF or emissions repairs?","Check warning messages, limp mode, emissions history and invoices.",500,1800,DG core UK buying-risk bank,,DG verified seed,Medium
Honda,Civic,,,Diesel,,,Clutch/dual-mass flywheel and diesel emissions condition are worthwhile checks,High,,,,"Any clutch/DMF, EGR or DPF work?","Check clutch bite/slip, DMF noise, smoke and emissions warnings.",700,1800,DG core UK buying-risk bank,,DG verified seed,Medium
Honda,Accord,,,Diesel,,,Clutch/dual-mass flywheel and diesel emissions condition are worthwhile checks,High,,,,"Any clutch/DMF, EGR or DPF work?","Check clutch bite/slip, DMF noise, smoke and emissions warnings.",700,1800,DG core UK buying-risk bank,,DG verified seed,Medium
Honda,CR-V,,,Diesel,,,Clutch/dual-mass flywheel and diesel emissions condition are worthwhile checks,High,,,,"Any clutch/DMF, EGR or DPF work?","Check clutch bite/slip, DMF noise, smoke and emissions warnings.",700,1800,DG core UK buying-risk bank,,DG verified seed,Medium
Jaguar,*,,,Diesel,,,DPF/EGR and emissions-system faults are important diesel buying checks,Medium,50000,,More relevant as mileage and short-trip use build.,"Any DPF, EGR, emissions warnings or forced regenerations?","Check warning lights, smoke, limp mode, regeneration history and invoices.",350,1800,DG broader UK buying-risk bank,,broader make/fuel risk — confirm applicability,Low
Land Rover,*,,,Diesel,,,DPF/EGR and emissions-system faults are important diesel buying checks,Medium,50000,,More relevant as mileage and short-trip use build.,"Any DPF, EGR, emissions warnings or forced regenerations?","Check warning lights, smoke, limp mode, regeneration history and invoices.",350,1800,DG broader UK buying-risk bank,,broader make/fuel risk — confirm applicability,Low
Jaguar,*,,,Diesel,,,"Turbo, boost-hose and intake faults can create expensive diesel problems",Medium,60000,,Give extra attention on higher-mileage cars.,"Any turbo, intercooler, boost-hose or intake repairs?","Check boost delivery, smoke, whistle, oil leaks and stored boost faults.",250,2200,DG broader UK buying-risk bank,,broader make/fuel risk — confirm applicability,Low
Land Rover,*,,,Diesel,,,"Turbo, boost-hose and intake faults can create expensive diesel problems",Medium,60000,,Give extra attention on higher-mileage cars.,"Any turbo, intercooler, boost-hose or intake repairs?","Check boost delivery, smoke, whistle, oil leaks and stored boost faults.",250,2200,DG broader UK buying-risk bank,,broader make/fuel risk — confirm applicability,Low
Jaguar,*,,,,,,"Suspension arms, bushes and wheel bearings are worthwhile checks on heavier models",Medium,50000,,,"Any suspension arm, bush or wheel-bearing work?",Listen for knocks; inspect tyre wear and check for play/noise.,250,1200,DG broader UK buying-risk bank,,broader make/fuel risk — confirm applicability,Low
Land Rover,*,,,,,,"Suspension arms, bushes and wheel bearings are worthwhile checks on heavier models",Medium,50000,,,"Any suspension arm, bush or wheel-bearing work?",Listen for knocks; inspect tyre wear and check for play/noise.,250,1200,DG broader UK buying-risk bank,,broader make/fuel risk — confirm applicability,Low
Jaguar,*,,,,,,"Electrical, battery, camera and infotainment faults are worthwhile model-wide checks",Medium,,,,"Any battery drain, electrical warnings, camera, screen or infotainment faults?",Test every electrical function and battery/charging health.,150,1500,DG broader UK buying-risk bank,,broader make/fuel risk — confirm applicability,Low
Land Rover,*,,,,,,"Electrical, battery, camera and infotainment faults are worthwhile model-wide checks",Medium,,,,"Any battery drain, electrical warnings, camera, screen or infotainment faults?",Test every electrical function and battery/charging health.,150,1500,DG broader UK buying-risk bank,,broader make/fuel risk — confirm applicability,Low
Jaguar,*,,,,,,Water ingress and tailgate/door seal problems are worth checking,Medium,,,,"Any water leaks, damp carpets, boot water or electrical issues after rain?","Inspect carpets, spare-wheel well, headlining and seals for damp/water marks.",100,1000,DG broader UK buying-risk bank,,broader make/fuel risk — confirm applicability,Low
Land Rover,*,,,,,,Water ingress and tailgate/door seal problems are worth checking,Medium,,,,"Any water leaks, damp carpets, boot water or electrical issues after rain?","Inspect carpets, spare-wheel well, headlining and seals for damp/water marks.",100,1000,DG broader UK buying-risk bank,,broader make/fuel risk — confirm applicability,Low
BMW,*,,,Diesel,,,DPF/EGR/NOx emissions hardware is a common diesel buying-risk area,Medium,60000,,,"Any DPF, EGR, NOx sensor or emissions repairs?","Check warnings, regeneration history, smoke and stored faults.",350,1800,DG broader UK buying-risk bank,,broader make/fuel risk — confirm applicability,Low
Mercedes-Benz,*,,,Diesel,,,DPF/EGR/NOx emissions hardware is a common diesel buying-risk area,Medium,60000,,,"Any DPF, EGR, NOx sensor or emissions repairs?","Check warnings, regeneration history, smoke and stored faults.",350,1800,DG broader UK buying-risk bank,,broader make/fuel risk — confirm applicability,Low
Audi,*,,,Diesel,,,DPF/EGR/NOx emissions hardware is a common diesel buying-risk area,Medium,60000,,,"Any DPF, EGR, NOx sensor or emissions repairs?","Check warnings, regeneration history, smoke and stored faults.",350,1800,DG broader UK buying-risk bank,,broader make/fuel risk — confirm applicability,Low
Volkswagen,*,,,Diesel,,,DPF/EGR/NOx emissions hardware is a common diesel buying-risk area,Medium,60000,,,"Any DPF, EGR, NOx sensor or emissions repairs?","Check warnings, regeneration history, smoke and stored faults.",350,1800,DG broader UK buying-risk bank,,broader make/fuel risk — confirm applicability,Low
Skoda,*,,,Diesel,,,DPF/EGR/NOx emissions hardware is a common diesel buying-risk area,Medium,60000,,,"Any DPF, EGR, NOx sensor or emissions repairs?","Check warnings, regeneration history, smoke and stored faults.",350,1800,DG broader UK buying-risk bank,,broader make/fuel risk — confirm applicability,Low
SEAT,*,,,Diesel,,,DPF/EGR/NOx emissions hardware is a common diesel buying-risk area,Medium,60000,,,"Any DPF, EGR, NOx sensor or emissions repairs?","Check warnings, regeneration history, smoke and stored faults.",350,1800,DG broader UK buying-risk bank,,broader make/fuel risk — confirm applicability,Low
BMW,*,,,,,,"Cooling-system leaks, pumps and thermostats deserve inspection as mileage builds",Medium,60000,,,"Any coolant leaks, water-pump, thermostat or overheating work?","Check coolant level, leaks and temperature stability.",250,1200,DG broader UK buying-risk bank,,broader make/fuel risk — confirm applicability,Low
Mercedes-Benz,*,,,,,,"Cooling-system leaks, pumps and thermostats deserve inspection as mileage builds",Medium,60000,,,"Any coolant leaks, water-pump, thermostat or overheating work?","Check coolant level, leaks and temperature stability.",250,1200,DG broader UK buying-risk bank,,broader make/fuel risk — confirm applicability,Low
Audi,*,,,,,,"Cooling-system leaks, pumps and thermostats deserve inspection as mileage builds",Medium,60000,,,"Any coolant leaks, water-pump, thermostat or overheating work?","Check coolant level, leaks and temperature stability.",250,1200,DG broader UK buying-risk bank,,broader make/fuel risk — confirm applicability,Low
Peugeot,*,,,Diesel,,,AdBlue/SCR/NOx faults are important BlueHDi buying checks,High,50000,,,"Any AdBlue tank, pump, injector, NOx sensor or countdown faults?",Check emissions countdown/warnings and invoices.,500,1600,DG broader UK buying-risk bank,,broader make/fuel risk — confirm applicability,Low
Citroen,*,,,Diesel,,,AdBlue/SCR/NOx faults are important BlueHDi buying checks,High,50000,,,"Any AdBlue tank, pump, injector, NOx sensor or countdown faults?",Check emissions countdown/warnings and invoices.,500,1600,DG broader UK buying-risk bank,,broader make/fuel risk — confirm applicability,Low
DS,*,,,Diesel,,,AdBlue/SCR/NOx faults are important BlueHDi buying checks,High,50000,,,"Any AdBlue tank, pump, injector, NOx sensor or countdown faults?",Check emissions countdown/warnings and invoices.,500,1600,DG broader UK buying-risk bank,,broader make/fuel risk — confirm applicability,Low
Peugeot,*,,,Petrol,,,"On affected PureTech engines, timing-belt degradation and oil-system history require verification",High,,,,"Confirm engine type. If PureTech, has the belt been inspected/replaced and correct oil used?",Verify engine family before applying this risk; inspect belt/service evidence.,500,1800,DG broader UK buying-risk bank,,broader make/fuel risk — confirm applicability,Low
Citroen,*,,,Petrol,,,"On affected PureTech engines, timing-belt degradation and oil-system history require verification",High,,,,"Confirm engine type. If PureTech, has the belt been inspected/replaced and correct oil used?",Verify engine family before applying this risk; inspect belt/service evidence.,500,1800,DG broader UK buying-risk bank,,broader make/fuel risk — confirm applicability,Low
DS,*,,,Petrol,,,"On affected PureTech engines, timing-belt degradation and oil-system history require verification",High,,,,"Confirm engine type. If PureTech, has the belt been inspected/replaced and correct oil used?",Verify engine family before applying this risk; inspect belt/service evidence.,500,1800,DG broader UK buying-risk bank,,broader make/fuel risk — confirm applicability,Low
Ford,*,,,Diesel,,,"DPF/EGR, turbo and injector condition are important higher-mileage diesel checks",Medium,60000,,,"Any DPF, EGR, turbo or injector work?","Check smoke, boost, warning lights and invoices.",350,1800,DG broader UK buying-risk bank,,broader make/fuel risk — confirm applicability,Low
Nissan,*,,,Diesel,,,DPF/EGR and turbo/injector condition are worthwhile diesel checks,Medium,60000,,,"Any DPF, EGR, turbo or injector repairs?","Check smoke, cold start, boost and emissions warnings.",350,1800,DG broader UK buying-risk bank,,broader make/fuel risk — confirm applicability,Low
Renault,*,,,Diesel,,,DPF/EGR and turbo/injector condition are worthwhile diesel checks,Medium,60000,,,"Any DPF, EGR, turbo or injector repairs?","Check smoke, cold start, boost and emissions warnings.",350,1800,DG broader UK buying-risk bank,,broader make/fuel risk — confirm applicability,Low
Vauxhall,*,,,Diesel,,,DPF/EGR and emissions-system condition are important diesel checks,Medium,60000,,,"Any DPF, EGR or emissions repairs?","Check warning lights, regeneration history and smoke.",350,1600,DG broader UK buying-risk bank,,broader make/fuel risk — confirm applicability,Low
Toyota,*,,,Hybrid,,,Hybrid battery health and cooling-system condition should be verified,Medium,80000,,,Any hybrid battery repairs or health checks?,"Check hybrid warnings, battery cooling intake and available health-check history.",300,2500,DG broader UK buying-risk bank,,broader make/fuel risk — confirm applicability,Low
Lexus,*,,,Hybrid,,,Hybrid battery health and cooling-system condition should be verified,Medium,80000,,,Any hybrid battery repairs or health checks?,"Check hybrid warnings, battery cooling intake and available health-check history.",300,2500,DG broader UK buying-risk bank,,broader make/fuel risk — confirm applicability,Low
Volkswagen,Golf,2004,2008,,manual,1.4|1.6,5-speed manual gearbox casing corrosion/cracking and transmission failure,High,60000,100000,"Typical mileage band reported by source; use as a buying-check trigger, not proof of a fault.","Any gearbox replacement, casing repair or oil leaks?","Check selection, whining/grinding and gearbox casing for leaks.",1500,3000,Car Advert Check UK known-fault database,https://www.caradvertcheck.co.uk/problems/volkswagen/golf,model/generation fault evidence — confirm exact engine applicability,Medium
Volkswagen,Golf,2008,2012,Diesel,,1.6 TDI|EA189,"EGR valve/cooler failure causing warnings, limp mode and possible coolant loss",High,40000,80000,"Typical mileage band reported by source; use as a buying-check trigger, not proof of a fault.",Any EGR/cooler replacement or emissions work?,"Check warnings, limp mode, coolant loss and regeneration frequency.",500,1400,Car Advert Check UK known-fault database,https://www.caradvertcheck.co.uk/problems/volkswagen/golf,model/generation fault evidence — confirm exact engine applicability,Medium
Volkswagen,Golf,2008,2020,,DQ200|DSG|automatic,,DQ200 dry-clutch DSG mechatronic/clutch failure,High,30000,70000,"Typical mileage band reported by source; use as a buying-check trigger, not proof of a fault.","Any DSG mechatronic, clutch or gearbox work?","Check hesitation, judder, PRNDS warnings and smooth low-speed shifts.",1300,2000,Car Advert Check UK known-fault database,https://www.caradvertcheck.co.uk/problems/volkswagen/golf,model/generation fault evidence — confirm exact engine applicability,Medium
Volkswagen,Golf,2008,2012,Petrol,,1.4 TSI|EA111,Timing-chain stretch/tensioner failure,High,40000,80000,"Typical mileage band reported by source; use as a buying-check trigger, not proof of a fault.",Has the timing chain/tensioner been replaced?,Cold start from fully cold; listen for metallic chain rattle.,900,1800,Car Advert Check UK known-fault database,https://www.caradvertcheck.co.uk/problems/volkswagen/golf,model/generation fault evidence — confirm exact engine applicability,Medium
BMW,3 Series,2005,2019,Diesel,,2.0D|N47,N47 timing-chain stretch/failure risk,High,50000,100000,"Typical mileage band reported by source; use as a buying-check trigger, not proof of a fault.","Any timing-chain work, and is there an invoice?",Cold-start listen at rear of engine; scrutinise oil/service intervals.,1200,2500,Car Advert Check UK known-fault database,https://www.caradvertcheck.co.uk/problems/bmw/3-series,model/generation fault evidence — confirm exact engine applicability,Medium
BMW,3 Series,2012,2019,Petrol,,N20|2.0i,Timing-chain guide degradation can cause oil starvation/engine damage,High,50000,90000,"Typical mileage band reported by source; use as a buying-check trigger, not proof of a fault.",Any timing-chain guide or oil-pump-chain work?,Listen for whine/rattle and check oil-pressure history.,4000,7000,Car Advert Check UK known-fault database,https://www.caradvertcheck.co.uk/problems/bmw/3-series,model/generation fault evidence — confirm exact engine applicability,Medium
BMW,3 Series,2005,2019,,automatic|8-speed|6-speed,,Automatic gearbox oil/service history is an important buying check,Medium,60000,100000,"Typical mileage band reported by source; use as a buying-check trigger, not proof of a fault.",Has gearbox oil/filter been serviced?,Check shifts cold/hot and evidence of transmission servicing.,500,900,Car Advert Check UK known-fault database,https://www.caradvertcheck.co.uk/problems/bmw/3-series,model/generation fault evidence — confirm exact engine applicability,Medium
Nissan,Qashqai,2007,2021,,CVT|Xtronic|automatic,,Xtronic/CVT transmission failure and judder risk,High,16000,76000,"Typical mileage band reported by source; use as a buying-check trigger, not proof of a fault.","Any CVT fluid changes, judder or gearbox repairs?","Road-test hot/cold for judder, flare, noise and loss of drive.",1500,4000,Car Advert Check UK known-fault database,https://www.caradvertcheck.co.uk/problems/nissan/qashqai,model/generation fault evidence — confirm exact engine applicability,Medium
Nissan,Qashqai,2007,2021,Diesel,,1.5 dCi|K9K,1.5 dCi cambelt service history is critical,High,60000,80000,"Typical mileage band reported by source; use as a buying-check trigger, not proof of a fault.",When was the cambelt/water pump replaced? Invoice?,Verify belt interval against engine/handbook and documentary proof.,500,900,Car Advert Check UK known-fault database,https://www.caradvertcheck.co.uk/problems/nissan/qashqai,model/generation fault evidence — confirm exact engine applicability,Medium
Nissan,Qashqai,2014,2021,Petrol,,1.2 DIG-T|HRA2DDT,Timing-chain stretch/oil-consumption related chain lubrication risk,High,30000,80000,"Typical mileage band reported by source; use as a buying-check trigger, not proof of a fault.",Any oil consumption or timing-chain work?,Cold-start listen; check oil use and service intervals.,900,2200,Car Advert Check UK known-fault database,https://www.caradvertcheck.co.uk/problems/nissan/qashqai,model/generation fault evidence — confirm exact engine applicability,Medium
Peugeot,3008,2014,2023,Diesel,,1.5 BlueHDi|1.6 BlueHDi,AdBlue tank/pump failure requiring tank replacement,High,40000,80000,"Typical mileage band reported by source; use as a buying-check trigger, not proof of a fault.","Any AdBlue tank, pump or countdown repairs?",Check UREA/AdBlue warnings and invoices.,800,1200,Car Advert Check UK known-fault database,https://www.caradvertcheck.co.uk/problems/peugeot/3008,model/generation fault evidence — confirm exact engine applicability,Medium
Peugeot,3008,2014,2023,Diesel,,1.5 BlueHDi|DV5,Premature camshaft timing-chain stretch/snapping,High,50000,90000,"Typical mileage band reported by source; use as a buying-check trigger, not proof of a fault.",Any camshaft-chain update/replacement?,Listen for top-end ticking/rattle and verify repair history.,1500,2500,Car Advert Check UK known-fault database,https://www.caradvertcheck.co.uk/problems/peugeot/3008,model/generation fault evidence — confirm exact engine applicability,Medium
Ford,Focus,2004,2011,Diesel,,1.6 TDCi|DV6,Turbo oil-feed blockage/turbo failure risk,High,50000,100000,"Typical mileage band reported by source; use as a buying-check trigger, not proof of a fault.",Any turbo replacement and oil-feed modification/cleaning?,"Check smoke, boost, turbo noise and oil-service history.",800,1800,Car Advert Check UK known-fault database,https://www.caradvertcheck.co.uk/problems/ford/focus,model/generation fault evidence — confirm exact engine applicability,Medium
Ford,Focus,2004,2011,Diesel,,1.8 TDCi,High-pressure fuel-pump failure,High,60000,100000,"Typical mileage band reported by source; use as a buying-check trigger, not proof of a fault.",Any fuel-pump or injection-system work?,"Check cold start, cutting out, power loss and warning lights.",800,1500,Car Advert Check UK known-fault database,https://www.caradvertcheck.co.uk/problems/ford/focus,model/generation fault evidence — confirm exact engine applicability,Medium
Ford,Focus,2011,2018,,Powershift|6DCT450|automatic,,Wet-clutch Powershift transmission requires careful service-history checks,High,50000,80000,"Typical mileage band reported by source; use as a buying-check trigger, not proof of a fault.",Has Powershift fluid/filter been serviced and any clutch/mechatronic work done?,"Check judder, delayed engagement and shift quality hot/cold.",800,2500,Car Advert Check UK known-fault database,https://www.caradvertcheck.co.uk/problems/ford/focus,model/generation fault evidence — confirm exact engine applicability,Medium
Ford,Fiesta,2008,2019,,Powershift|automatic,,Dry-clutch Powershift transmission clutch/control-unit problems,High,30000,80000,"Typical mileage band reported by source; use as a buying-check trigger, not proof of a fault.","Any Powershift clutch, TCM or gearbox work?","Check shudder, hesitation, warning lights and engagement.",800,2500,Car Advert Check UK known-fault database,https://www.caradvertcheck.co.uk/problems/ford/fiesta,model/generation fault evidence — confirm exact engine applicability,Medium
Audi,A3,2003,2020,,DQ200|S-Tronic|automatic,,DQ200 S-Tronic mechatronic failure,High,30000,80000,"Typical mileage band reported by source; use as a buying-check trigger, not proof of a fault.",Any mechatronic/clutch replacement?,"Check hesitation, judder, warning lights and low-speed shifts.",1200,2200,Car Advert Check UK known-fault database,https://www.caradvertcheck.co.uk/problems/audi/a3,model/generation fault evidence — confirm exact engine applicability,Medium
Audi,A3,2003,2020,,manual,,Dual-mass flywheel/clutch premature wear,High,40000,80000,"Typical mileage band reported by source; use as a buying-check trigger, not proof of a fault.",Any clutch or DMF replacement?,Listen for rattle; check clutch bite/slip and vibration.,900,1800,Car Advert Check UK known-fault database,https://www.caradvertcheck.co.uk/problems/audi/a3,model/generation fault evidence — confirm exact engine applicability,Medium
Audi,A3,2008,2020,Petrol,,EA888|TSI|TFSI,Earlier EA888 timing-chain stretch/tensioner failure,High,45000,80000,"Typical mileage band reported by source; use as a buying-check trigger, not proof of a fault.",Any chain/tensioner replacement?,Cold-start listen for rattle and inspect service history.,1000,2200,Car Advert Check UK known-fault database,https://www.caradvertcheck.co.uk/problems/audi/a3,model/generation fault evidence — confirm exact engine applicability,Medium
Vauxhall,Corsa,2006,2014,,,,ECU failure associated with rainwater ingress,High,50000,100000,"Typical mileage band reported by source; use as a buying-check trigger, not proof of a fault.",Any ECU/water-ingress repairs?,"Check scuttle drainage, warning lights and electrical behaviour.",400,1000,Car Advert Check UK known-fault database,https://www.caradvertcheck.co.uk/problems/vauxhall/corsa,model/generation fault evidence — confirm exact engine applicability,Medium
Vauxhall,Corsa,2006,2015,,M32|manual,,M32 6-speed manual gearbox bearing failure,High,40000,90000,"Typical mileage band reported by source; use as a buying-check trigger, not proof of a fault.",Any gearbox bearing/rebuild work?,"Listen for whine, check gear-lever movement and selection.",700,1500,Car Advert Check UK known-fault database,https://www.caradvertcheck.co.uk/problems/vauxhall/corsa,model/generation fault evidence — confirm exact engine applicability,Medium
Vauxhall,Corsa,2006,2014,,,,Oil-pump failure can lead to engine damage,High,40000,80000,"Typical mileage band reported by source; use as a buying-check trigger, not proof of a fault.",Any oil-pressure warning or oil-pump work?,Cold start; listen for rattle/knock and inspect oil-pressure history.,1000,2500,Car Advert Check UK known-fault database,https://www.caradvertcheck.co.uk/problems/vauxhall/corsa,model/generation fault evidence — confirm exact engine applicability,Medium
Land Rover,Range Rover Evoque,2015,2020,Diesel,,2.0 Ingenium|TD4|SD4,Ingenium diesel engine/timing and oil-dilution history requires close scrutiny,High,4000,60000,"Typical mileage band reported by source; use as a buying-check trigger, not proof of a fault.","Any timing-chain, DPF or oil-dilution related work?",Cold start; verify oil changes and DPF/regeneration history.,1200,3500,Car Advert Check UK known-fault database,https://www.caradvertcheck.co.uk/problems/land-rover/range-rover-evoque,model/generation fault evidence — confirm exact engine applicability,Medium
Land Rover,Range Rover Evoque,2014,2020,,ZF 9HP|9-speed|automatic,,ZF 9-speed automatic shift/selection problems,High,30000,60000,"Typical mileage band reported by source; use as a buying-check trigger, not proof of a fault.","Any gearbox software, valve-body or transmission repairs?","Road-test cold/hot for harsh, delayed or incorrect shifts.",500,2500,Car Advert Check UK known-fault database,https://www.caradvertcheck.co.uk/problems/land-rover/range-rover-evoque,model/generation fault evidence — confirm exact engine applicability,Medium
Land Rover,Range Rover Evoque,2014,2019,,,,Electric power-steering rack/motor failure,High,30000,60000,"Typical mileage band reported by source; use as a buying-check trigger, not proof of a fault.",Any steering rack/motor replacement?,"Check steering warnings, assistance, noise and play.",1200,2500,Car Advert Check UK known-fault database,https://www.caradvertcheck.co.uk/problems/land-rover/range-rover-evoque,model/generation fault evidence — confirm exact engine applicability,Medium
Honda,Civic,2006,2011,Diesel,,2.2 i-CDTi,Dual-mass flywheel and clutch premature failure,High,10000,80000,"Typical mileage band reported by source; use as a buying-check trigger, not proof of a fault.",Any clutch/DMF replacement?,"Check rattle, vibration, clutch slip and bite.",900,1800,Car Advert Check UK known-fault database,https://www.caradvertcheck.co.uk/problems/honda/civic,model/generation fault evidence — confirm exact engine applicability,Medium
Honda,Civic,2012,2016,Diesel,,1.6 i-DTEC,Clutch/DMF failure reports,High,30000,90000,"Typical mileage band reported by source; use as a buying-check trigger, not proof of a fault.",Any clutch/DMF replacement?,"Check slip under load, vibration and rattle.",900,1800,Car Advert Check UK known-fault database,https://www.caradvertcheck.co.uk/problems/honda/civic,model/generation fault evidence — confirm exact engine applicability,Medium
Toyota,Yaris,2005,2011,,MMT|MultiMode|automatic,,MMT actuator/clutch failure,High,22000,112000,"Typical mileage band reported by source; use as a buying-check trigger, not proof of a fault.","Any MMT actuator, clutch or ECU work?","Check selection, warning lights and unexpected neutral.",800,1800,Car Advert Check UK known-fault database,https://www.caradvertcheck.co.uk/problems/toyota/yaris,model/generation fault evidence — confirm exact engine applicability,Medium
Toyota,Yaris,2011,2017,Diesel,,1.4 D-4D,DPF regeneration problems,High,18000,70000,"Typical mileage band reported by source; use as a buying-check trigger, not proof of a fault.","Any DPF warning, forced regeneration or replacement?",Check warning history and suitability of previous use.,400,1400,Car Advert Check UK known-fault database,https://www.caradvertcheck.co.uk/problems/toyota/yaris,model/generation fault evidence — confirm exact engine applicability,Medium
Toyota,Yaris,2009,2011,Petrol,,1.33|1NR-FE,Piston-ring failure/excessive oil consumption,High,25000,90000,"Typical mileage band reported by source; use as a buying-check trigger, not proof of a fault.",How much oil does it use between services?,"Check oil level, smoke and evidence of frequent top-ups.",1200,3000,Car Advert Check UK known-fault database,https://www.caradvertcheck.co.uk/problems/toyota/yaris,model/generation fault evidence — confirm exact engine applicability,Medium
Volkswagen,Polo,2005,2026,,,,"Cooling system, coolant-loss and overheating history",Medium,50000,,General used-car buying-check trigger; not evidence this model has a specific known defect.,"Any coolant loss, overheating, water-pump, thermostat or radiator work?",Pressure-check cooling system; inspect coolant level/condition and temperature stability.,200,1200,DG general UK buying-check framework,,general inspection risk — NOT a model-specific known fault,General
Volkswagen,Polo,2005,2026,,,,"Suspension, steering and wheel-bearing wear",Medium,50000,,General used-car buying-check trigger; not evidence this model has a specific known defect.,"Any recent arms, bushes, springs, dampers, steering or wheel-bearing work?",Road-test for knocks/play; inspect tyre wear and suspension condition.,200,1200,DG general UK buying-check framework,,general inspection risk — NOT a model-specific known fault,General
Volkswagen,Polo,2005,2026,,,,"Electrical, battery, charging and infotainment faults",Medium,40000,,General used-car buying-check trigger; not evidence this model has a specific known defect.,"Any battery drain, charging, warning-light, screen, camera or electrical faults?",Scan modules; test every electrical function and battery/charging health.,120,1500,DG general UK buying-check framework,,general inspection risk — NOT a model-specific known fault,General
Volkswagen,Polo,2005,2026,Diesel,,,Diesel emissions system: DPF/EGR/NOx/AdBlue condition,Medium,50000,,General used-car buying-check trigger; not evidence this model has a specific known defect.,"Any DPF, EGR, NOx, AdBlue, forced-regeneration or emissions repairs?","Scan for emissions faults; check smoke, warning history and regeneration behaviour.",300,1800,DG general UK buying-check framework,,general inspection risk — NOT a model-specific known fault,General
Volkswagen,Polo,2005,2026,Diesel,,,"Turbo, boost, injector and intake condition",Medium,60000,,General used-car buying-check trigger; not evidence this model has a specific known defect.,"Any turbo, injector, intercooler, boost-hose or intake repairs?","Check cold start, smoke, boost delivery, whistle and stored boost/fuelling faults.",300,2200,DG general UK buying-check framework,,general inspection risk — NOT a model-specific known fault,General
Volkswagen,Polo,2005,2026,Petrol,,,"Ignition, oil-consumption and timing-system history",Medium,50000,,General used-car buying-check trigger; not evidence this model has a specific known defect.,"Any timing-chain/belt, coil, plug, oil-consumption or low-oil-pressure work?","Cold-start listen; check oil level/history, misfires and service invoices.",150,1800,DG general UK buying-check framework,,general inspection risk — NOT a model-specific known fault,General
Volkswagen,Polo,2005,2026,Hybrid,,,"Hybrid battery, cooling and high-voltage warning history",Medium,70000,,General used-car buying-check trigger; not evidence this model has a specific known defect.,"Any hybrid battery, inverter or high-voltage repairs/health checks?","Check hybrid warnings, battery cooling intake and available health-check history.",300,3000,DG general UK buying-check framework,,general inspection risk — NOT a model-specific known fault,General
Volkswagen,Polo,2005,2026,,automatic|auto|dsg|cvt|powershift|s-tronic,,Automatic transmission shift quality and service history,Medium,50000,,General used-car buying-check trigger; not evidence this model has a specific known defect.,"Any gearbox oil/service, clutch, mechatronic, valve-body or transmission repairs?","Road-test cold/hot for judder, flare, delayed engagement and harsh shifts.",350,3000,DG general UK buying-check framework,,general inspection risk — NOT a model-specific known fault,General
Volkswagen,Polo,2005,2026,,manual,,Clutch and dual-mass flywheel condition where fitted,Medium,50000,,General used-car buying-check trigger; not evidence this model has a specific known defect.,Any clutch or dual-mass flywheel replacement?,"Check bite, slip under load, vibration/rattle and gear selection.",600,1800,DG general UK buying-check framework,,general inspection risk — NOT a model-specific known fault,General
Volkswagen,Passat,2005,2026,,,,"Cooling system, coolant-loss and overheating history",Medium,50000,,General used-car buying-check trigger; not evidence this model has a specific known defect.,"Any coolant loss, overheating, water-pump, thermostat or radiator work?",Pressure-check cooling system; inspect coolant level/condition and temperature stability.,200,1200,DG general UK buying-check framework,,general inspection risk — NOT a model-specific known fault,General
Volkswagen,Passat,2005,2026,,,,"Suspension, steering and wheel-bearing wear",Medium,50000,,General used-car buying-check trigger; not evidence this model has a specific known defect.,"Any recent arms, bushes, springs, dampers, steering or wheel-bearing work?",Road-test for knocks/play; inspect tyre wear and suspension condition.,200,1200,DG general UK buying-check framework,,general inspection risk — NOT a model-specific known fault,General
Volkswagen,Passat,2005,2026,,,,"Electrical, battery, charging and infotainment faults",Medium,40000,,General used-car buying-check trigger; not evidence this model has a specific known defect.,"Any battery drain, charging, warning-light, screen, camera or electrical faults?",Scan modules; test every electrical function and battery/charging health.,120,1500,DG general UK buying-check framework,,general inspection risk — NOT a model-specific known fault,General
Volkswagen,Passat,2005,2026,Diesel,,,Diesel emissions system: DPF/EGR/NOx/AdBlue condition,Medium,50000,,General used-car buying-check trigger; not evidence this model has a specific known defect.,"Any DPF, EGR, NOx, AdBlue, forced-regeneration or emissions repairs?","Scan for emissions faults; check smoke, warning history and regeneration behaviour.",300,1800,DG general UK buying-check framework,,general inspection risk — NOT a model-specific known fault,General
Volkswagen,Passat,2005,2026,Diesel,,,"Turbo, boost, injector and intake condition",Medium,60000,,General used-car buying-check trigger; not evidence this model has a specific known defect.,"Any turbo, injector, intercooler, boost-hose or intake repairs?","Check cold start, smoke, boost delivery, whistle and stored boost/fuelling faults.",300,2200,DG general UK buying-check framework,,general inspection risk — NOT a model-specific known fault,General
Volkswagen,Passat,2005,2026,Petrol,,,"Ignition, oil-consumption and timing-system history",Medium,50000,,General used-car buying-check trigger; not evidence this model has a specific known defect.,"Any timing-chain/belt, coil, plug, oil-consumption or low-oil-pressure work?","Cold-start listen; check oil level/history, misfires and service invoices.",150,1800,DG general UK buying-check framework,,general inspection risk — NOT a model-specific known fault,General
Volkswagen,Passat,2005,2026,Hybrid,,,"Hybrid battery, cooling and high-voltage warning history",Medium,70000,,General used-car buying-check trigger; not evidence this model has a specific known defect.,"Any hybrid battery, inverter or high-voltage repairs/health checks?","Check hybrid warnings, battery cooling intake and available health-check history.",300,3000,DG general UK buying-check framework,,general inspection risk — NOT a model-specific known fault,General
Volkswagen,Passat,2005,2026,,automatic|auto|dsg|cvt|powershift|s-tronic,,Automatic transmission shift quality and service history,Medium,50000,,General used-car buying-check trigger; not evidence this model has a specific known defect.,"Any gearbox oil/service, clutch, mechatronic, valve-body or transmission repairs?","Road-test cold/hot for judder, flare, delayed engagement and harsh shifts.",350,3000,DG general UK buying-check framework,,general inspection risk — NOT a model-specific known fault,General
Volkswagen,Passat,2005,2026,,manual,,Clutch and dual-mass flywheel condition where fitted,Medium,50000,,General used-car buying-check trigger; not evidence this model has a specific known defect.,Any clutch or dual-mass flywheel replacement?,"Check bite, slip under load, vibration/rattle and gear selection.",600,1800,DG general UK buying-check framework,,general inspection risk — NOT a model-specific known fault,General
Volkswagen,Tiguan,2005,2026,,,,"Cooling system, coolant-loss and overheating history",Medium,50000,,General used-car buying-check trigger; not evidence this model has a specific known defect.,"Any coolant loss, overheating, water-pump, thermostat or radiator work?",Pressure-check cooling system; inspect coolant level/condition and temperature stability.,200,1200,DG general UK buying-check framework,,general inspection risk — NOT a model-specific known fault,General
Volkswagen,Tiguan,2005,2026,,,,"Suspension, steering and wheel-bearing wear",Medium,50000,,General used-car buying-check trigger; not evidence this model has a specific known defect.,"Any recent arms, bushes, springs, dampers, steering or wheel-bearing work?",Road-test for knocks/play; inspect tyre wear and suspension condition.,200,1200,DG general UK buying-check framework,,general inspection risk — NOT a model-specific known fault,General
Volkswagen,Tiguan,2005,2026,,,,"Electrical, battery, charging and infotainment faults",Medium,40000,,General used-car buying-check trigger; not evidence this model has a specific known defect.,"Any battery drain, charging, warning-light, screen, camera or electrical faults?",Scan modules; test every electrical function and battery/charging health.,120,1500,DG general UK buying-check framework,,general inspection risk — NOT a model-specific known fault,General
Volkswagen,Tiguan,2005,2026,Diesel,,,Diesel emissions system: DPF/EGR/NOx/AdBlue condition,Medium,50000,,General used-car buying-check trigger; not evidence this model has a specific known defect.,"Any DPF, EGR, NOx, AdBlue, forced-regeneration or emissions repairs?","Scan for emissions faults; check smoke, warning history and regeneration behaviour.",300,1800,DG general UK buying-check framework,,general inspection risk — NOT a model-specific known fault,General
Volkswagen,Tiguan,2005,2026,Diesel,,,"Turbo, boost, injector and intake condition",Medium,60000,,General used-car buying-check trigger; not evidence this model has a specific known defect.,"Any turbo, injector, intercooler, boost-hose or intake repairs?","Check cold start, smoke, boost delivery, whistle and stored boost/fuelling faults.",300,2200,DG general UK buying-check framework,,general inspection risk — NOT a model-specific known fault,General
Volkswagen,Tiguan,2005,2026,Petrol,,,"Ignition, oil-consumption and timing-system history",Medium,50000,,General used-car buying-check trigger; not evidence this model has a specific known defect.,"Any timing-chain/belt, coil, plug, oil-consumption or low-oil-pressure work?","Cold-start listen; check oil level/history, misfires and service invoices.",150,1800,DG general UK buying-check framework,,general inspection risk — NOT a model-specific known fault,General
Volkswagen,Tiguan,2005,2026,Hybrid,,,"Hybrid battery, cooling and high-voltage warning history",Medium,70000,,General used-car buying-check trigger; not evidence this model has a specific known defect.,"Any hybrid battery, inverter or high-voltage repairs/health checks?","Check hybrid warnings, battery cooling intake and available health-check history.",300,3000,DG general UK buying-check framework,,general inspection risk — NOT a model-specific known fault,General
Volkswagen,Tiguan,2005,2026,,automatic|auto|dsg|cvt|powershift|s-tronic,,Automatic transmission shift quality and service history,Medium,50000,,General used-car buying-check trigger; not evidence this model has a specific known defect.,"Any gearbox oil/service, clutch, mechatronic, valve-body or transmission repairs?","Road-test cold/hot for judder, flare, delayed engagement and harsh shifts.",350,3000,DG general UK buying-check framework,,general inspection risk — NOT a model-specific known fault,General
Volkswagen,Tiguan,2005,2026,,manual,,Clutch and dual-mass flywheel condition where fitted,Medium,50000,,General used-car buying-check trigger; not evidence this model has a specific known defect.,Any clutch or dual-mass flywheel replacement?,"Check bite, slip under load, vibration/rattle and gear selection.",600,1800,DG general UK buying-check framework,,general inspection risk — NOT a model-specific known fault,General
Volkswagen,T-Roc,2005,2026,,,,"Cooling system, coolant-loss and overheating history",Medium,50000,,General used-car buying-check trigger; not evidence this model has a specific known defect.,"Any coolant loss, overheating, water-pump, thermostat or radiator work?",Pressure-check cooling system; inspect coolant level/condition and temperature stability.,200,1200,DG general UK buying-check framework,,general inspection risk — NOT a model-specific known fault,General
Volkswagen,T-Roc,2005,2026,,,,"Suspension, steering and wheel-bearing wear",Medium,50000,,General used-car buying-check trigger; not evidence this model has a specific known defect.,"Any recent arms, bushes, springs, dampers, steering or wheel-bearing work?",Road-test for knocks/play; inspect tyre wear and suspension condition.,200,1200,DG general UK buying-check framework,,general inspection risk — NOT a model-specific known fault,General
Volkswagen,T-Roc,2005,2026,,,,"Electrical, battery, charging and infotainment faults",Medium,40000,,General used-car buying-check trigger; not evidence this model has a specific known defect.,"Any battery drain, charging, warning-light, screen, camera or electrical faults?",Scan modules; test every electrical function and battery/charging health.,120,1500,DG general UK buying-check framework,,general inspection risk — NOT a model-specific known fault,General
Volkswagen,T-Roc,2005,2026,Diesel,,,Diesel emissions system: DPF/EGR/NOx/AdBlue condition,Medium,50000,,General used-car buying-check trigger; not evidence this model has a specific known defect.,"Any DPF, EGR, NOx, AdBlue, forced-regeneration or emissions repairs?","Scan for emissions faults; check smoke, warning history and regeneration behaviour.",300,1800,DG general UK buying-check framework,,general inspection risk — NOT a model-specific known fault,General
Volkswagen,T-Roc,2005,2026,Diesel,,,"Turbo, boost, injector and intake condition",Medium,60000,,General used-car buying-check trigger; not evidence this model has a specific known defect.,"Any turbo, injector, intercooler, boost-hose or intake repairs?","Check cold start, smoke, boost delivery, whistle and stored boost/fuelling faults.",300,2200,DG general UK buying-check framework,,general inspection risk — NOT a model-specific known fault,General
Volkswagen,T-Roc,2005,2026,Petrol,,,"Ignition, oil-consumption and timing-system history",Medium,50000,,General used-car buying-check trigger; not evidence this model has a specific known defect.,"Any timing-chain/belt, coil, plug, oil-consumption or low-oil-pressure work?","Cold-start listen; check oil level/history, misfires and service invoices.",150,1800,DG general UK buying-check framework,,general inspection risk — NOT a model-specific known fault,General
Volkswagen,T-Roc,2005,2026,Hybrid,,,"Hybrid battery, cooling and high-voltage warning history",Medium,70000,,General used-car buying-check trigger; not evidence this model has a specific known defect.,"Any hybrid battery, inverter or high-voltage repairs/health checks?","Check hybrid warnings, battery cooling intake and available health-check history.",300,3000,DG general UK buying-check framework,,general inspection risk — NOT a model-specific known fault,General
Volkswagen,T-Roc,2005,2026,,automatic|auto|dsg|cvt|powershift|s-tronic,,Automatic transmission shift quality and service history,Medium,50000,,General used-car buying-check trigger; not evidence this model has a specific known defect.,"Any gearbox oil/service, clutch, mechatronic, valve-body or transmission repairs?","Road-test cold/hot for judder, flare, delayed engagement and harsh shifts.",350,3000,DG general UK buying-check framework,,general inspection risk — NOT a model-specific known fault,General
Volkswagen,T-Roc,2005,2026,,manual,,Clutch and dual-mass flywheel condition where fitted,Medium,50000,,General used-car buying-check trigger; not evidence this model has a specific known defect.,Any clutch or dual-mass flywheel replacement?,"Check bite, slip under load, vibration/rattle and gear selection.",600,1800,DG general UK buying-check framework,,general inspection risk — NOT a model-specific known fault,General
Volkswagen,Touran,2005,2026,,,,"Cooling system, coolant-loss and overheating history",Medium,50000,,General used-car buying-check trigger; not evidence this model has a specific known defect.,"Any coolant loss, overheating, water-pump, thermostat or radiator work?",Pressure-check cooling system; inspect coolant level/condition and temperature stability.,200,1200,DG general UK buying-check framework,,general inspection risk — NOT a model-specific known fault,General
Volkswagen,Touran,2005,2026,,,,"Suspension, steering and wheel-bearing wear",Medium,50000,,General used-car buying-check trigger; not evidence this model has a specific known defect.,"Any recent arms, bushes, springs, dampers, steering or wheel-bearing work?",Road-test for knocks/play; inspect tyre wear and suspension condition.,200,1200,DG general UK buying-check framework,,general inspection risk — NOT a model-specific known fault,General
Volkswagen,Touran,2005,2026,,,,"Electrical, battery, charging and infotainment faults",Medium,40000,,General used-car buying-check trigger; not evidence this model has a specific known defect.,"Any battery drain, charging, warning-light, screen, camera or electrical faults?",Scan modules; test every electrical function and battery/charging health.,120,1500,DG general UK buying-check framework,,general inspection risk — NOT a model-specific known fault,General
Volkswagen,Touran,2005,2026,Diesel,,,Diesel emissions system: DPF/EGR/NOx/AdBlue condition,Medium,50000,,General used-car buying-check trigger; not evidence this model has a specific known defect.,"Any DPF, EGR, NOx, AdBlue, forced-regeneration or emissions repairs?","Scan for emissions faults; check smoke, warning history and regeneration behaviour.",300,1800,DG general UK buying-check framework,,general inspection risk — NOT a model-specific known fault,General
Volkswagen,Touran,2005,2026,Diesel,,,"Turbo, boost, injector and intake condition",Medium,60000,,General used-car buying-check trigger; not evidence this model has a specific known defect.,"Any turbo, injector, intercooler, boost-hose or intake repairs?","Check cold start, smoke, boost delivery, whistle and stored boost/fuelling faults.",300,2200,DG general UK buying-check framework,,general inspection risk — NOT a model-specific known fault,General
Volkswagen,Touran,2005,2026,Petrol,,,"Ignition, oil-consumption and timing-system history",Medium,50000,,General used-car buying-check trigger; not evidence this model has a specific known defect.,"Any timing-chain/belt, coil, plug, oil-consumption or low-oil-pressure work?","Cold-start listen; check oil level/history, misfires and service invoices.",150,1800,DG general UK buying-check framework,,general inspection risk — NOT a model-specific known fault,General
Volkswagen,Touran,2005,2026,Hybrid,,,"Hybrid battery, cooling and high-voltage warning history",Medium,70000,,General used-car buying-check trigger; not evidence this model has a specific known defect.,"Any hybrid battery, inverter or high-voltage repairs/health checks?","Check hybrid warnings, battery cooling intake and available health-check history.",300,3000,DG general UK buying-check framework,,general inspection risk — NOT a model-specific known fault,General
Volkswagen,Touran,2005,2026,,automatic|auto|dsg|cvt|powershift|s-tronic,,Automatic transmission shift quality and service history,Medium,50000,,General used-car buying-check trigger; not evidence this model has a specific known defect.,"Any gearbox oil/service, clutch, mechatronic, valve-body or transmission repairs?","Road-test cold/hot for judder, flare, delayed engagement and harsh shifts.",350,3000,DG general UK buying-check framework,,general inspection risk — NOT a model-specific known fault,General
Volkswagen,Touran,2005,2026,,manual,,Clutch and dual-mass flywheel condition where fitted,Medium,50000,,General used-car buying-check trigger; not evidence this model has a specific known defect.,Any clutch or dual-mass flywheel replacement?,"Check bite, slip under load, vibration/rattle and gear selection.",600,1800,DG general UK buying-check framework,,general inspection risk — NOT a model-specific known fault,General
Volkswagen,Up,2005,2026,,,,"Cooling system, coolant-loss and overheating history",Medium,50000,,General used-car buying-check trigger; not evidence this model has a specific known defect.,"Any coolant loss, overheating, water-pump, thermostat or radiator work?",Pressure-check cooling system; inspect coolant level/condition and temperature stability.,200,1200,DG general UK buying-check framework,,general inspection risk — NOT a model-specific known fault,General
Volkswagen,Up,2005,2026,,,,"Suspension, steering and wheel-bearing wear",Medium,50000,,General used-car buying-check trigger; not evidence this model has a specific known defect.,"Any recent arms, bushes, springs, dampers, steering or wheel-bearing work?",Road-test for knocks/play; inspect tyre wear and suspension condition.,200,1200,DG general UK buying-check framework,,general inspection risk — NOT a model-specific known fault,General
Volkswagen,Up,2005,2026,,,,"Electrical, battery, charging and infotainment faults",Medium,40000,,General used-car buying-check trigger; not evidence this model has a specific known defect.,"Any battery drain, charging, warning-light, screen, camera or electrical faults?",Scan modules; test every electrical function and battery/charging health.,120,1500,DG general UK buying-check framework,,general inspection risk — NOT a model-specific known fault,General
Volkswagen,Up,2005,2026,Diesel,,,Diesel emissions system: DPF/EGR/NOx/AdBlue condition,Medium,50000,,General used-car buying-check trigger; not evidence this model has a specific known defect.,"Any DPF, EGR, NOx, AdBlue, forced-regeneration or emissions repairs?","Scan for emissions faults; check smoke, warning history and regeneration behaviour.",300,1800,DG general UK buying-check framework,,general inspection risk — NOT a model-specific known fault,General
Volkswagen,Up,2005,2026,Diesel,,,"Turbo, boost, injector and intake condition",Medium,60000,,General used-car buying-check trigger; not evidence this model has a specific known defect.,"Any turbo, injector, intercooler, boost-hose or intake repairs?","Check cold start, smoke, boost delivery, whistle and stored boost/fuelling faults.",300,2200,DG general UK buying-check framework,,general inspection risk — NOT a model-specific known fault,General
Volkswagen,Up,2005,2026,Petrol,,,"Ignition, oil-consumption and timing-system history",Medium,50000,,General used-car buying-check trigger; not evidence this model has a specific known defect.,"Any timing-chain/belt, coil, plug, oil-consumption or low-oil-pressure work?","Cold-start listen; check oil level/history, misfires and service invoices.",150,1800,DG general UK buying-check framework,,general inspection risk — NOT a model-specific known fault,General
Volkswagen,Up,2005,2026,Hybrid,,,"Hybrid battery, cooling and high-voltage warning history",Medium,70000,,General used-car buying-check trigger; not evidence this model has a specific known defect.,"Any hybrid battery, inverter or high-voltage repairs/health checks?","Check hybrid warnings, battery cooling intake and available health-check history.",300,3000,DG general UK buying-check framework,,general inspection risk — NOT a model-specific known fault,General
Volkswagen,Up,2005,2026,,automatic|auto|dsg|cvt|powershift|s-tronic,,Automatic transmission shift quality and service history,Medium,50000,,General used-car buying-check trigger; not evidence this model has a specific known defect.,"Any gearbox oil/service, clutch, mechatronic, valve-body or transmission repairs?","Road-test cold/hot for judder, flare, delayed engagement and harsh shifts.",350,3000,DG general UK buying-check framework,,general inspection risk — NOT a model-specific known fault,General
Volkswagen,Up,2005,2026,,manual,,Clutch and dual-mass flywheel condition where fitted,Medium,50000,,General used-car buying-check trigger; not evidence this model has a specific known defect.,Any clutch or dual-mass flywheel replacement?,"Check bite, slip under load, vibration/rattle and gear selection.",600,1800,DG general UK buying-check framework,,general inspection risk — NOT a model-specific known fault,General
Audi,A1,2005,2026,,,,"Cooling system, coolant-loss and overheating history",Medium,50000,,General used-car buying-check trigger; not evidence this model has a specific known defect.,"Any coolant loss, overheating, water-pump, thermostat or radiator work?",Pressure-check cooling system; inspect coolant level/condition and temperature stability.,200,1200,DG general UK buying-check framework,,general inspection risk — NOT a model-specific known fault,General
Audi,A1,2005,2026,,,,"Suspension, steering and wheel-bearing wear",Medium,50000,,General used-car buying-check trigger; not evidence this model has a specific known defect.,"Any recent arms, bushes, springs, dampers, steering or wheel-bearing work?",Road-test for knocks/play; inspect tyre wear and suspension condition.,200,1200,DG general UK buying-check framework,,general inspection risk — NOT a model-specific known fault,General
Audi,A1,2005,2026,,,,"Electrical, battery, charging and infotainment faults",Medium,40000,,General used-car buying-check trigger; not evidence this model has a specific known defect.,"Any battery drain, charging, warning-light, screen, camera or electrical faults?",Scan modules; test every electrical function and battery/charging health.,120,1500,DG general UK buying-check framework,,general inspection risk — NOT a model-specific known fault,General
Audi,A1,2005,2026,Diesel,,,Diesel emissions system: DPF/EGR/NOx/AdBlue condition,Medium,50000,,General used-car buying-check trigger; not evidence this model has a specific known defect.,"Any DPF, EGR, NOx, AdBlue, forced-regeneration or emissions repairs?","Scan for emissions faults; check smoke, warning history and regeneration behaviour.",300,1800,DG general UK buying-check framework,,general inspection risk — NOT a model-specific known fault,General
Audi,A1,2005,2026,Diesel,,,"Turbo, boost, injector and intake condition",Medium,60000,,General used-car buying-check trigger; not evidence this model has a specific known defect.,"Any turbo, injector, intercooler, boost-hose or intake repairs?","Check cold start, smoke, boost delivery, whistle and stored boost/fuelling faults.",300,2200,DG general UK buying-check framework,,general inspection risk — NOT a model-specific known fault,General
Audi,A1,2005,2026,Petrol,,,"Ignition, oil-consumption and timing-system history",Medium,50000,,General used-car buying-check trigger; not evidence this model has a specific known defect.,"Any timing-chain/belt, coil, plug, oil-consumption or low-oil-pressure work?","Cold-start listen; check oil level/history, misfires and service invoices.",150,1800,DG general UK buying-check framework,,general inspection risk — NOT a model-specific known fault,General
Audi,A1,2005,2026,Hybrid,,,"Hybrid battery, cooling and high-voltage warning history",Medium,70000,,General used-car buying-check trigger; not evidence this model has a specific known defect.,"Any hybrid battery, inverter or high-voltage repairs/health checks?","Check hybrid warnings, battery cooling intake and available health-check history.",300,3000,DG general UK buying-check framework,,general inspection risk — NOT a model-specific known fault,General
Audi,A1,2005,2026,,automatic|auto|dsg|cvt|powershift|s-tronic,,Automatic transmission shift quality and service history,Medium,50000,,General used-car buying-check trigger; not evidence this model has a specific known defect.,"Any gearbox oil/service, clutch, mechatronic, valve-body or transmission repairs?","Road-test cold/hot for judder, flare, delayed engagement and harsh shifts.",350,3000,DG general UK buying-check framework,,general inspection risk — NOT a model-specific known fault,General
Audi,A1,2005,2026,,manual,,Clutch and dual-mass flywheel condition where fitted,Medium,50000,,General used-car buying-check trigger; not evidence this model has a specific known defect.,Any clutch or dual-mass flywheel replacement?,"Check bite, slip under load, vibration/rattle and gear selection.",600,1800,DG general UK buying-check framework,,general inspection risk — NOT a model-specific known fault,General
Audi,A4,2005,2026,,,,"Cooling system, coolant-loss and overheating history",Medium,50000,,General used-car buying-check trigger; not evidence this model has a specific known defect.,"Any coolant loss, overheating, water-pump, thermostat or radiator work?",Pressure-check cooling system; inspect coolant level/condition and temperature stability.,200,1200,DG general UK buying-check framework,,general inspection risk — NOT a model-specific known fault,General
Audi,A4,2005,2026,,,,"Suspension, steering and wheel-bearing wear",Medium,50000,,General used-car buying-check trigger; not evidence this model has a specific known defect.,"Any recent arms, bushes, springs, dampers, steering or wheel-bearing work?",Road-test for knocks/play; inspect tyre wear and suspension condition.,200,1200,DG general UK buying-check framework,,general inspection risk — NOT a model-specific known fault,General
Audi,A4,2005,2026,,,,"Electrical, battery, charging and infotainment faults",Medium,40000,,General used-car buying-check trigger; not evidence this model has a specific known defect.,"Any battery drain, charging, warning-light, screen, camera or electrical faults?",Scan modules; test every electrical function and battery/charging health.,120,1500,DG general UK buying-check framework,,general inspection risk — NOT a model-specific known fault,General
Audi,A4,2005,2026,Diesel,,,Diesel emissions system: DPF/EGR/NOx/AdBlue condition,Medium,50000,,General used-car buying-check trigger; not evidence this model has a specific known defect.,"Any DPF, EGR, NOx, AdBlue, forced-regeneration or emissions repairs?","Scan for emissions faults; check smoke, warning history and regeneration behaviour.",300,1800,DG general UK buying-check framework,,general inspection risk — NOT a model-specific known fault,General
Audi,A4,2005,2026,Diesel,,,"Turbo, boost, injector and intake condition",Medium,60000,,General used-car buying-check trigger; not evidence this model has a specific known defect.,"Any turbo, injector, intercooler, boost-hose or intake repairs?","Check cold start, smoke, boost delivery, whistle and stored boost/fuelling faults.",300,2200,DG general UK buying-check framework,,general inspection risk — NOT a model-specific known fault,General
Audi,A4,2005,2026,Petrol,,,"Ignition, oil-consumption and timing-system history",Medium,50000,,General used-car buying-check trigger; not evidence this model has a specific known defect.,"Any timing-chain/belt, coil, plug, oil-consumption or low-oil-pressure work?","Cold-start listen; check oil level/history, misfires and service invoices.",150,1800,DG general UK buying-check framework,,general inspection risk — NOT a model-specific known fault,General
Audi,A4,2005,2026,Hybrid,,,"Hybrid battery, cooling and high-voltage warning history",Medium,70000,,General used-car buying-check trigger; not evidence this model has a specific known defect.,"Any hybrid battery, inverter or high-voltage repairs/health checks?","Check hybrid warnings, battery cooling intake and available health-check history.",300,3000,DG general UK buying-check framework,,general inspection risk — NOT a model-specific known fault,General
Audi,A4,2005,2026,,automatic|auto|dsg|cvt|powershift|s-tronic,,Automatic transmission shift quality and service history,Medium,50000,,General used-car buying-check trigger; not evidence this model has a specific known defect.,"Any gearbox oil/service, clutch, mechatronic, valve-body or transmission repairs?","Road-test cold/hot for judder, flare, delayed engagement and harsh shifts.",350,3000,DG general UK buying-check framework,,general inspection risk — NOT a model-specific known fault,General
Audi,A4,2005,2026,,manual,,Clutch and dual-mass flywheel condition where fitted,Medium,50000,,General used-car buying-check trigger; not evidence this model has a specific known defect.,Any clutch or dual-mass flywheel replacement?,"Check bite, slip under load, vibration/rattle and gear selection.",600,1800,DG general UK buying-check framework,,general inspection risk — NOT a model-specific known fault,General
Audi,A5,2005,2026,,,,"Cooling system, coolant-loss and overheating history",Medium,50000,,General used-car buying-check trigger; not evidence this model has a specific known defect.,"Any coolant loss, overheating, water-pump, thermostat or radiator work?",Pressure-check cooling system; inspect coolant level/condition and temperature stability.,200,1200,DG general UK buying-check framework,,general inspection risk — NOT a model-specific known fault,General
Audi,A5,2005,2026,,,,"Suspension, steering and wheel-bearing wear",Medium,50000,,General used-car buying-check trigger; not evidence this model has a specific known defect.,"Any recent arms, bushes, springs, dampers, steering or wheel-bearing work?",Road-test for knocks/play; inspect tyre wear and suspension condition.,200,1200,DG general UK buying-check framework,,general inspection risk — NOT a model-specific known fault,General
Audi,A5,2005,2026,,,,"Electrical, battery, charging and infotainment faults",Medium,40000,,General used-car buying-check trigger; not evidence this model has a specific known defect.,"Any battery drain, charging, warning-light, screen, camera or electrical faults?",Scan modules; test every electrical function and battery/charging health.,120,1500,DG general UK buying-check framework,,general inspection risk — NOT a model-specific known fault,General
Audi,A5,2005,2026,Diesel,,,Diesel emissions system: DPF/EGR/NOx/AdBlue condition,Medium,50000,,General used-car buying-check trigger; not evidence this model has a specific known defect.,"Any DPF, EGR, NOx, AdBlue, forced-regeneration or emissions repairs?","Scan for emissions faults; check smoke, warning history and regeneration behaviour.",300,1800,DG general UK buying-check framework,,general inspection risk — NOT a model-specific known fault,General
Audi,A5,2005,2026,Diesel,,,"Turbo, boost, injector and intake condition",Medium,60000,,General used-car buying-check trigger; not evidence this model has a specific known defect.,"Any turbo, injector, intercooler, boost-hose or intake repairs?","Check cold start, smoke, boost delivery, whistle and stored boost/fuelling faults.",300,2200,DG general UK buying-check framework,,general inspection risk — NOT a model-specific known fault,General
Audi,A5,2005,2026,Petrol,,,"Ignition, oil-consumption and timing-system history",Medium,50000,,General used-car buying-check trigger; not evidence this model has a specific known defect.,"Any timing-chain/belt, coil, plug, oil-consumption or low-oil-pressure work?","Cold-start listen; check oil level/history, misfires and service invoices.",150,1800,DG general UK buying-check framework,,general inspection risk — NOT a model-specific known fault,General
Audi,A5,2005,2026,Hybrid,,,"Hybrid battery, cooling and high-voltage warning history",Medium,70000,,General used-car buying-check trigger; not evidence this model has a specific known defect.,"Any hybrid battery, inverter or high-voltage repairs/health checks?","Check hybrid warnings, battery cooling intake and available health-check history.",300,3000,DG general UK buying-check framework,,general inspection risk — NOT a model-specific known fault,General
Audi,A5,2005,2026,,automatic|auto|dsg|cvt|powershift|s-tronic,,Automatic transmission shift quality and service history,Medium,50000,,General used-car buying-check trigger; not evidence this model has a specific known defect.,"Any gearbox oil/service, clutch, mechatronic, valve-body or transmission repairs?","Road-test cold/hot for judder, flare, delayed engagement and harsh shifts.",350,3000,DG general UK buying-check framework,,general inspection risk — NOT a model-specific known fault,General
Audi,A5,2005,2026,,manual,,Clutch and dual-mass flywheel condition where fitted,Medium,50000,,General used-car buying-check trigger; not evidence this model has a specific known defect.,Any clutch or dual-mass flywheel replacement?,"Check bite, slip under load, vibration/rattle and gear selection.",600,1800,DG general UK buying-check framework,,general inspection risk — NOT a model-specific known fault,General
Audi,A6,2005,2026,,,,"Cooling system, coolant-loss and overheating history",Medium,50000,,General used-car buying-check trigger; not evidence this model has a specific known defect.,"Any coolant loss, overheating, water-pump, thermostat or radiator work?",Pressure-check cooling system; inspect coolant level/condition and temperature stability.,200,1200,DG general UK buying-check framework,,general inspection risk — NOT a model-specific known fault,General
Audi,A6,2005,2026,,,,"Suspension, steering and wheel-bearing wear",Medium,50000,,General used-car buying-check trigger; not evidence this model has a specific known defect.,"Any recent arms, bushes, springs, dampers, steering or wheel-bearing work?",Road-test for knocks/play; inspect tyre wear and suspension condition.,200,1200,DG general UK buying-check framework,,general inspection risk — NOT a model-specific known fault,General
Audi,A6,2005,2026,,,,"Electrical, battery, charging and infotainment faults",Medium,40000,,General used-car buying-check trigger; not evidence this model has a specific known defect.,"Any battery drain, charging, warning-light, screen, camera or electrical faults?",Scan modules; test every electrical function and battery/charging health.,120,1500,DG general UK buying-check framework,,general inspection risk — NOT a model-specific known fault,General
Audi,A6,2005,2026,Diesel,,,Diesel emissions system: DPF/EGR/NOx/AdBlue condition,Medium,50000,,General used-car buying-check trigger; not evidence this model has a specific known defect.,"Any DPF, EGR, NOx, AdBlue, forced-regeneration or emissions repairs?","Scan for emissions faults; check smoke, warning history and regeneration behaviour.",300,1800,DG general UK buying-check framework,,general inspection risk — NOT a model-specific known fault,General
Audi,A6,2005,2026,Diesel,,,"Turbo, boost, injector and intake condition",Medium,60000,,General used-car buying-check trigger; not evidence this model has a specific known defect.,"Any turbo, injector, intercooler, boost-hose or intake repairs?","Check cold start, smoke, boost delivery, whistle and stored boost/fuelling faults.",300,2200,DG general UK buying-check framework,,general inspection risk — NOT a model-specific known fault,General
Audi,A6,2005,2026,Petrol,,,"Ignition, oil-consumption and timing-system history",Medium,50000,,General used-car buying-check trigger; not evidence this model has a specific known defect.,"Any timing-chain/belt, coil, plug, oil-consumption or low-oil-pressure work?","Cold-start listen; check oil level/history, misfires and service invoices.",150,1800,DG general UK buying-check framework,,general inspection risk — NOT a model-specific known fault,General
Audi,A6,2005,2026,Hybrid,,,"Hybrid battery, cooling and high-voltage warning history",Medium,70000,,General used-car buying-check trigger; not evidence this model has a specific known defect.,"Any hybrid battery, inverter or high-voltage repairs/health checks?","Check hybrid warnings, battery cooling intake and available health-check history.",300,3000,DG general UK buying-check framework,,general inspection risk — NOT a model-specific known fault,General
Audi,A6,2005,2026,,automatic|auto|dsg|cvt|powershift|s-tronic,,Automatic transmission shift quality and service history,Medium,50000,,General used-car buying-check trigger; not evidence this model has a specific known defect.,"Any gearbox oil/service, clutch, mechatronic, valve-body or transmission repairs?","Road-test cold/hot for judder, flare, delayed engagement and harsh shifts.",350,3000,DG general UK buying-check framework,,general inspection risk — NOT a model-specific known fault,General
Audi,A6,2005,2026,,manual,,Clutch and dual-mass flywheel condition where fitted,Medium,50000,,General used-car buying-check trigger; not evidence this model has a specific known defect.,Any clutch or dual-mass flywheel replacement?,"Check bite, slip under load, vibration/rattle and gear selection.",600,1800,DG general UK buying-check framework,,general inspection risk — NOT a model-specific known fault,General
Audi,Q2,2005,2026,,,,"Cooling system, coolant-loss and overheating history",Medium,50000,,General used-car buying-check trigger; not evidence this model has a specific known defect.,"Any coolant loss, overheating, water-pump, thermostat or radiator work?",Pressure-check cooling system; inspect coolant level/condition and temperature stability.,200,1200,DG general UK buying-check framework,,general inspection risk — NOT a model-specific known fault,General
Audi,Q2,2005,2026,,,,"Suspension, steering and wheel-bearing wear",Medium,50000,,General used-car buying-check trigger; not evidence this model has a specific known defect.,"Any recent arms, bushes, springs, dampers, steering or wheel-bearing work?",Road-test for knocks/play; inspect tyre wear and suspension condition.,200,1200,DG general UK buying-check framework,,general inspection risk — NOT a model-specific known fault,General
Audi,Q2,2005,2026,,,,"Electrical, battery, charging and infotainment faults",Medium,40000,,General used-car buying-check trigger; not evidence this model has a specific known defect.,"Any battery drain, charging, warning-light, screen, camera or electrical faults?",Scan modules; test every electrical function and battery/charging health.,120,1500,DG general UK buying-check framework,,general inspection risk — NOT a model-specific known fault,General
Audi,Q2,2005,2026,Diesel,,,Diesel emissions system: DPF/EGR/NOx/AdBlue condition,Medium,50000,,General used-car buying-check trigger; not evidence this model has a specific known defect.,"Any DPF, EGR, NOx, AdBlue, forced-regeneration or emissions repairs?","Scan for emissions faults; check smoke, warning history and regeneration behaviour.",300,1800,DG general UK buying-check framework,,general inspection risk — NOT a model-specific known fault,General
Audi,Q2,2005,2026,Diesel,,,"Turbo, boost, injector and intake condition",Medium,60000,,General used-car buying-check trigger; not evidence this model has a specific known defect.,"Any turbo, injector, intercooler, boost-hose or intake repairs?","Check cold start, smoke, boost delivery, whistle and stored boost/fuelling faults.",300,2200,DG general UK buying-check framework,,general inspection risk — NOT a model-specific known fault,General
Audi,Q2,2005,2026,Petrol,,,"Ignition, oil-consumption and timing-system history",Medium,50000,,General used-car buying-check trigger; not evidence this model has a specific known defect.,"Any timing-chain/belt, coil, plug, oil-consumption or low-oil-pressure work?","Cold-start listen; check oil level/history, misfires and service invoices.",150,1800,DG general UK buying-check framework,,general inspection risk — NOT a model-specific known fault,General
Audi,Q2,2005,2026,Hybrid,,,"Hybrid battery, cooling and high-voltage warning history",Medium,70000,,General used-car buying-check trigger; not evidence this model has a specific known defect.,"Any hybrid battery, inverter or high-voltage repairs/health checks?","Check hybrid warnings, battery cooling intake and available health-check history.",300,3000,DG general UK buying-check framework,,general inspection risk — NOT a model-specific known fault,General
Audi,Q2,2005,2026,,automatic|auto|dsg|cvt|powershift|s-tronic,,Automatic transmission shift quality and service history,Medium,50000,,General used-car buying-check trigger; not evidence this model has a specific known defect.,"Any gearbox oil/service, clutch, mechatronic, valve-body or transmission repairs?","Road-test cold/hot for judder, flare, delayed engagement and harsh shifts.",350,3000,DG general UK buying-check framework,,general inspection risk — NOT a model-specific known fault,General
Audi,Q2,2005,2026,,manual,,Clutch and dual-mass flywheel condition where fitted,Medium,50000,,General used-car buying-check trigger; not evidence this model has a specific known defect.,Any clutch or dual-mass flywheel replacement?,"Check bite, slip under load, vibration/rattle and gear selection.",600,1800,DG general UK buying-check framework,,general inspection risk — NOT a model-specific known fault,General
Audi,Q3,2005,2026,,,,"Cooling system, coolant-loss and overheating history",Medium,50000,,General used-car buying-check trigger; not evidence this model has a specific known defect.,"Any coolant loss, overheating, water-pump, thermostat or radiator work?",Pressure-check cooling system; inspect coolant level/condition and temperature stability.,200,1200,DG general UK buying-check framework,,general inspection risk — NOT a model-specific known fault,General
Audi,Q3,2005,2026,,,,"Suspension, steering and wheel-bearing wear",Medium,50000,,General used-car buying-check trigger; not evidence this model has a specific known defect.,"Any recent arms, bushes, springs, dampers, steering or wheel-bearing work?",Road-test for knocks/play; inspect tyre wear and suspension condition.,200,1200,DG general UK buying-check framework,,general inspection risk — NOT a model-specific known fault,General
Audi,Q3,2005,2026,,,,"Electrical, battery, charging and infotainment faults",Medium,40000,,General used-car buying-check trigger; not evidence this model has a specific known defect.,"Any battery drain, charging, warning-light, screen, camera or electrical faults?",Scan modules; test every electrical function and battery/charging health.,120,1500,DG general UK buying-check framework,,general inspection risk — NOT a model-specific known fault,General
Audi,Q3,2005,2026,Diesel,,,Diesel emissions system: DPF/EGR/NOx/AdBlue condition,Medium,50000,,General used-car buying-check trigger; not evidence this model has a specific known defect.,"Any DPF, EGR, NOx, AdBlue, forced-regeneration or emissions repairs?","Scan for emissions faults; check smoke, warning history and regeneration behaviour.",300,1800,DG general UK buying-check framework,,general inspection risk — NOT a model-specific known fault,General
Audi,Q3,2005,2026,Diesel,,,"Turbo, boost, injector and intake condition",Medium,60000,,General used-car buying-check trigger; not evidence this model has a specific known defect.,"Any turbo, injector, intercooler, boost-hose or intake repairs?","Check cold start, smoke, boost delivery, whistle and stored boost/fuelling faults.",300,2200,DG general UK buying-check framework,,general inspection risk — NOT a model-specific known fault,General
Audi,Q3,2005,2026,Petrol,,,"Ignition, oil-consumption and timing-system history",Medium,50000,,General used-car buying-check trigger; not evidence this model has a specific known defect.,"Any timing-chain/belt, coil, plug, oil-consumption or low-oil-pressure work?","Cold-start listen; check oil level/history, misfires and service invoices.",150,1800,DG general UK buying-check framework,,general inspection risk — NOT a model-specific known fault,General
Audi,Q3,2005,2026,Hybrid,,,"Hybrid battery, cooling and high-voltage warning history",Medium,70000,,General used-car buying-check trigger; not evidence this model has a specific known defect.,"Any hybrid battery, inverter or high-voltage repairs/health checks?","Check hybrid warnings, battery cooling intake and available health-check history.",300,3000,DG general UK buying-check framework,,general inspection risk — NOT a model-specific known fault,General
Audi,Q3,2005,2026,,automatic|auto|dsg|cvt|powershift|s-tronic,,Automatic transmission shift quality and service history,Medium,50000,,General used-car buying-check trigger; not evidence this model has a specific known defect.,"Any gearbox oil/service, clutch, mechatronic, valve-body or transmission repairs?","Road-test cold/hot for judder, flare, delayed engagement and harsh shifts.",350,3000,DG general UK buying-check framework,,general inspection risk — NOT a model-specific known fault,General
Audi,Q3,2005,2026,,manual,,Clutch and dual-mass flywheel condition where fitted,Medium,50000,,General used-car buying-check trigger; not evidence this model has a specific known defect.,Any clutch or dual-mass flywheel replacement?,"Check bite, slip under load, vibration/rattle and gear selection.",600,1800,DG general UK buying-check framework,,general inspection risk — NOT a model-specific known fault,General
Audi,Q5,2005,2026,,,,"Cooling system, coolant-loss and overheating history",Medium,50000,,General used-car buying-check trigger; not evidence this model has a specific known defect.,"Any coolant loss, overheating, water-pump, thermostat or radiator work?",Pressure-check cooling system; inspect coolant level/condition and temperature stability.,200,1200,DG general UK buying-check framework,,general inspection risk — NOT a model-specific known fault,General
Audi,Q5,2005,2026,,,,"Suspension, steering and wheel-bearing wear",Medium,50000,,General used-car buying-check trigger; not evidence this model has a specific known defect.,"Any recent arms, bushes, springs, dampers, steering or wheel-bearing work?",Road-test for knocks/play; inspect tyre wear and suspension condition.,200,1200,DG general UK buying-check framework,,general inspection risk — NOT a model-specific known fault,General
Audi,Q5,2005,2026,,,,"Electrical, battery, charging and infotainment faults",Medium,40000,,General used-car buying-check trigger; not evidence this model has a specific known defect.,"Any battery drain, charging, warning-light, screen, camera or electrical faults?",Scan modules; test every electrical function and battery/charging health.,120,1500,DG general UK buying-check framework,,general inspection risk — NOT a model-specific known fault,General
Audi,Q5,2005,2026,Diesel,,,Diesel emissions system: DPF/EGR/NOx/AdBlue condition,Medium,50000,,General used-car buying-check trigger; not evidence this model has a specific known defect.,"Any DPF, EGR, NOx, AdBlue, forced-regeneration or emissions repairs?","Scan for emissions faults; check smoke, warning history and regeneration behaviour.",300,1800,DG general UK buying-check framework,,general inspection risk — NOT a model-specific known fault,General
Audi,Q5,2005,2026,Diesel,,,"Turbo, boost, injector and intake condition",Medium,60000,,General used-car buying-check trigger; not evidence this model has a specific known defect.,"Any turbo, injector, intercooler, boost-hose or intake repairs?","Check cold start, smoke, boost delivery, whistle and stored boost/fuelling faults.",300,2200,DG general UK buying-check framework,,general inspection risk — NOT a model-specific known fault,General
Audi,Q5,2005,2026,Petrol,,,"Ignition, oil-consumption and timing-system history",Medium,50000,,General used-car buying-check trigger; not evidence this model has a specific known defect.,"Any timing-chain/belt, coil, plug, oil-consumption or low-oil-pressure work?","Cold-start listen; check oil level/history, misfires and service invoices.",150,1800,DG general UK buying-check framework,,general inspection risk — NOT a model-specific known fault,General
Audi,Q5,2005,2026,Hybrid,,,"Hybrid battery, cooling and high-voltage warning history",Medium,70000,,General used-car buying-check trigger; not evidence this model has a specific known defect.,"Any hybrid battery, inverter or high-voltage repairs/health checks?","Check hybrid warnings, battery cooling intake and available health-check history.",300,3000,DG general UK buying-check framework,,general inspection risk — NOT a model-specific known fault,General
Audi,Q5,2005,2026,,automatic|auto|dsg|cvt|powershift|s-tronic,,Automatic transmission shift quality and service history,Medium,50000,,General used-car buying-check trigger; not evidence this model has a specific known defect.,"Any gearbox oil/service, clutch, mechatronic, valve-body or transmission repairs?","Road-test cold/hot for judder, flare, delayed engagement and harsh shifts.",350,3000,DG general UK buying-check framework,,general inspection risk — NOT a model-specific known fault,General
Audi,Q5,2005,2026,,manual,,Clutch and dual-mass flywheel condition where fitted,Medium,50000,,General used-car buying-check trigger; not evidence this model has a specific known defect.,Any clutch or dual-mass flywheel replacement?,"Check bite, slip under load, vibration/rattle and gear selection.",600,1800,DG general UK buying-check framework,,general inspection risk — NOT a model-specific known fault,General
BMW,1 Series,2005,2026,,,,"Cooling system, coolant-loss and overheating history",Medium,50000,,General used-car buying-check trigger; not evidence this model has a specific known defect.,"Any coolant loss, overheating, water-pump, thermostat or radiator work?",Pressure-check cooling system; inspect coolant level/condition and temperature stability.,200,1200,DG general UK buying-check framework,,general inspection risk — NOT a model-specific known fault,General
BMW,1 Series,2005,2026,,,,"Suspension, steering and wheel-bearing wear",Medium,50000,,General used-car buying-check trigger; not evidence this model has a specific known defect.,"Any recent arms, bushes, springs, dampers, steering or wheel-bearing work?",Road-test for knocks/play; inspect tyre wear and suspension condition.,200,1200,DG general UK buying-check framework,,general inspection risk — NOT a model-specific known fault,General
BMW,1 Series,2005,2026,,,,"Electrical, battery, charging and infotainment faults",Medium,40000,,General used-car buying-check trigger; not evidence this model has a specific known defect.,"Any battery drain, charging, warning-light, screen, camera or electrical faults?",Scan modules; test every electrical function and battery/charging health.,120,1500,DG general UK buying-check framework,,general inspection risk — NOT a model-specific known fault,General
BMW,1 Series,2005,2026,Diesel,,,Diesel emissions system: DPF/EGR/NOx/AdBlue condition,Medium,50000,,General used-car buying-check trigger; not evidence this model has a specific known defect.,"Any DPF, EGR, NOx, AdBlue, forced-regeneration or emissions repairs?","Scan for emissions faults; check smoke, warning history and regeneration behaviour.",300,1800,DG general UK buying-check framework,,general inspection risk — NOT a model-specific known fault,General
BMW,1 Series,2005,2026,Diesel,,,"Turbo, boost, injector and intake condition",Medium,60000,,General used-car buying-check trigger; not evidence this model has a specific known defect.,"Any turbo, injector, intercooler, boost-hose or intake repairs?","Check cold start, smoke, boost delivery, whistle and stored boost/fuelling faults.",300,2200,DG general UK buying-check framework,,general inspection risk — NOT a model-specific known fault,General
BMW,1 Series,2005,2026,Petrol,,,"Ignition, oil-consumption and timing-system history",Medium,50000,,General used-car buying-check trigger; not evidence this model has a specific known defect.,"Any timing-chain/belt, coil, plug, oil-consumption or low-oil-pressure work?","Cold-start listen; check oil level/history, misfires and service invoices.",150,1800,DG general UK buying-check framework,,general inspection risk — NOT a model-specific known fault,General
BMW,1 Series,2005,2026,Hybrid,,,"Hybrid battery, cooling and high-voltage warning history",Medium,70000,,General used-car buying-check trigger; not evidence this model has a specific known defect.,"Any hybrid battery, inverter or high-voltage repairs/health checks?","Check hybrid warnings, battery cooling intake and available health-check history.",300,3000,DG general UK buying-check framework,,general inspection risk — NOT a model-specific known fault,General
BMW,1 Series,2005,2026,,automatic|auto|dsg|cvt|powershift|s-tronic,,Automatic transmission shift quality and service history,Medium,50000,,General used-car buying-check trigger; not evidence this model has a specific known defect.,"Any gearbox oil/service, clutch, mechatronic, valve-body or transmission repairs?","Road-test cold/hot for judder, flare, delayed engagement and harsh shifts.",350,3000,DG general UK buying-check framework,,general inspection risk — NOT a model-specific known fault,General
BMW,1 Series,2005,2026,,manual,,Clutch and dual-mass flywheel condition where fitted,Medium,50000,,General used-car buying-check trigger; not evidence this model has a specific known defect.,Any clutch or dual-mass flywheel replacement?,"Check bite, slip under load, vibration/rattle and gear selection.",600,1800,DG general UK buying-check framework,,general inspection risk — NOT a model-specific known fault,General
BMW,2 Series,2005,2026,,,,"Cooling system, coolant-loss and overheating history",Medium,50000,,General used-car buying-check trigger; not evidence this model has a specific known defect.,"Any coolant loss, overheating, water-pump, thermostat or radiator work?",Pressure-check cooling system; inspect coolant level/condition and temperature stability.,200,1200,DG general UK buying-check framework,,general inspection risk — NOT a model-specific known fault,General
BMW,2 Series,2005,2026,,,,"Suspension, steering and wheel-bearing wear",Medium,50000,,General used-car buying-check trigger; not evidence this model has a specific known defect.,"Any recent arms, bushes, springs, dampers, steering or wheel-bearing work?",Road-test for knocks/play; inspect tyre wear and suspension condition.,200,1200,DG general UK buying-check framework,,general inspection risk — NOT a model-specific known fault,General
BMW,2 Series,2005,2026,,,,"Electrical, battery, charging and infotainment faults",Medium,40000,,General used-car buying-check trigger; not evidence this model has a specific known defect.,"Any battery drain, charging, warning-light, screen, camera or electrical faults?",Scan modules; test every electrical function and battery/charging health.,120,1500,DG general UK buying-check framework,,general inspection risk — NOT a model-specific known fault,General
BMW,2 Series,2005,2026,Diesel,,,Diesel emissions system: DPF/EGR/NOx/AdBlue condition,Medium,50000,,General used-car buying-check trigger; not evidence this model has a specific known defect.,"Any DPF, EGR, NOx, AdBlue, forced-regeneration or emissions repairs?","Scan for emissions faults; check smoke, warning history and regeneration behaviour.",300,1800,DG general UK buying-check framework,,general inspection risk — NOT a model-specific known fault,General
BMW,2 Series,2005,2026,Diesel,,,"Turbo, boost, injector and intake condition",Medium,60000,,General used-car buying-check trigger; not evidence this model has a specific known defect.,"Any turbo, injector, intercooler, boost-hose or intake repairs?","Check cold start, smoke, boost delivery, whistle and stored boost/fuelling faults.",300,2200,DG general UK buying-check framework,,general inspection risk — NOT a model-specific known fault,General
BMW,2 Series,2005,2026,Petrol,,,"Ignition, oil-consumption and timing-system history",Medium,50000,,General used-car buying-check trigger; not evidence this model has a specific known defect.,"Any timing-chain/belt, coil, plug, oil-consumption or low-oil-pressure work?","Cold-start listen; check oil level/history, misfires and service invoices.",150,1800,DG general UK buying-check framework,,general inspection risk — NOT a model-specific known fault,General
BMW,2 Series,2005,2026,Hybrid,,,"Hybrid battery, cooling and high-voltage warning history",Medium,70000,,General used-car buying-check trigger; not evidence this model has a specific known defect.,"Any hybrid battery, inverter or high-voltage repairs/health checks?","Check hybrid warnings, battery cooling intake and available health-check history.",300,3000,DG general UK buying-check framework,,general inspection risk — NOT a model-specific known fault,General
BMW,2 Series,2005,2026,,automatic|auto|dsg|cvt|powershift|s-tronic,,Automatic transmission shift quality and service history,Medium,50000,,General used-car buying-check trigger; not evidence this model has a specific known defect.,"Any gearbox oil/service, clutch, mechatronic, valve-body or transmission repairs?","Road-test cold/hot for judder, flare, delayed engagement and harsh shifts.",350,3000,DG general UK buying-check framework,,general inspection risk — NOT a model-specific known fault,General
BMW,2 Series,2005,2026,,manual,,Clutch and dual-mass flywheel condition where fitted,Medium,50000,,General used-car buying-check trigger; not evidence this model has a specific known defect.,Any clutch or dual-mass flywheel replacement?,"Check bite, slip under load, vibration/rattle and gear selection.",600,1800,DG general UK buying-check framework,,general inspection risk — NOT a model-specific known fault,General
BMW,4 Series,2005,2026,,,,"Cooling system, coolant-loss and overheating history",Medium,50000,,General used-car buying-check trigger; not evidence this model has a specific known defect.,"Any coolant loss, overheating, water-pump, thermostat or radiator work?",Pressure-check cooling system; inspect coolant level/condition and temperature stability.,200,1200,DG general UK buying-check framework,,general inspection risk — NOT a model-specific known fault,General
BMW,4 Series,2005,2026,,,,"Suspension, steering and wheel-bearing wear",Medium,50000,,General used-car buying-check trigger; not evidence this model has a specific known defect.,"Any recent arms, bushes, springs, dampers, steering or wheel-bearing work?",Road-test for knocks/play; inspect tyre wear and suspension condition.,200,1200,DG general UK buying-check framework,,general inspection risk — NOT a model-specific known fault,General
BMW,4 Series,2005,2026,,,,"Electrical, battery, charging and infotainment faults",Medium,40000,,General used-car buying-check trigger; not evidence this model has a specific known defect.,"Any battery drain, charging, warning-light, screen, camera or electrical faults?",Scan modules; test every electrical function and battery/charging health.,120,1500,DG general UK buying-check framework,,general inspection risk — NOT a model-specific known fault,General
BMW,4 Series,2005,2026,Diesel,,,Diesel emissions system: DPF/EGR/NOx/AdBlue condition,Medium,50000,,General used-car buying-check trigger; not evidence this model has a specific known defect.,"Any DPF, EGR, NOx, AdBlue, forced-regeneration or emissions repairs?","Scan for emissions faults; check smoke, warning history and regeneration behaviour.",300,1800,DG general UK buying-check framework,,general inspection risk — NOT a model-specific known fault,General
BMW,4 Series,2005,2026,Diesel,,,"Turbo, boost, injector and intake condition",Medium,60000,,General used-car buying-check trigger; not evidence this model has a specific known defect.,"Any turbo, injector, intercooler, boost-hose or intake repairs?","Check cold start, smoke, boost delivery, whistle and stored boost/fuelling faults.",300,2200,DG general UK buying-check framework,,general inspection risk — NOT a model-specific known fault,General
BMW,4 Series,2005,2026,Petrol,,,"Ignition, oil-consumption and timing-system history",Medium,50000,,General used-car buying-check trigger; not evidence this model has a specific known defect.,"Any timing-chain/belt, coil, plug, oil-consumption or low-oil-pressure work?","Cold-start listen; check oil level/history, misfires and service invoices.",150,1800,DG general UK buying-check framework,,general inspection risk — NOT a model-specific known fault,General
BMW,4 Series,2005,2026,Hybrid,,,"Hybrid battery, cooling and high-voltage warning history",Medium,70000,,General used-car buying-check trigger; not evidence this model has a specific known defect.,"Any hybrid battery, inverter or high-voltage repairs/health checks?","Check hybrid warnings, battery cooling intake and available health-check history.",300,3000,DG general UK buying-check framework,,general inspection risk — NOT a model-specific known fault,General
BMW,4 Series,2005,2026,,automatic|auto|dsg|cvt|powershift|s-tronic,,Automatic transmission shift quality and service history,Medium,50000,,General used-car buying-check trigger; not evidence this model has a specific known defect.,"Any gearbox oil/service, clutch, mechatronic, valve-body or transmission repairs?","Road-test cold/hot for judder, flare, delayed engagement and harsh shifts.",350,3000,DG general UK buying-check framework,,general inspection risk — NOT a model-specific known fault,General
BMW,4 Series,2005,2026,,manual,,Clutch and dual-mass flywheel condition where fitted,Medium,50000,,General used-car buying-check trigger; not evidence this model has a specific known defect.,Any clutch or dual-mass flywheel replacement?,"Check bite, slip under load, vibration/rattle and gear selection.",600,1800,DG general UK buying-check framework,,general inspection risk — NOT a model-specific known fault,General
BMW,5 Series,2005,2026,,,,"Cooling system, coolant-loss and overheating history",Medium,50000,,General used-car buying-check trigger; not evidence this model has a specific known defect.,"Any coolant loss, overheating, water-pump, thermostat or radiator work?",Pressure-check cooling system; inspect coolant level/condition and temperature stability.,200,1200,DG general UK buying-check framework,,general inspection risk — NOT a model-specific known fault,General
BMW,5 Series,2005,2026,,,,"Suspension, steering and wheel-bearing wear",Medium,50000,,General used-car buying-check trigger; not evidence this model has a specific known defect.,"Any recent arms, bushes, springs, dampers, steering or wheel-bearing work?",Road-test for knocks/play; inspect tyre wear and suspension condition.,200,1200,DG general UK buying-check framework,,general inspection risk — NOT a model-specific known fault,General
BMW,5 Series,2005,2026,,,,"Electrical, battery, charging and infotainment faults",Medium,40000,,General used-car buying-check trigger; not evidence this model has a specific known defect.,"Any battery drain, charging, warning-light, screen, camera or electrical faults?",Scan modules; test every electrical function and battery/charging health.,120,1500,DG general UK buying-check framework,,general inspection risk — NOT a model-specific known fault,General
BMW,5 Series,2005,2026,Diesel,,,Diesel emissions system: DPF/EGR/NOx/AdBlue condition,Medium,50000,,General used-car buying-check trigger; not evidence this model has a specific known defect.,"Any DPF, EGR, NOx, AdBlue, forced-regeneration or emissions repairs?","Scan for emissions faults; check smoke, warning history and regeneration behaviour.",300,1800,DG general UK buying-check framework,,general inspection risk — NOT a model-specific known fault,General
BMW,5 Series,2005,2026,Diesel,,,"Turbo, boost, injector and intake condition",Medium,60000,,General used-car buying-check trigger; not evidence this model has a specific known defect.,"Any turbo, injector, intercooler, boost-hose or intake repairs?","Check cold start, smoke, boost delivery, whistle and stored boost/fuelling faults.",300,2200,DG general UK buying-check framework,,general inspection risk — NOT a model-specific known fault,General
BMW,5 Series,2005,2026,Petrol,,,"Ignition, oil-consumption and timing-system history",Medium,50000,,General used-car buying-check trigger; not evidence this model has a specific known defect.,"Any timing-chain/belt, coil, plug, oil-consumption or low-oil-pressure work?","Cold-start listen; check oil level/history, misfires and service invoices.",150,1800,DG general UK buying-check framework,,general inspection risk — NOT a model-specific known fault,General
BMW,5 Series,2005,2026,Hybrid,,,"Hybrid battery, cooling and high-voltage warning history",Medium,70000,,General used-car buying-check trigger; not evidence this model has a specific known defect.,"Any hybrid battery, inverter or high-voltage repairs/health checks?","Check hybrid warnings, battery cooling intake and available health-check history.",300,3000,DG general UK buying-check framework,,general inspection risk — NOT a model-specific known fault,General
BMW,5 Series,2005,2026,,automatic|auto|dsg|cvt|powershift|s-tronic,,Automatic transmission shift quality and service history,Medium,50000,,General used-car buying-check trigger; not evidence this model has a specific known defect.,"Any gearbox oil/service, clutch, mechatronic, valve-body or transmission repairs?","Road-test cold/hot for judder, flare, delayed engagement and harsh shifts.",350,3000,DG general UK buying-check framework,,general inspection risk — NOT a model-specific known fault,General
BMW,5 Series,2005,2026,,manual,,Clutch and dual-mass flywheel condition where fitted,Medium,50000,,General used-car buying-check trigger; not evidence this model has a specific known defect.,Any clutch or dual-mass flywheel replacement?,"Check bite, slip under load, vibration/rattle and gear selection.",600,1800,DG general UK buying-check framework,,general inspection risk — NOT a model-specific known fault,General
BMW,X1,2005,2026,,,,"Cooling system, coolant-loss and overheating history",Medium,50000,,General used-car buying-check trigger; not evidence this model has a specific known defect.,"Any coolant loss, overheating, water-pump, thermostat or radiator work?",Pressure-check cooling system; inspect coolant level/condition and temperature stability.,200,1200,DG general UK buying-check framework,,general inspection risk — NOT a model-specific known fault,General
BMW,X1,2005,2026,,,,"Suspension, steering and wheel-bearing wear",Medium,50000,,General used-car buying-check trigger; not evidence this model has a specific known defect.,"Any recent arms, bushes, springs, dampers, steering or wheel-bearing work?",Road-test for knocks/play; inspect tyre wear and suspension condition.,200,1200,DG general UK buying-check framework,,general inspection risk — NOT a model-specific known fault,General
BMW,X1,2005,2026,,,,"Electrical, battery, charging and infotainment faults",Medium,40000,,General used-car buying-check trigger; not evidence this model has a specific known defect.,"Any battery drain, charging, warning-light, screen, camera or electrical faults?",Scan modules; test every electrical function and battery/charging health.,120,1500,DG general UK buying-check framework,,general inspection risk — NOT a model-specific known fault,General
BMW,X1,2005,2026,Diesel,,,Diesel emissions system: DPF/EGR/NOx/AdBlue condition,Medium,50000,,General used-car buying-check trigger; not evidence this model has a specific known defect.,"Any DPF, EGR, NOx, AdBlue, forced-regeneration or emissions repairs?","Scan for emissions faults; check smoke, warning history and regeneration behaviour.",300,1800,DG general UK buying-check framework,,general inspection risk — NOT a model-specific known fault,General
BMW,X1,2005,2026,Diesel,,,"Turbo, boost, injector and intake condition",Medium,60000,,General used-car buying-check trigger; not evidence this model has a specific known defect.,"Any turbo, injector, intercooler, boost-hose or intake repairs?","Check cold start, smoke, boost delivery, whistle and stored boost/fuelling faults.",300,2200,DG general UK buying-check framework,,general inspection risk — NOT a model-specific known fault,General
BMW,X1,2005,2026,Petrol,,,"Ignition, oil-consumption and timing-system history",Medium,50000,,General used-car buying-check trigger; not evidence this model has a specific known defect.,"Any timing-chain/belt, coil, plug, oil-consumption or low-oil-pressure work?","Cold-start listen; check oil level/history, misfires and service invoices.",150,1800,DG general UK buying-check framework,,general inspection risk — NOT a model-specific known fault,General
BMW,X1,2005,2026,Hybrid,,,"Hybrid battery, cooling and high-voltage warning history",Medium,70000,,General used-car buying-check trigger; not evidence this model has a specific known defect.,"Any hybrid battery, inverter or high-voltage repairs/health checks?","Check hybrid warnings, battery cooling intake and available health-check history.",300,3000,DG general UK buying-check framework,,general inspection risk — NOT a model-specific known fault,General
BMW,X1,2005,2026,,automatic|auto|dsg|cvt|powershift|s-tronic,,Automatic transmission shift quality and service history,Medium,50000,,General used-car buying-check trigger; not evidence this model has a specific known defect.,"Any gearbox oil/service, clutch, mechatronic, valve-body or transmission repairs?","Road-test cold/hot for judder, flare, delayed engagement and harsh shifts.",350,3000,DG general UK buying-check framework,,general inspection risk — NOT a model-specific known fault,General
BMW,X1,2005,2026,,manual,,Clutch and dual-mass flywheel condition where fitted,Medium,50000,,General used-car buying-check trigger; not evidence this model has a specific known defect.,Any clutch or dual-mass flywheel replacement?,"Check bite, slip under load, vibration/rattle and gear selection.",600,1800,DG general UK buying-check framework,,general inspection risk — NOT a model-specific known fault,General
BMW,X3,2005,2026,,,,"Cooling system, coolant-loss and overheating history",Medium,50000,,General used-car buying-check trigger; not evidence this model has a specific known defect.,"Any coolant loss, overheating, water-pump, thermostat or radiator work?",Pressure-check cooling system; inspect coolant level/condition and temperature stability.,200,1200,DG general UK buying-check framework,,general inspection risk — NOT a model-specific known fault,General
BMW,X3,2005,2026,,,,"Suspension, steering and wheel-bearing wear",Medium,50000,,General used-car buying-check trigger; not evidence this model has a specific known defect.,"Any recent arms, bushes, springs, dampers, steering or wheel-bearing work?",Road-test for knocks/play; inspect tyre wear and suspension condition.,200,1200,DG general UK buying-check framework,,general inspection risk — NOT a model-specific known fault,General
BMW,X3,2005,2026,,,,"Electrical, battery, charging and infotainment faults",Medium,40000,,General used-car buying-check trigger; not evidence this model has a specific known defect.,"Any battery drain, charging, warning-light, screen, camera or electrical faults?",Scan modules; test every electrical function and battery/charging health.,120,1500,DG general UK buying-check framework,,general inspection risk — NOT a model-specific known fault,General
BMW,X3,2005,2026,Diesel,,,Diesel emissions system: DPF/EGR/NOx/AdBlue condition,Medium,50000,,General used-car buying-check trigger; not evidence this model has a specific known defect.,"Any DPF, EGR, NOx, AdBlue, forced-regeneration or emissions repairs?","Scan for emissions faults; check smoke, warning history and regeneration behaviour.",300,1800,DG general UK buying-check framework,,general inspection risk — NOT a model-specific known fault,General
BMW,X3,2005,2026,Diesel,,,"Turbo, boost, injector and intake condition",Medium,60000,,General used-car buying-check trigger; not evidence this model has a specific known defect.,"Any turbo, injector, intercooler, boost-hose or intake repairs?","Check cold start, smoke, boost delivery, whistle and stored boost/fuelling faults.",300,2200,DG general UK buying-check framework,,general inspection risk — NOT a model-specific known fault,General
BMW,X3,2005,2026,Petrol,,,"Ignition, oil-consumption and timing-system history",Medium,50000,,General used-car buying-check trigger; not evidence this model has a specific known defect.,"Any timing-chain/belt, coil, plug, oil-consumption or low-oil-pressure work?","Cold-start listen; check oil level/history, misfires and service invoices.",150,1800,DG general UK buying-check framework,,general inspection risk — NOT a model-specific known fault,General
BMW,X3,2005,2026,Hybrid,,,"Hybrid battery, cooling and high-voltage warning history",Medium,70000,,General used-car buying-check trigger; not evidence this model has a specific known defect.,"Any hybrid battery, inverter or high-voltage repairs/health checks?","Check hybrid warnings, battery cooling intake and available health-check history.",300,3000,DG general UK buying-check framework,,general inspection risk — NOT a model-specific known fault,General
BMW,X3,2005,2026,,automatic|auto|dsg|cvt|powershift|s-tronic,,Automatic transmission shift quality and service history,Medium,50000,,General used-car buying-check trigger; not evidence this model has a specific known defect.,"Any gearbox oil/service, clutch, mechatronic, valve-body or transmission repairs?","Road-test cold/hot for judder, flare, delayed engagement and harsh shifts.",350,3000,DG general UK buying-check framework,,general inspection risk — NOT a model-specific known fault,General
BMW,X3,2005,2026,,manual,,Clutch and dual-mass flywheel condition where fitted,Medium,50000,,General used-car buying-check trigger; not evidence this model has a specific known defect.,Any clutch or dual-mass flywheel replacement?,"Check bite, slip under load, vibration/rattle and gear selection.",600,1800,DG general UK buying-check framework,,general inspection risk — NOT a model-specific known fault,General
BMW,X5,2005,2026,,,,"Cooling system, coolant-loss and overheating history",Medium,50000,,General used-car buying-check trigger; not evidence this model has a specific known defect.,"Any coolant loss, overheating, water-pump, thermostat or radiator work?",Pressure-check cooling system; inspect coolant level/condition and temperature stability.,200,1200,DG general UK buying-check framework,,general inspection risk — NOT a model-specific known fault,General
BMW,X5,2005,2026,,,,"Suspension, steering and wheel-bearing wear",Medium,50000,,General used-car buying-check trigger; not evidence this model has a specific known defect.,"Any recent arms, bushes, springs, dampers, steering or wheel-bearing work?",Road-test for knocks/play; inspect tyre wear and suspension condition.,200,1200,DG general UK buying-check framework,,general inspection risk — NOT a model-specific known fault,General
BMW,X5,2005,2026,,,,"Electrical, battery, charging and infotainment faults",Medium,40000,,General used-car buying-check trigger; not evidence this model has a specific known defect.,"Any battery drain, charging, warning-light, screen, camera or electrical faults?",Scan modules; test every electrical function and battery/charging health.,120,1500,DG general UK buying-check framework,,general inspection risk — NOT a model-specific known fault,General
BMW,X5,2005,2026,Diesel,,,Diesel emissions system: DPF/EGR/NOx/AdBlue condition,Medium,50000,,General used-car buying-check trigger; not evidence this model has a specific known defect.,"Any DPF, EGR, NOx, AdBlue, forced-regeneration or emissions repairs?","Scan for emissions faults; check smoke, warning history and regeneration behaviour.",300,1800,DG general UK buying-check framework,,general inspection risk — NOT a model-specific known fault,General
BMW,X5,2005,2026,Diesel,,,"Turbo, boost, injector and intake condition",Medium,60000,,General used-car buying-check trigger; not evidence this model has a specific known defect.,"Any turbo, injector, intercooler, boost-hose or intake repairs?","Check cold start, smoke, boost delivery, whistle and stored boost/fuelling faults.",300,2200,DG general UK buying-check framework,,general inspection risk — NOT a model-specific known fault,General
BMW,X5,2005,2026,Petrol,,,"Ignition, oil-consumption and timing-system history",Medium,50000,,General used-car buying-check trigger; not evidence this model has a specific known defect.,"Any timing-chain/belt, coil, plug, oil-consumption or low-oil-pressure work?","Cold-start listen; check oil level/history, misfires and service invoices.",150,1800,DG general UK buying-check framework,,general inspection risk — NOT a model-specific known fault,General
BMW,X5,2005,2026,Hybrid,,,"Hybrid battery, cooling and high-voltage warning history",Medium,70000,,General used-car buying-check trigger; not evidence this model has a specific known defect.,"Any hybrid battery, inverter or high-voltage repairs/health checks?","Check hybrid warnings, battery cooling intake and available health-check history.",300,3000,DG general UK buying-check framework,,general inspection risk — NOT a model-specific known fault,General
BMW,X5,2005,2026,,automatic|auto|dsg|cvt|powershift|s-tronic,,Automatic transmission shift quality and service history,Medium,50000,,General used-car buying-check trigger; not evidence this model has a specific known defect.,"Any gearbox oil/service, clutch, mechatronic, valve-body or transmission repairs?","Road-test cold/hot for judder, flare, delayed engagement and harsh shifts.",350,3000,DG general UK buying-check framework,,general inspection risk — NOT a model-specific known fault,General
BMW,X5,2005,2026,,manual,,Clutch and dual-mass flywheel condition where fitted,Medium,50000,,General used-car buying-check trigger; not evidence this model has a specific known defect.,Any clutch or dual-mass flywheel replacement?,"Check bite, slip under load, vibration/rattle and gear selection.",600,1800,DG general UK buying-check framework,,general inspection risk — NOT a model-specific known fault,General
Mercedes-Benz,A-Class,2005,2026,,,,"Cooling system, coolant-loss and overheating history",Medium,50000,,General used-car buying-check trigger; not evidence this model has a specific known defect.,"Any coolant loss, overheating, water-pump, thermostat or radiator work?",Pressure-check cooling system; inspect coolant level/condition and temperature stability.,200,1200,DG general UK buying-check framework,,general inspection risk — NOT a model-specific known fault,General
Mercedes-Benz,A-Class,2005,2026,,,,"Suspension, steering and wheel-bearing wear",Medium,50000,,General used-car buying-check trigger; not evidence this model has a specific known defect.,"Any recent arms, bushes, springs, dampers, steering or wheel-bearing work?",Road-test for knocks/play; inspect tyre wear and suspension condition.,200,1200,DG general UK buying-check framework,,general inspection risk — NOT a model-specific known fault,General
Mercedes-Benz,A-Class,2005,2026,,,,"Electrical, battery, charging and infotainment faults",Medium,40000,,General used-car buying-check trigger; not evidence this model has a specific known defect.,"Any battery drain, charging, warning-light, screen, camera or electrical faults?",Scan modules; test every electrical function and battery/charging health.,120,1500,DG general UK buying-check framework,,general inspection risk — NOT a model-specific known fault,General
Mercedes-Benz,A-Class,2005,2026,Diesel,,,Diesel emissions system: DPF/EGR/NOx/AdBlue condition,Medium,50000,,General used-car buying-check trigger; not evidence this model has a specific known defect.,"Any DPF, EGR, NOx, AdBlue, forced-regeneration or emissions repairs?","Scan for emissions faults; check smoke, warning history and regeneration behaviour.",300,1800,DG general UK buying-check framework,,general inspection risk — NOT a model-specific known fault,General
Mercedes-Benz,A-Class,2005,2026,Diesel,,,"Turbo, boost, injector and intake condition",Medium,60000,,General used-car buying-check trigger; not evidence this model has a specific known defect.,"Any turbo, injector, intercooler, boost-hose or intake repairs?","Check cold start, smoke, boost delivery, whistle and stored boost/fuelling faults.",300,2200,DG general UK buying-check framework,,general inspection risk — NOT a model-specific known fault,General
Mercedes-Benz,A-Class,2005,2026,Petrol,,,"Ignition, oil-consumption and timing-system history",Medium,50000,,General used-car buying-check trigger; not evidence this model has a specific known defect.,"Any timing-chain/belt, coil, plug, oil-consumption or low-oil-pressure work?","Cold-start listen; check oil level/history, misfires and service invoices.",150,1800,DG general UK buying-check framework,,general inspection risk — NOT a model-specific known fault,General
Mercedes-Benz,A-Class,2005,2026,Hybrid,,,"Hybrid battery, cooling and high-voltage warning history",Medium,70000,,General used-car buying-check trigger; not evidence this model has a specific known defect.,"Any hybrid battery, inverter or high-voltage repairs/health checks?","Check hybrid warnings, battery cooling intake and available health-check history.",300,3000,DG general UK buying-check framework,,general inspection risk — NOT a model-specific known fault,General
Mercedes-Benz,A-Class,2005,2026,,automatic|auto|dsg|cvt|powershift|s-tronic,,Automatic transmission shift quality and service history,Medium,50000,,General used-car buying-check trigger; not evidence this model has a specific known defect.,"Any gearbox oil/service, clutch, mechatronic, valve-body or transmission repairs?","Road-test cold/hot for judder, flare, delayed engagement and harsh shifts.",350,3000,DG general UK buying-check framework,,general inspection risk — NOT a model-specific known fault,General
Mercedes-Benz,A-Class,2005,2026,,manual,,Clutch and dual-mass flywheel condition where fitted,Medium,50000,,General used-car buying-check trigger; not evidence this model has a specific known defect.,Any clutch or dual-mass flywheel replacement?,"Check bite, slip under load, vibration/rattle and gear selection.",600,1800,DG general UK buying-check framework,,general inspection risk — NOT a model-specific known fault,General
Mercedes-Benz,B-Class,2005,2026,,,,"Cooling system, coolant-loss and overheating history",Medium,50000,,General used-car buying-check trigger; not evidence this model has a specific known defect.,"Any coolant loss, overheating, water-pump, thermostat or radiator work?",Pressure-check cooling system; inspect coolant level/condition and temperature stability.,200,1200,DG general UK buying-check framework,,general inspection risk — NOT a model-specific known fault,General
Mercedes-Benz,B-Class,2005,2026,,,,"Suspension, steering and wheel-bearing wear",Medium,50000,,General used-car buying-check trigger; not evidence this model has a specific known defect.,"Any recent arms, bushes, springs, dampers, steering or wheel-bearing work?",Road-test for knocks/play; inspect tyre wear and suspension condition.,200,1200,DG general UK buying-check framework,,general inspection risk — NOT a model-specific known fault,General
Mercedes-Benz,B-Class,2005,2026,,,,"Electrical, battery, charging and infotainment faults",Medium,40000,,General used-car buying-check trigger; not evidence this model has a specific known defect.,"Any battery drain, charging, warning-light, screen, camera or electrical faults?",Scan modules; test every electrical function and battery/charging health.,120,1500,DG general UK buying-check framework,,general inspection risk — NOT a model-specific known fault,General
Mercedes-Benz,B-Class,2005,2026,Diesel,,,Diesel emissions system: DPF/EGR/NOx/AdBlue condition,Medium,50000,,General used-car buying-check trigger; not evidence this model has a specific known defect.,"Any DPF, EGR, NOx, AdBlue, forced-regeneration or emissions repairs?","Scan for emissions faults; check smoke, warning history and regeneration behaviour.",300,1800,DG general UK buying-check framework,,general inspection risk — NOT a model-specific known fault,General
Mercedes-Benz,B-Class,2005,2026,Diesel,,,"Turbo, boost, injector and intake condition",Medium,60000,,General used-car buying-check trigger; not evidence this model has a specific known defect.,"Any turbo, injector, intercooler, boost-hose or intake repairs?","Check cold start, smoke, boost delivery, whistle and stored boost/fuelling faults.",300,2200,DG general UK buying-check framework,,general inspection risk — NOT a model-specific known fault,General
Mercedes-Benz,B-Class,2005,2026,Petrol,,,"Ignition, oil-consumption and timing-system history",Medium,50000,,General used-car buying-check trigger; not evidence this model has a specific known defect.,"Any timing-chain/belt, coil, plug, oil-consumption or low-oil-pressure work?","Cold-start listen; check oil level/history, misfires and service invoices.",150,1800,DG general UK buying-check framework,,general inspection risk — NOT a model-specific known fault,General
Mercedes-Benz,B-Class,2005,2026,Hybrid,,,"Hybrid battery, cooling and high-voltage warning history",Medium,70000,,General used-car buying-check trigger; not evidence this model has a specific known defect.,"Any hybrid battery, inverter or high-voltage repairs/health checks?","Check hybrid warnings, battery cooling intake and available health-check history.",300,3000,DG general UK buying-check framework,,general inspection risk — NOT a model-specific known fault,General
Mercedes-Benz,B-Class,2005,2026,,automatic|auto|dsg|cvt|powershift|s-tronic,,Automatic transmission shift quality and service history,Medium,50000,,General used-car buying-check trigger; not evidence this model has a specific known defect.,"Any gearbox oil/service, clutch, mechatronic, valve-body or transmission repairs?","Road-test cold/hot for judder, flare, delayed engagement and harsh shifts.",350,3000,DG general UK buying-check framework,,general inspection risk — NOT a model-specific known fault,General
Mercedes-Benz,B-Class,2005,2026,,manual,,Clutch and dual-mass flywheel condition where fitted,Medium,50000,,General used-car buying-check trigger; not evidence this model has a specific known defect.,Any clutch or dual-mass flywheel replacement?,"Check bite, slip under load, vibration/rattle and gear selection.",600,1800,DG general UK buying-check framework,,general inspection risk — NOT a model-specific known fault,General
Mercedes-Benz,C-Class,2005,2026,,,,"Cooling system, coolant-loss and overheating history",Medium,50000,,General used-car buying-check trigger; not evidence this model has a specific known defect.,"Any coolant loss, overheating, water-pump, thermostat or radiator work?",Pressure-check cooling system; inspect coolant level/condition and temperature stability.,200,1200,DG general UK buying-check framework,,general inspection risk — NOT a model-specific known fault,General
Mercedes-Benz,C-Class,2005,2026,,,,"Suspension, steering and wheel-bearing wear",Medium,50000,,General used-car buying-check trigger; not evidence this model has a specific known defect.,"Any recent arms, bushes, springs, dampers, steering or wheel-bearing work?",Road-test for knocks/play; inspect tyre wear and suspension condition.,200,1200,DG general UK buying-check framework,,general inspection risk — NOT a model-specific known fault,General
Mercedes-Benz,C-Class,2005,2026,,,,"Electrical, battery, charging and infotainment faults",Medium,40000,,General used-car buying-check trigger; not evidence this model has a specific known defect.,"Any battery drain, charging, warning-light, screen, camera or electrical faults?",Scan modules; test every electrical function and battery/charging health.,120,1500,DG general UK buying-check framework,,general inspection risk — NOT a model-specific known fault,General
Mercedes-Benz,C-Class,2005,2026,Diesel,,,Diesel emissions system: DPF/EGR/NOx/AdBlue condition,Medium,50000,,General used-car buying-check trigger; not evidence this model has a specific known defect.,"Any DPF, EGR, NOx, AdBlue, forced-regeneration or emissions repairs?","Scan for emissions faults; check smoke, warning history and regeneration behaviour.",300,1800,DG general UK buying-check framework,,general inspection risk — NOT a model-specific known fault,General
Mercedes-Benz,C-Class,2005,2026,Diesel,,,"Turbo, boost, injector and intake condition",Medium,60000,,General used-car buying-check trigger; not evidence this model has a specific known defect.,"Any turbo, injector, intercooler, boost-hose or intake repairs?","Check cold start, smoke, boost delivery, whistle and stored boost/fuelling faults.",300,2200,DG general UK buying-check framework,,general inspection risk — NOT a model-specific known fault,General
Mercedes-Benz,C-Class,2005,2026,Petrol,,,"Ignition, oil-consumption and timing-system history",Medium,50000,,General used-car buying-check trigger; not evidence this model has a specific known defect.,"Any timing-chain/belt, coil, plug, oil-consumption or low-oil-pressure work?","Cold-start listen; check oil level/history, misfires and service invoices.",150,1800,DG general UK buying-check framework,,general inspection risk — NOT a model-specific known fault,General
Mercedes-Benz,C-Class,2005,2026,Hybrid,,,"Hybrid battery, cooling and high-voltage warning history",Medium,70000,,General used-car buying-check trigger; not evidence this model has a specific known defect.,"Any hybrid battery, inverter or high-voltage repairs/health checks?","Check hybrid warnings, battery cooling intake and available health-check history.",300,3000,DG general UK buying-check framework,,general inspection risk — NOT a model-specific known fault,General
Mercedes-Benz,C-Class,2005,2026,,automatic|auto|dsg|cvt|powershift|s-tronic,,Automatic transmission shift quality and service history,Medium,50000,,General used-car buying-check trigger; not evidence this model has a specific known defect.,"Any gearbox oil/service, clutch, mechatronic, valve-body or transmission repairs?","Road-test cold/hot for judder, flare, delayed engagement and harsh shifts.",350,3000,DG general UK buying-check framework,,general inspection risk — NOT a model-specific known fault,General
Mercedes-Benz,C-Class,2005,2026,,manual,,Clutch and dual-mass flywheel condition where fitted,Medium,50000,,General used-car buying-check trigger; not evidence this model has a specific known defect.,Any clutch or dual-mass flywheel replacement?,"Check bite, slip under load, vibration/rattle and gear selection.",600,1800,DG general UK buying-check framework,,general inspection risk — NOT a model-specific known fault,General
Mercedes-Benz,E-Class,2005,2026,,,,"Cooling system, coolant-loss and overheating history",Medium,50000,,General used-car buying-check trigger; not evidence this model has a specific known defect.,"Any coolant loss, overheating, water-pump, thermostat or radiator work?",Pressure-check cooling system; inspect coolant level/condition and temperature stability.,200,1200,DG general UK buying-check framework,,general inspection risk — NOT a model-specific known fault,General
Mercedes-Benz,E-Class,2005,2026,,,,"Suspension, steering and wheel-bearing wear",Medium,50000,,General used-car buying-check trigger; not evidence this model has a specific known defect.,"Any recent arms, bushes, springs, dampers, steering or wheel-bearing work?",Road-test for knocks/play; inspect tyre wear and suspension condition.,200,1200,DG general UK buying-check framework,,general inspection risk — NOT a model-specific known fault,General
Mercedes-Benz,E-Class,2005,2026,,,,"Electrical, battery, charging and infotainment faults",Medium,40000,,General used-car buying-check trigger; not evidence this model has a specific known defect.,"Any battery drain, charging, warning-light, screen, camera or electrical faults?",Scan modules; test every electrical function and battery/charging health.,120,1500,DG general UK buying-check framework,,general inspection risk — NOT a model-specific known fault,General
Mercedes-Benz,E-Class,2005,2026,Diesel,,,Diesel emissions system: DPF/EGR/NOx/AdBlue condition,Medium,50000,,General used-car buying-check trigger; not evidence this model has a specific known defect.,"Any DPF, EGR, NOx, AdBlue, forced-regeneration or emissions repairs?","Scan for emissions faults; check smoke, warning history and regeneration behaviour.",300,1800,DG general UK buying-check framework,,general inspection risk — NOT a model-specific known fault,General
Mercedes-Benz,E-Class,2005,2026,Diesel,,,"Turbo, boost, injector and intake condition",Medium,60000,,General used-car buying-check trigger; not evidence this model has a specific known defect.,"Any turbo, injector, intercooler, boost-hose or intake repairs?","Check cold start, smoke, boost delivery, whistle and stored boost/fuelling faults.",300,2200,DG general UK buying-check framework,,general inspection risk — NOT a model-specific known fault,General
Mercedes-Benz,E-Class,2005,2026,Petrol,,,"Ignition, oil-consumption and timing-system history",Medium,50000,,General used-car buying-check trigger; not evidence this model has a specific known defect.,"Any timing-chain/belt, coil, plug, oil-consumption or low-oil-pressure work?","Cold-start listen; check oil level/history, misfires and service invoices.",150,1800,DG general UK buying-check framework,,general inspection risk — NOT a model-specific known fault,General
Mercedes-Benz,E-Class,2005,2026,Hybrid,,,"Hybrid battery, cooling and high-voltage warning history",Medium,70000,,General used-car buying-check trigger; not evidence this model has a specific known defect.,"Any hybrid battery, inverter or high-voltage repairs/health checks?","Check hybrid warnings, battery cooling intake and available health-check history.",300,3000,DG general UK buying-check framework,,general inspection risk — NOT a model-specific known fault,General
Mercedes-Benz,E-Class,2005,2026,,automatic|auto|dsg|cvt|powershift|s-tronic,,Automatic transmission shift quality and service history,Medium,50000,,General used-car buying-check trigger; not evidence this model has a specific known defect.,"Any gearbox oil/service, clutch, mechatronic, valve-body or transmission repairs?","Road-test cold/hot for judder, flare, delayed engagement and harsh shifts.",350,3000,DG general UK buying-check framework,,general inspection risk — NOT a model-specific known fault,General
Mercedes-Benz,E-Class,2005,2026,,manual,,Clutch and dual-mass flywheel condition where fitted,Medium,50000,,General used-car buying-check trigger; not evidence this model has a specific known defect.,Any clutch or dual-mass flywheel replacement?,"Check bite, slip under load, vibration/rattle and gear selection.",600,1800,DG general UK buying-check framework,,general inspection risk — NOT a model-specific known fault,General
Mercedes-Benz,CLA,2005,2026,,,,"Cooling system, coolant-loss and overheating history",Medium,50000,,General used-car buying-check trigger; not evidence this model has a specific known defect.,"Any coolant loss, overheating, water-pump, thermostat or radiator work?",Pressure-check cooling system; inspect coolant level/condition and temperature stability.,200,1200,DG general UK buying-check framework,,general inspection risk — NOT a model-specific known fault,General
Mercedes-Benz,CLA,2005,2026,,,,"Suspension, steering and wheel-bearing wear",Medium,50000,,General used-car buying-check trigger; not evidence this model has a specific known defect.,"Any recent arms, bushes, springs, dampers, steering or wheel-bearing work?",Road-test for knocks/play; inspect tyre wear and suspension condition.,200,1200,DG general UK buying-check framework,,general inspection risk — NOT a model-specific known fault,General
Mercedes-Benz,CLA,2005,2026,,,,"Electrical, battery, charging and infotainment faults",Medium,40000,,General used-car buying-check trigger; not evidence this model has a specific known defect.,"Any battery drain, charging, warning-light, screen, camera or electrical faults?",Scan modules; test every electrical function and battery/charging health.,120,1500,DG general UK buying-check framework,,general inspection risk — NOT a model-specific known fault,General
Mercedes-Benz,CLA,2005,2026,Diesel,,,Diesel emissions system: DPF/EGR/NOx/AdBlue condition,Medium,50000,,General used-car buying-check trigger; not evidence this model has a specific known defect.,"Any DPF, EGR, NOx, AdBlue, forced-regeneration or emissions repairs?","Scan for emissions faults; check smoke, warning history and regeneration behaviour.",300,1800,DG general UK buying-check framework,,general inspection risk — NOT a model-specific known fault,General
Mercedes-Benz,CLA,2005,2026,Diesel,,,"Turbo, boost, injector and intake condition",Medium,60000,,General used-car buying-check trigger; not evidence this model has a specific known defect.,"Any turbo, injector, intercooler, boost-hose or intake repairs?","Check cold start, smoke, boost delivery, whistle and stored boost/fuelling faults.",300,2200,DG general UK buying-check framework,,general inspection risk — NOT a model-specific known fault,General
Mercedes-Benz,CLA,2005,2026,Petrol,,,"Ignition, oil-consumption and timing-system history",Medium,50000,,General used-car buying-check trigger; not evidence this model has a specific known defect.,"Any timing-chain/belt, coil, plug, oil-consumption or low-oil-pressure work?","Cold-start listen; check oil level/history, misfires and service invoices.",150,1800,DG general UK buying-check framework,,general inspection risk — NOT a model-specific known fault,General
Mercedes-Benz,CLA,2005,2026,Hybrid,,,"Hybrid battery, cooling and high-voltage warning history",Medium,70000,,General used-car buying-check trigger; not evidence this model has a specific known defect.,"Any hybrid battery, inverter or high-voltage repairs/health checks?","Check hybrid warnings, battery cooling intake and available health-check history.",300,3000,DG general UK buying-check framework,,general inspection risk — NOT a model-specific known fault,General
Mercedes-Benz,CLA,2005,2026,,automatic|auto|dsg|cvt|powershift|s-tronic,,Automatic transmission shift quality and service history,Medium,50000,,General used-car buying-check trigger; not evidence this model has a specific known defect.,"Any gearbox oil/service, clutch, mechatronic, valve-body or transmission repairs?","Road-test cold/hot for judder, flare, delayed engagement and harsh shifts.",350,3000,DG general UK buying-check framework,,general inspection risk — NOT a model-specific known fault,General
Mercedes-Benz,CLA,2005,2026,,manual,,Clutch and dual-mass flywheel condition where fitted,Medium,50000,,General used-car buying-check trigger; not evidence this model has a specific known defect.,Any clutch or dual-mass flywheel replacement?,"Check bite, slip under load, vibration/rattle and gear selection.",600,1800,DG general UK buying-check framework,,general inspection risk — NOT a model-specific known fault,General
Mercedes-Benz,GLA,2005,2026,,,,"Cooling system, coolant-loss and overheating history",Medium,50000,,General used-car buying-check trigger; not evidence this model has a specific known defect.,"Any coolant loss, overheating, water-pump, thermostat or radiator work?",Pressure-check cooling system; inspect coolant level/condition and temperature stability.,200,1200,DG general UK buying-check framework,,general inspection risk — NOT a model-specific known fault,General
Mercedes-Benz,GLA,2005,2026,,,,"Suspension, steering and wheel-bearing wear",Medium,50000,,General used-car buying-check trigger; not evidence this model has a specific known defect.,"Any recent arms, bushes, springs, dampers, steering or wheel-bearing work?",Road-test for knocks/play; inspect tyre wear and suspension condition.,200,1200,DG general UK buying-check framework,,general inspection risk — NOT a model-specific known fault,General
Mercedes-Benz,GLA,2005,2026,,,,"Electrical, battery, charging and infotainment faults",Medium,40000,,General used-car buying-check trigger; not evidence this model has a specific known defect.,"Any battery drain, charging, warning-light, screen, camera or electrical faults?",Scan modules; test every electrical function and battery/charging health.,120,1500,DG general UK buying-check framework,,general inspection risk — NOT a model-specific known fault,General
Mercedes-Benz,GLA,2005,2026,Diesel,,,Diesel emissions system: DPF/EGR/NOx/AdBlue condition,Medium,50000,,General used-car buying-check trigger; not evidence this model has a specific known defect.,"Any DPF, EGR, NOx, AdBlue, forced-regeneration or emissions repairs?","Scan for emissions faults; check smoke, warning history and regeneration behaviour.",300,1800,DG general UK buying-check framework,,general inspection risk — NOT a model-specific known fault,General
Mercedes-Benz,GLA,2005,2026,Diesel,,,"Turbo, boost, injector and intake condition",Medium,60000,,General used-car buying-check trigger; not evidence this model has a specific known defect.,"Any turbo, injector, intercooler, boost-hose or intake repairs?","Check cold start, smoke, boost delivery, whistle and stored boost/fuelling faults.",300,2200,DG general UK buying-check framework,,general inspection risk — NOT a model-specific known fault,General
Mercedes-Benz,GLA,2005,2026,Petrol,,,"Ignition, oil-consumption and timing-system history",Medium,50000,,General used-car buying-check trigger; not evidence this model has a specific known defect.,"Any timing-chain/belt, coil, plug, oil-consumption or low-oil-pressure work?","Cold-start listen; check oil level/history, misfires and service invoices.",150,1800,DG general UK buying-check framework,,general inspection risk — NOT a model-specific known fault,General
Mercedes-Benz,GLA,2005,2026,Hybrid,,,"Hybrid battery, cooling and high-voltage warning history",Medium,70000,,General used-car buying-check trigger; not evidence this model has a specific known defect.,"Any hybrid battery, inverter or high-voltage repairs/health checks?","Check hybrid warnings, battery cooling intake and available health-check history.",300,3000,DG general UK buying-check framework,,general inspection risk — NOT a model-specific known fault,General
Mercedes-Benz,GLA,2005,2026,,automatic|auto|dsg|cvt|powershift|s-tronic,,Automatic transmission shift quality and service history,Medium,50000,,General used-car buying-check trigger; not evidence this model has a specific known defect.,"Any gearbox oil/service, clutch, mechatronic, valve-body or transmission repairs?","Road-test cold/hot for judder, flare, delayed engagement and harsh shifts.",350,3000,DG general UK buying-check framework,,general inspection risk — NOT a model-specific known fault,General
Mercedes-Benz,GLA,2005,2026,,manual,,Clutch and dual-mass flywheel condition where fitted,Medium,50000,,General used-car buying-check trigger; not evidence this model has a specific known defect.,Any clutch or dual-mass flywheel replacement?,"Check bite, slip under load, vibration/rattle and gear selection.",600,1800,DG general UK buying-check framework,,general inspection risk — NOT a model-specific known fault,General
Mercedes-Benz,GLC,2005,2026,,,,"Cooling system, coolant-loss and overheating history",Medium,50000,,General used-car buying-check trigger; not evidence this model has a specific known defect.,"Any coolant loss, overheating, water-pump, thermostat or radiator work?",Pressure-check cooling system; inspect coolant level/condition and temperature stability.,200,1200,DG general UK buying-check framework,,general inspection risk — NOT a model-specific known fault,General
Mercedes-Benz,GLC,2005,2026,,,,"Suspension, steering and wheel-bearing wear",Medium,50000,,General used-car buying-check trigger; not evidence this model has a specific known defect.,"Any recent arms, bushes, springs, dampers, steering or wheel-bearing work?",Road-test for knocks/play; inspect tyre wear and suspension condition.,200,1200,DG general UK buying-check framework,,general inspection risk — NOT a model-specific known fault,General
Mercedes-Benz,GLC,2005,2026,,,,"Electrical, battery, charging and infotainment faults",Medium,40000,,General used-car buying-check trigger; not evidence this model has a specific known defect.,"Any battery drain, charging, warning-light, screen, camera or electrical faults?",Scan modules; test every electrical function and battery/charging health.,120,1500,DG general UK buying-check framework,,general inspection risk — NOT a model-specific known fault,General
Mercedes-Benz,GLC,2005,2026,Diesel,,,Diesel emissions system: DPF/EGR/NOx/AdBlue condition,Medium,50000,,General used-car buying-check trigger; not evidence this model has a specific known defect.,"Any DPF, EGR, NOx, AdBlue, forced-regeneration or emissions repairs?","Scan for emissions faults; check smoke, warning history and regeneration behaviour.",300,1800,DG general UK buying-check framework,,general inspection risk — NOT a model-specific known fault,General
Mercedes-Benz,GLC,2005,2026,Diesel,,,"Turbo, boost, injector and intake condition",Medium,60000,,General used-car buying-check trigger; not evidence this model has a specific known defect.,"Any turbo, injector, intercooler, boost-hose or intake repairs?","Check cold start, smoke, boost delivery, whistle and stored boost/fuelling faults.",300,2200,DG general UK buying-check framework,,general inspection risk — NOT a model-specific known fault,General
Mercedes-Benz,GLC,2005,2026,Petrol,,,"Ignition, oil-consumption and timing-system history",Medium,50000,,General used-car buying-check trigger; not evidence this model has a specific known defect.,"Any timing-chain/belt, coil, plug, oil-consumption or low-oil-pressure work?","Cold-start listen; check oil level/history, misfires and service invoices.",150,1800,DG general UK buying-check framework,,general inspection risk — NOT a model-specific known fault,General
Mercedes-Benz,GLC,2005,2026,Hybrid,,,"Hybrid battery, cooling and high-voltage warning history",Medium,70000,,General used-car buying-check trigger; not evidence this model has a specific known defect.,"Any hybrid battery, inverter or high-voltage repairs/health checks?","Check hybrid warnings, battery cooling intake and available health-check history.",300,3000,DG general UK buying-check framework,,general inspection risk — NOT a model-specific known fault,General
Mercedes-Benz,GLC,2005,2026,,automatic|auto|dsg|cvt|powershift|s-tronic,,Automatic transmission shift quality and service history,Medium,50000,,General used-car buying-check trigger; not evidence this model has a specific known defect.,"Any gearbox oil/service, clutch, mechatronic, valve-body or transmission repairs?","Road-test cold/hot for judder, flare, delayed engagement and harsh shifts.",350,3000,DG general UK buying-check framework,,general inspection risk — NOT a model-specific known fault,General
Mercedes-Benz,GLC,2005,2026,,manual,,Clutch and dual-mass flywheel condition where fitted,Medium,50000,,General used-car buying-check trigger; not evidence this model has a specific known defect.,Any clutch or dual-mass flywheel replacement?,"Check bite, slip under load, vibration/rattle and gear selection.",600,1800,DG general UK buying-check framework,,general inspection risk — NOT a model-specific known fault,General
Ford,Mondeo,2005,2026,,,,"Cooling system, coolant-loss and overheating history",Medium,50000,,General used-car buying-check trigger; not evidence this model has a specific known defect.,"Any coolant loss, overheating, water-pump, thermostat or radiator work?",Pressure-check cooling system; inspect coolant level/condition and temperature stability.,200,1200,DG general UK buying-check framework,,general inspection risk — NOT a model-specific known fault,General
Ford,Mondeo,2005,2026,,,,"Suspension, steering and wheel-bearing wear",Medium,50000,,General used-car buying-check trigger; not evidence this model has a specific known defect.,"Any recent arms, bushes, springs, dampers, steering or wheel-bearing work?",Road-test for knocks/play; inspect tyre wear and suspension condition.,200,1200,DG general UK buying-check framework,,general inspection risk — NOT a model-specific known fault,General
Ford,Mondeo,2005,2026,,,,"Electrical, battery, charging and infotainment faults",Medium,40000,,General used-car buying-check trigger; not evidence this model has a specific known defect.,"Any battery drain, charging, warning-light, screen, camera or electrical faults?",Scan modules; test every electrical function and battery/charging health.,120,1500,DG general UK buying-check framework,,general inspection risk — NOT a model-specific known fault,General
Ford,Mondeo,2005,2026,Diesel,,,Diesel emissions system: DPF/EGR/NOx/AdBlue condition,Medium,50000,,General used-car buying-check trigger; not evidence this model has a specific known defect.,"Any DPF, EGR, NOx, AdBlue, forced-regeneration or emissions repairs?","Scan for emissions faults; check smoke, warning history and regeneration behaviour.",300,1800,DG general UK buying-check framework,,general inspection risk — NOT a model-specific known fault,General
Ford,Mondeo,2005,2026,Diesel,,,"Turbo, boost, injector and intake condition",Medium,60000,,General used-car buying-check trigger; not evidence this model has a specific known defect.,"Any turbo, injector, intercooler, boost-hose or intake repairs?","Check cold start, smoke, boost delivery, whistle and stored boost/fuelling faults.",300,2200,DG general UK buying-check framework,,general inspection risk — NOT a model-specific known fault,General
Ford,Mondeo,2005,2026,Petrol,,,"Ignition, oil-consumption and timing-system history",Medium,50000,,General used-car buying-check trigger; not evidence this model has a specific known defect.,"Any timing-chain/belt, coil, plug, oil-consumption or low-oil-pressure work?","Cold-start listen; check oil level/history, misfires and service invoices.",150,1800,DG general UK buying-check framework,,general inspection risk — NOT a model-specific known fault,General
Ford,Mondeo,2005,2026,Hybrid,,,"Hybrid battery, cooling and high-voltage warning history",Medium,70000,,General used-car buying-check trigger; not evidence this model has a specific known defect.,"Any hybrid battery, inverter or high-voltage repairs/health checks?","Check hybrid warnings, battery cooling intake and available health-check history.",300,3000,DG general UK buying-check framework,,general inspection risk — NOT a model-specific known fault,General
Ford,Mondeo,2005,2026,,automatic|auto|dsg|cvt|powershift|s-tronic,,Automatic transmission shift quality and service history,Medium,50000,,General used-car buying-check trigger; not evidence this model has a specific known defect.,"Any gearbox oil/service, clutch, mechatronic, valve-body or transmission repairs?","Road-test cold/hot for judder, flare, delayed engagement and harsh shifts.",350,3000,DG general UK buying-check framework,,general inspection risk — NOT a model-specific known fault,General
Ford,Mondeo,2005,2026,,manual,,Clutch and dual-mass flywheel condition where fitted,Medium,50000,,General used-car buying-check trigger; not evidence this model has a specific known defect.,Any clutch or dual-mass flywheel replacement?,"Check bite, slip under load, vibration/rattle and gear selection.",600,1800,DG general UK buying-check framework,,general inspection risk — NOT a model-specific known fault,General
Ford,Kuga,2005,2026,,,,"Cooling system, coolant-loss and overheating history",Medium,50000,,General used-car buying-check trigger; not evidence this model has a specific known defect.,"Any coolant loss, overheating, water-pump, thermostat or radiator work?",Pressure-check cooling system; inspect coolant level/condition and temperature stability.,200,1200,DG general UK buying-check framework,,general inspection risk — NOT a model-specific known fault,General
Ford,Kuga,2005,2026,,,,"Suspension, steering and wheel-bearing wear",Medium,50000,,General used-car buying-check trigger; not evidence this model has a specific known defect.,"Any recent arms, bushes, springs, dampers, steering or wheel-bearing work?",Road-test for knocks/play; inspect tyre wear and suspension condition.,200,1200,DG general UK buying-check framework,,general inspection risk — NOT a model-specific known fault,General
Ford,Kuga,2005,2026,,,,"Electrical, battery, charging and infotainment faults",Medium,40000,,General used-car buying-check trigger; not evidence this model has a specific known defect.,"Any battery drain, charging, warning-light, screen, camera or electrical faults?",Scan modules; test every electrical function and battery/charging health.,120,1500,DG general UK buying-check framework,,general inspection risk — NOT a model-specific known fault,General
Ford,Kuga,2005,2026,Diesel,,,Diesel emissions system: DPF/EGR/NOx/AdBlue condition,Medium,50000,,General used-car buying-check trigger; not evidence this model has a specific known defect.,"Any DPF, EGR, NOx, AdBlue, forced-regeneration or emissions repairs?","Scan for emissions faults; check smoke, warning history and regeneration behaviour.",300,1800,DG general UK buying-check framework,,general inspection risk — NOT a model-specific known fault,General
Ford,Kuga,2005,2026,Diesel,,,"Turbo, boost, injector and intake condition",Medium,60000,,General used-car buying-check trigger; not evidence this model has a specific known defect.,"Any turbo, injector, intercooler, boost-hose or intake repairs?","Check cold start, smoke, boost delivery, whistle and stored boost/fuelling faults.",300,2200,DG general UK buying-check framework,,general inspection risk — NOT a model-specific known fault,General
Ford,Kuga,2005,2026,Petrol,,,"Ignition, oil-consumption and timing-system history",Medium,50000,,General used-car buying-check trigger; not evidence this model has a specific known defect.,"Any timing-chain/belt, coil, plug, oil-consumption or low-oil-pressure work?","Cold-start listen; check oil level/history, misfires and service invoices.",150,1800,DG general UK buying-check framework,,general inspection risk — NOT a model-specific known fault,General
Ford,Kuga,2005,2026,Hybrid,,,"Hybrid battery, cooling and high-voltage warning history",Medium,70000,,General used-car buying-check trigger; not evidence this model has a specific known defect.,"Any hybrid battery, inverter or high-voltage repairs/health checks?","Check hybrid warnings, battery cooling intake and available health-check history.",300,3000,DG general UK buying-check framework,,general inspection risk — NOT a model-specific known fault,General
Ford,Kuga,2005,2026,,automatic|auto|dsg|cvt|powershift|s-tronic,,Automatic transmission shift quality and service history,Medium,50000,,General used-car buying-check trigger; not evidence this model has a specific known defect.,"Any gearbox oil/service, clutch, mechatronic, valve-body or transmission repairs?","Road-test cold/hot for judder, flare, delayed engagement and harsh shifts.",350,3000,DG general UK buying-check framework,,general inspection risk — NOT a model-specific known fault,General
Ford,Kuga,2005,2026,,manual,,Clutch and dual-mass flywheel condition where fitted,Medium,50000,,General used-car buying-check trigger; not evidence this model has a specific known defect.,Any clutch or dual-mass flywheel replacement?,"Check bite, slip under load, vibration/rattle and gear selection.",600,1800,DG general UK buying-check framework,,general inspection risk — NOT a model-specific known fault,General
Ford,Puma,2005,2026,,,,"Cooling system, coolant-loss and overheating history",Medium,50000,,General used-car buying-check trigger; not evidence this model has a specific known defect.,"Any coolant loss, overheating, water-pump, thermostat or radiator work?",Pressure-check cooling system; inspect coolant level/condition and temperature stability.,200,1200,DG general UK buying-check framework,,general inspection risk — NOT a model-specific known fault,General
Ford,Puma,2005,2026,,,,"Suspension, steering and wheel-bearing wear",Medium,50000,,General used-car buying-check trigger; not evidence this model has a specific known defect.,"Any recent arms, bushes, springs, dampers, steering or wheel-bearing work?",Road-test for knocks/play; inspect tyre wear and suspension condition.,200,1200,DG general UK buying-check framework,,general inspection risk — NOT a model-specific known fault,General
Ford,Puma,2005,2026,,,,"Electrical, battery, charging and infotainment faults",Medium,40000,,General used-car buying-check trigger; not evidence this model has a specific known defect.,"Any battery drain, charging, warning-light, screen, camera or electrical faults?",Scan modules; test every electrical function and battery/charging health.,120,1500,DG general UK buying-check framework,,general inspection risk — NOT a model-specific known fault,General
Ford,Puma,2005,2026,Diesel,,,Diesel emissions system: DPF/EGR/NOx/AdBlue condition,Medium,50000,,General used-car buying-check trigger; not evidence this model has a specific known defect.,"Any DPF, EGR, NOx, AdBlue, forced-regeneration or emissions repairs?","Scan for emissions faults; check smoke, warning history and regeneration behaviour.",300,1800,DG general UK buying-check framework,,general inspection risk — NOT a model-specific known fault,General
Ford,Puma,2005,2026,Diesel,,,"Turbo, boost, injector and intake condition",Medium,60000,,General used-car buying-check trigger; not evidence this model has a specific known defect.,"Any turbo, injector, intercooler, boost-hose or intake repairs?","Check cold start, smoke, boost delivery, whistle and stored boost/fuelling faults.",300,2200,DG general UK buying-check framework,,general inspection risk — NOT a model-specific known fault,General
Ford,Puma,2005,2026,Petrol,,,"Ignition, oil-consumption and timing-system history",Medium,50000,,General used-car buying-check trigger; not evidence this model has a specific known defect.,"Any timing-chain/belt, coil, plug, oil-consumption or low-oil-pressure work?","Cold-start listen; check oil level/history, misfires and service invoices.",150,1800,DG general UK buying-check framework,,general inspection risk — NOT a model-specific known fault,General
Ford,Puma,2005,2026,Hybrid,,,"Hybrid battery, cooling and high-voltage warning history",Medium,70000,,General used-car buying-check trigger; not evidence this model has a specific known defect.,"Any hybrid battery, inverter or high-voltage repairs/health checks?","Check hybrid warnings, battery cooling intake and available health-check history.",300,3000,DG general UK buying-check framework,,general inspection risk — NOT a model-specific known fault,General
Ford,Puma,2005,2026,,automatic|auto|dsg|cvt|powershift|s-tronic,,Automatic transmission shift quality and service history,Medium,50000,,General used-car buying-check trigger; not evidence this model has a specific known defect.,"Any gearbox oil/service, clutch, mechatronic, valve-body or transmission repairs?","Road-test cold/hot for judder, flare, delayed engagement and harsh shifts.",350,3000,DG general UK buying-check framework,,general inspection risk — NOT a model-specific known fault,General
Ford,Puma,2005,2026,,manual,,Clutch and dual-mass flywheel condition where fitted,Medium,50000,,General used-car buying-check trigger; not evidence this model has a specific known defect.,Any clutch or dual-mass flywheel replacement?,"Check bite, slip under load, vibration/rattle and gear selection.",600,1800,DG general UK buying-check framework,,general inspection risk — NOT a model-specific known fault,General
Ford,EcoSport,2005,2026,,,,"Cooling system, coolant-loss and overheating history",Medium,50000,,General used-car buying-check trigger; not evidence this model has a specific known defect.,"Any coolant loss, overheating, water-pump, thermostat or radiator work?",Pressure-check cooling system; inspect coolant level/condition and temperature stability.,200,1200,DG general UK buying-check framework,,general inspection risk — NOT a model-specific known fault,General
Ford,EcoSport,2005,2026,,,,"Suspension, steering and wheel-bearing wear",Medium,50000,,General used-car buying-check trigger; not evidence this model has a specific known defect.,"Any recent arms, bushes, springs, dampers, steering or wheel-bearing work?",Road-test for knocks/play; inspect tyre wear and suspension condition.,200,1200,DG general UK buying-check framework,,general inspection risk — NOT a model-specific known fault,General
Ford,EcoSport,2005,2026,,,,"Electrical, battery, charging and infotainment faults",Medium,40000,,General used-car buying-check trigger; not evidence this model has a specific known defect.,"Any battery drain, charging, warning-light, screen, camera or electrical faults?",Scan modules; test every electrical function and battery/charging health.,120,1500,DG general UK buying-check framework,,general inspection risk — NOT a model-specific known fault,General
Ford,EcoSport,2005,2026,Diesel,,,Diesel emissions system: DPF/EGR/NOx/AdBlue condition,Medium,50000,,General used-car buying-check trigger; not evidence this model has a specific known defect.,"Any DPF, EGR, NOx, AdBlue, forced-regeneration or emissions repairs?","Scan for emissions faults; check smoke, warning history and regeneration behaviour.",300,1800,DG general UK buying-check framework,,general inspection risk — NOT a model-specific known fault,General
Ford,EcoSport,2005,2026,Diesel,,,"Turbo, boost, injector and intake condition",Medium,60000,,General used-car buying-check trigger; not evidence this model has a specific known defect.,"Any turbo, injector, intercooler, boost-hose or intake repairs?","Check cold start, smoke, boost delivery, whistle and stored boost/fuelling faults.",300,2200,DG general UK buying-check framework,,general inspection risk — NOT a model-specific known fault,General
Ford,EcoSport,2005,2026,Petrol,,,"Ignition, oil-consumption and timing-system history",Medium,50000,,General used-car buying-check trigger; not evidence this model has a specific known defect.,"Any timing-chain/belt, coil, plug, oil-consumption or low-oil-pressure work?","Cold-start listen; check oil level/history, misfires and service invoices.",150,1800,DG general UK buying-check framework,,general inspection risk — NOT a model-specific known fault,General
Ford,EcoSport,2005,2026,Hybrid,,,"Hybrid battery, cooling and high-voltage warning history",Medium,70000,,General used-car buying-check trigger; not evidence this model has a specific known defect.,"Any hybrid battery, inverter or high-voltage repairs/health checks?","Check hybrid warnings, battery cooling intake and available health-check history.",300,3000,DG general UK buying-check framework,,general inspection risk — NOT a model-specific known fault,General
Ford,EcoSport,2005,2026,,automatic|auto|dsg|cvt|powershift|s-tronic,,Automatic transmission shift quality and service history,Medium,50000,,General used-car buying-check trigger; not evidence this model has a specific known defect.,"Any gearbox oil/service, clutch, mechatronic, valve-body or transmission repairs?","Road-test cold/hot for judder, flare, delayed engagement and harsh shifts.",350,3000,DG general UK buying-check framework,,general inspection risk — NOT a model-specific known fault,General
Ford,EcoSport,2005,2026,,manual,,Clutch and dual-mass flywheel condition where fitted,Medium,50000,,General used-car buying-check trigger; not evidence this model has a specific known defect.,Any clutch or dual-mass flywheel replacement?,"Check bite, slip under load, vibration/rattle and gear selection.",600,1800,DG general UK buying-check framework,,general inspection risk — NOT a model-specific known fault,General
Ford,C-Max,2005,2026,,,,"Cooling system, coolant-loss and overheating history",Medium,50000,,General used-car buying-check trigger; not evidence this model has a specific known defect.,"Any coolant loss, overheating, water-pump, thermostat or radiator work?",Pressure-check cooling system; inspect coolant level/condition and temperature stability.,200,1200,DG general UK buying-check framework,,general inspection risk — NOT a model-specific known fault,General
Ford,C-Max,2005,2026,,,,"Suspension, steering and wheel-bearing wear",Medium,50000,,General used-car buying-check trigger; not evidence this model has a specific known defect.,"Any recent arms, bushes, springs, dampers, steering or wheel-bearing work?",Road-test for knocks/play; inspect tyre wear and suspension condition.,200,1200,DG general UK buying-check framework,,general inspection risk — NOT a model-specific known fault,General
Ford,C-Max,2005,2026,,,,"Electrical, battery, charging and infotainment faults",Medium,40000,,General used-car buying-check trigger; not evidence this model has a specific known defect.,"Any battery drain, charging, warning-light, screen, camera or electrical faults?",Scan modules; test every electrical function and battery/charging health.,120,1500,DG general UK buying-check framework,,general inspection risk — NOT a model-specific known fault,General
Ford,C-Max,2005,2026,Diesel,,,Diesel emissions system: DPF/EGR/NOx/AdBlue condition,Medium,50000,,General used-car buying-check trigger; not evidence this model has a specific known defect.,"Any DPF, EGR, NOx, AdBlue, forced-regeneration or emissions repairs?","Scan for emissions faults; check smoke, warning history and regeneration behaviour.",300,1800,DG general UK buying-check framework,,general inspection risk — NOT a model-specific known fault,General
Ford,C-Max,2005,2026,Diesel,,,"Turbo, boost, injector and intake condition",Medium,60000,,General used-car buying-check trigger; not evidence this model has a specific known defect.,"Any turbo, injector, intercooler, boost-hose or intake repairs?","Check cold start, smoke, boost delivery, whistle and stored boost/fuelling faults.",300,2200,DG general UK buying-check framework,,general inspection risk — NOT a model-specific known fault,General
Ford,C-Max,2005,2026,Petrol,,,"Ignition, oil-consumption and timing-system history",Medium,50000,,General used-car buying-check trigger; not evidence this model has a specific known defect.,"Any timing-chain/belt, coil, plug, oil-consumption or low-oil-pressure work?","Cold-start listen; check oil level/history, misfires and service invoices.",150,1800,DG general UK buying-check framework,,general inspection risk — NOT a model-specific known fault,General
Ford,C-Max,2005,2026,Hybrid,,,"Hybrid battery, cooling and high-voltage warning history",Medium,70000,,General used-car buying-check trigger; not evidence this model has a specific known defect.,"Any hybrid battery, inverter or high-voltage repairs/health checks?","Check hybrid warnings, battery cooling intake and available health-check history.",300,3000,DG general UK buying-check framework,,general inspection risk — NOT a model-specific known fault,General
Ford,C-Max,2005,2026,,automatic|auto|dsg|cvt|powershift|s-tronic,,Automatic transmission shift quality and service history,Medium,50000,,General used-car buying-check trigger; not evidence this model has a specific known defect.,"Any gearbox oil/service, clutch, mechatronic, valve-body or transmission repairs?","Road-test cold/hot for judder, flare, delayed engagement and harsh shifts.",350,3000,DG general UK buying-check framework,,general inspection risk — NOT a model-specific known fault,General
Ford,C-Max,2005,2026,,manual,,Clutch and dual-mass flywheel condition where fitted,Medium,50000,,General used-car buying-check trigger; not evidence this model has a specific known defect.,Any clutch or dual-mass flywheel replacement?,"Check bite, slip under load, vibration/rattle and gear selection.",600,1800,DG general UK buying-check framework,,general inspection risk — NOT a model-specific known fault,General
Ford,S-Max,2005,2026,,,,"Cooling system, coolant-loss and overheating history",Medium,50000,,General used-car buying-check trigger; not evidence this model has a specific known defect.,"Any coolant loss, overheating, water-pump, thermostat or radiator work?",Pressure-check cooling system; inspect coolant level/condition and temperature stability.,200,1200,DG general UK buying-check framework,,general inspection risk — NOT a model-specific known fault,General
Ford,S-Max,2005,2026,,,,"Suspension, steering and wheel-bearing wear",Medium,50000,,General used-car buying-check trigger; not evidence this model has a specific known defect.,"Any recent arms, bushes, springs, dampers, steering or wheel-bearing work?",Road-test for knocks/play; inspect tyre wear and suspension condition.,200,1200,DG general UK buying-check framework,,general inspection risk — NOT a model-specific known fault,General
Ford,S-Max,2005,2026,,,,"Electrical, battery, charging and infotainment faults",Medium,40000,,General used-car buying-check trigger; not evidence this model has a specific known defect.,"Any battery drain, charging, warning-light, screen, camera or electrical faults?",Scan modules; test every electrical function and battery/charging health.,120,1500,DG general UK buying-check framework,,general inspection risk — NOT a model-specific known fault,General
Ford,S-Max,2005,2026,Diesel,,,Diesel emissions system: DPF/EGR/NOx/AdBlue condition,Medium,50000,,General used-car buying-check trigger; not evidence this model has a specific known defect.,"Any DPF, EGR, NOx, AdBlue, forced-regeneration or emissions repairs?","Scan for emissions faults; check smoke, warning history and regeneration behaviour.",300,1800,DG general UK buying-check framework,,general inspection risk — NOT a model-specific known fault,General
Ford,S-Max,2005,2026,Diesel,,,"Turbo, boost, injector and intake condition",Medium,60000,,General used-car buying-check trigger; not evidence this model has a specific known defect.,"Any turbo, injector, intercooler, boost-hose or intake repairs?","Check cold start, smoke, boost delivery, whistle and stored boost/fuelling faults.",300,2200,DG general UK buying-check framework,,general inspection risk — NOT a model-specific known fault,General
Ford,S-Max,2005,2026,Petrol,,,"Ignition, oil-consumption and timing-system history",Medium,50000,,General used-car buying-check trigger; not evidence this model has a specific known defect.,"Any timing-chain/belt, coil, plug, oil-consumption or low-oil-pressure work?","Cold-start listen; check oil level/history, misfires and service invoices.",150,1800,DG general UK buying-check framework,,general inspection risk — NOT a model-specific known fault,General
Ford,S-Max,2005,2026,Hybrid,,,"Hybrid battery, cooling and high-voltage warning history",Medium,70000,,General used-car buying-check trigger; not evidence this model has a specific known defect.,"Any hybrid battery, inverter or high-voltage repairs/health checks?","Check hybrid warnings, battery cooling intake and available health-check history.",300,3000,DG general UK buying-check framework,,general inspection risk — NOT a model-specific known fault,General
Ford,S-Max,2005,2026,,automatic|auto|dsg|cvt|powershift|s-tronic,,Automatic transmission shift quality and service history,Medium,50000,,General used-car buying-check trigger; not evidence this model has a specific known defect.,"Any gearbox oil/service, clutch, mechatronic, valve-body or transmission repairs?","Road-test cold/hot for judder, flare, delayed engagement and harsh shifts.",350,3000,DG general UK buying-check framework,,general inspection risk — NOT a model-specific known fault,General
Ford,S-Max,2005,2026,,manual,,Clutch and dual-mass flywheel condition where fitted,Medium,50000,,General used-car buying-check trigger; not evidence this model has a specific known defect.,Any clutch or dual-mass flywheel replacement?,"Check bite, slip under load, vibration/rattle and gear selection.",600,1800,DG general UK buying-check framework,,general inspection risk — NOT a model-specific known fault,General
Vauxhall,Astra,2005,2026,,,,"Cooling system, coolant-loss and overheating history",Medium,50000,,General used-car buying-check trigger; not evidence this model has a specific known defect.,"Any coolant loss, overheating, water-pump, thermostat or radiator work?",Pressure-check cooling system; inspect coolant level/condition and temperature stability.,200,1200,DG general UK buying-check framework,,general inspection risk — NOT a model-specific known fault,General
Vauxhall,Astra,2005,2026,,,,"Suspension, steering and wheel-bearing wear",Medium,50000,,General used-car buying-check trigger; not evidence this model has a specific known defect.,"Any recent arms, bushes, springs, dampers, steering or wheel-bearing work?",Road-test for knocks/play; inspect tyre wear and suspension condition.,200,1200,DG general UK buying-check framework,,general inspection risk — NOT a model-specific known fault,General
Vauxhall,Astra,2005,2026,,,,"Electrical, battery, charging and infotainment faults",Medium,40000,,General used-car buying-check trigger; not evidence this model has a specific known defect.,"Any battery drain, charging, warning-light, screen, camera or electrical faults?",Scan modules; test every electrical function and battery/charging health.,120,1500,DG general UK buying-check framework,,general inspection risk — NOT a model-specific known fault,General
Vauxhall,Astra,2005,2026,Diesel,,,Diesel emissions system: DPF/EGR/NOx/AdBlue condition,Medium,50000,,General used-car buying-check trigger; not evidence this model has a specific known defect.,"Any DPF, EGR, NOx, AdBlue, forced-regeneration or emissions repairs?","Scan for emissions faults; check smoke, warning history and regeneration behaviour.",300,1800,DG general UK buying-check framework,,general inspection risk — NOT a model-specific known fault,General
Vauxhall,Astra,2005,2026,Diesel,,,"Turbo, boost, injector and intake condition",Medium,60000,,General used-car buying-check trigger; not evidence this model has a specific known defect.,"Any turbo, injector, intercooler, boost-hose or intake repairs?","Check cold start, smoke, boost delivery, whistle and stored boost/fuelling faults.",300,2200,DG general UK buying-check framework,,general inspection risk — NOT a model-specific known fault,General
Vauxhall,Astra,2005,2026,Petrol,,,"Ignition, oil-consumption and timing-system history",Medium,50000,,General used-car buying-check trigger; not evidence this model has a specific known defect.,"Any timing-chain/belt, coil, plug, oil-consumption or low-oil-pressure work?","Cold-start listen; check oil level/history, misfires and service invoices.",150,1800,DG general UK buying-check framework,,general inspection risk — NOT a model-specific known fault,General
Vauxhall,Astra,2005,2026,Hybrid,,,"Hybrid battery, cooling and high-voltage warning history",Medium,70000,,General used-car buying-check trigger; not evidence this model has a specific known defect.,"Any hybrid battery, inverter or high-voltage repairs/health checks?","Check hybrid warnings, battery cooling intake and available health-check history.",300,3000,DG general UK buying-check framework,,general inspection risk — NOT a model-specific known fault,General
Vauxhall,Astra,2005,2026,,automatic|auto|dsg|cvt|powershift|s-tronic,,Automatic transmission shift quality and service history,Medium,50000,,General used-car buying-check trigger; not evidence this model has a specific known defect.,"Any gearbox oil/service, clutch, mechatronic, valve-body or transmission repairs?","Road-test cold/hot for judder, flare, delayed engagement and harsh shifts.",350,3000,DG general UK buying-check framework,,general inspection risk — NOT a model-specific known fault,General
Vauxhall,Astra,2005,2026,,manual,,Clutch and dual-mass flywheel condition where fitted,Medium,50000,,General used-car buying-check trigger; not evidence this model has a specific known defect.,Any clutch or dual-mass flywheel replacement?,"Check bite, slip under load, vibration/rattle and gear selection.",600,1800,DG general UK buying-check framework,,general inspection risk — NOT a model-specific known fault,General
Vauxhall,Mokka,2005,2026,,,,"Cooling system, coolant-loss and overheating history",Medium,50000,,General used-car buying-check trigger; not evidence this model has a specific known defect.,"Any coolant loss, overheating, water-pump, thermostat or radiator work?",Pressure-check cooling system; inspect coolant level/condition and temperature stability.,200,1200,DG general UK buying-check framework,,general inspection risk — NOT a model-specific known fault,General
Vauxhall,Mokka,2005,2026,,,,"Suspension, steering and wheel-bearing wear",Medium,50000,,General used-car buying-check trigger; not evidence this model has a specific known defect.,"Any recent arms, bushes, springs, dampers, steering or wheel-bearing work?",Road-test for knocks/play; inspect tyre wear and suspension condition.,200,1200,DG general UK buying-check framework,,general inspection risk — NOT a model-specific known fault,General
Vauxhall,Mokka,2005,2026,,,,"Electrical, battery, charging and infotainment faults",Medium,40000,,General used-car buying-check trigger; not evidence this model has a specific known defect.,"Any battery drain, charging, warning-light, screen, camera or electrical faults?",Scan modules; test every electrical function and battery/charging health.,120,1500,DG general UK buying-check framework,,general inspection risk — NOT a model-specific known fault,General
Vauxhall,Mokka,2005,2026,Diesel,,,Diesel emissions system: DPF/EGR/NOx/AdBlue condition,Medium,50000,,General used-car buying-check trigger; not evidence this model has a specific known defect.,"Any DPF, EGR, NOx, AdBlue, forced-regeneration or emissions repairs?","Scan for emissions faults; check smoke, warning history and regeneration behaviour.",300,1800,DG general UK buying-check framework,,general inspection risk — NOT a model-specific known fault,General
Vauxhall,Mokka,2005,2026,Diesel,,,"Turbo, boost, injector and intake condition",Medium,60000,,General used-car buying-check trigger; not evidence this model has a specific known defect.,"Any turbo, injector, intercooler, boost-hose or intake repairs?","Check cold start, smoke, boost delivery, whistle and stored boost/fuelling faults.",300,2200,DG general UK buying-check framework,,general inspection risk — NOT a model-specific known fault,General
Vauxhall,Mokka,2005,2026,Petrol,,,"Ignition, oil-consumption and timing-system history",Medium,50000,,General used-car buying-check trigger; not evidence this model has a specific known defect.,"Any timing-chain/belt, coil, plug, oil-consumption or low-oil-pressure work?","Cold-start listen; check oil level/history, misfires and service invoices.",150,1800,DG general UK buying-check framework,,general inspection risk — NOT a model-specific known fault,General
Vauxhall,Mokka,2005,2026,Hybrid,,,"Hybrid battery, cooling and high-voltage warning history",Medium,70000,,General used-car buying-check trigger; not evidence this model has a specific known defect.,"Any hybrid battery, inverter or high-voltage repairs/health checks?","Check hybrid warnings, battery cooling intake and available health-check history.",300,3000,DG general UK buying-check framework,,general inspection risk — NOT a model-specific known fault,General
Vauxhall,Mokka,2005,2026,,automatic|auto|dsg|cvt|powershift|s-tronic,,Automatic transmission shift quality and service history,Medium,50000,,General used-car buying-check trigger; not evidence this model has a specific known defect.,"Any gearbox oil/service, clutch, mechatronic, valve-body or transmission repairs?","Road-test cold/hot for judder, flare, delayed engagement and harsh shifts.",350,3000,DG general UK buying-check framework,,general inspection risk — NOT a model-specific known fault,General
Vauxhall,Mokka,2005,2026,,manual,,Clutch and dual-mass flywheel condition where fitted,Medium,50000,,General used-car buying-check trigger; not evidence this model has a specific known defect.,Any clutch or dual-mass flywheel replacement?,"Check bite, slip under load, vibration/rattle and gear selection.",600,1800,DG general UK buying-check framework,,general inspection risk — NOT a model-specific known fault,General
Vauxhall,Insignia,2005,2026,,,,"Cooling system, coolant-loss and overheating history",Medium,50000,,General used-car buying-check trigger; not evidence this model has a specific known defect.,"Any coolant loss, overheating, water-pump, thermostat or radiator work?",Pressure-check cooling system; inspect coolant level/condition and temperature stability.,200,1200,DG general UK buying-check framework,,general inspection risk — NOT a model-specific known fault,General
Vauxhall,Insignia,2005,2026,,,,"Suspension, steering and wheel-bearing wear",Medium,50000,,General used-car buying-check trigger; not evidence this model has a specific known defect.,"Any recent arms, bushes, springs, dampers, steering or wheel-bearing work?",Road-test for knocks/play; inspect tyre wear and suspension condition.,200,1200,DG general UK buying-check framework,,general inspection risk — NOT a model-specific known fault,General
Vauxhall,Insignia,2005,2026,,,,"Electrical, battery, charging and infotainment faults",Medium,40000,,General used-car buying-check trigger; not evidence this model has a specific known defect.,"Any battery drain, charging, warning-light, screen, camera or electrical faults?",Scan modules; test every electrical function and battery/charging health.,120,1500,DG general UK buying-check framework,,general inspection risk — NOT a model-specific known fault,General
Vauxhall,Insignia,2005,2026,Diesel,,,Diesel emissions system: DPF/EGR/NOx/AdBlue condition,Medium,50000,,General used-car buying-check trigger; not evidence this model has a specific known defect.,"Any DPF, EGR, NOx, AdBlue, forced-regeneration or emissions repairs?","Scan for emissions faults; check smoke, warning history and regeneration behaviour.",300,1800,DG general UK buying-check framework,,general inspection risk — NOT a model-specific known fault,General
Vauxhall,Insignia,2005,2026,Diesel,,,"Turbo, boost, injector and intake condition",Medium,60000,,General used-car buying-check trigger; not evidence this model has a specific known defect.,"Any turbo, injector, intercooler, boost-hose or intake repairs?","Check cold start, smoke, boost delivery, whistle and stored boost/fuelling faults.",300,2200,DG general UK buying-check framework,,general inspection risk — NOT a model-specific known fault,General
Vauxhall,Insignia,2005,2026,Petrol,,,"Ignition, oil-consumption and timing-system history",Medium,50000,,General used-car buying-check trigger; not evidence this model has a specific known defect.,"Any timing-chain/belt, coil, plug, oil-consumption or low-oil-pressure work?","Cold-start listen; check oil level/history, misfires and service invoices.",150,1800,DG general UK buying-check framework,,general inspection risk — NOT a model-specific known fault,General
Vauxhall,Insignia,2005,2026,Hybrid,,,"Hybrid battery, cooling and high-voltage warning history",Medium,70000,,General used-car buying-check trigger; not evidence this model has a specific known defect.,"Any hybrid battery, inverter or high-voltage repairs/health checks?","Check hybrid warnings, battery cooling intake and available health-check history.",300,3000,DG general UK buying-check framework,,general inspection risk — NOT a model-specific known fault,General
Vauxhall,Insignia,2005,2026,,automatic|auto|dsg|cvt|powershift|s-tronic,,Automatic transmission shift quality and service history,Medium,50000,,General used-car buying-check trigger; not evidence this model has a specific known defect.,"Any gearbox oil/service, clutch, mechatronic, valve-body or transmission repairs?","Road-test cold/hot for judder, flare, delayed engagement and harsh shifts.",350,3000,DG general UK buying-check framework,,general inspection risk — NOT a model-specific known fault,General
Vauxhall,Insignia,2005,2026,,manual,,Clutch and dual-mass flywheel condition where fitted,Medium,50000,,General used-car buying-check trigger; not evidence this model has a specific known defect.,Any clutch or dual-mass flywheel replacement?,"Check bite, slip under load, vibration/rattle and gear selection.",600,1800,DG general UK buying-check framework,,general inspection risk — NOT a model-specific known fault,General
Vauxhall,Crossland,2005,2026,,,,"Cooling system, coolant-loss and overheating history",Medium,50000,,General used-car buying-check trigger; not evidence this model has a specific known defect.,"Any coolant loss, overheating, water-pump, thermostat or radiator work?",Pressure-check cooling system; inspect coolant level/condition and temperature stability.,200,1200,DG general UK buying-check framework,,general inspection risk — NOT a model-specific known fault,General
Vauxhall,Crossland,2005,2026,,,,"Suspension, steering and wheel-bearing wear",Medium,50000,,General used-car buying-check trigger; not evidence this model has a specific known defect.,"Any recent arms, bushes, springs, dampers, steering or wheel-bearing work?",Road-test for knocks/play; inspect tyre wear and suspension condition.,200,1200,DG general UK buying-check framework,,general inspection risk — NOT a model-specific known fault,General
Vauxhall,Crossland,2005,2026,,,,"Electrical, battery, charging and infotainment faults",Medium,40000,,General used-car buying-check trigger; not evidence this model has a specific known defect.,"Any battery drain, charging, warning-light, screen, camera or electrical faults?",Scan modules; test every electrical function and battery/charging health.,120,1500,DG general UK buying-check framework,,general inspection risk — NOT a model-specific known fault,General
Vauxhall,Crossland,2005,2026,Diesel,,,Diesel emissions system: DPF/EGR/NOx/AdBlue condition,Medium,50000,,General used-car buying-check trigger; not evidence this model has a specific known defect.,"Any DPF, EGR, NOx, AdBlue, forced-regeneration or emissions repairs?","Scan for emissions faults; check smoke, warning history and regeneration behaviour.",300,1800,DG general UK buying-check framework,,general inspection risk — NOT a model-specific known fault,General
Vauxhall,Crossland,2005,2026,Diesel,,,"Turbo, boost, injector and intake condition",Medium,60000,,General used-car buying-check trigger; not evidence this model has a specific known defect.,"Any turbo, injector, intercooler, boost-hose or intake repairs?","Check cold start, smoke, boost delivery, whistle and stored boost/fuelling faults.",300,2200,DG general UK buying-check framework,,general inspection risk — NOT a model-specific known fault,General
Vauxhall,Crossland,2005,2026,Petrol,,,"Ignition, oil-consumption and timing-system history",Medium,50000,,General used-car buying-check trigger; not evidence this model has a specific known defect.,"Any timing-chain/belt, coil, plug, oil-consumption or low-oil-pressure work?","Cold-start listen; check oil level/history, misfires and service invoices.",150,1800,DG general UK buying-check framework,,general inspection risk — NOT a model-specific known fault,General
Vauxhall,Crossland,2005,2026,Hybrid,,,"Hybrid battery, cooling and high-voltage warning history",Medium,70000,,General used-car buying-check trigger; not evidence this model has a specific known defect.,"Any hybrid battery, inverter or high-voltage repairs/health checks?","Check hybrid warnings, battery cooling intake and available health-check history.",300,3000,DG general UK buying-check framework,,general inspection risk — NOT a model-specific known fault,General
Vauxhall,Crossland,2005,2026,,automatic|auto|dsg|cvt|powershift|s-tronic,,Automatic transmission shift quality and service history,Medium,50000,,General used-car buying-check trigger; not evidence this model has a specific known defect.,"Any gearbox oil/service, clutch, mechatronic, valve-body or transmission repairs?","Road-test cold/hot for judder, flare, delayed engagement and harsh shifts.",350,3000,DG general UK buying-check framework,,general inspection risk — NOT a model-specific known fault,General
Vauxhall,Crossland,2005,2026,,manual,,Clutch and dual-mass flywheel condition where fitted,Medium,50000,,General used-car buying-check trigger; not evidence this model has a specific known defect.,Any clutch or dual-mass flywheel replacement?,"Check bite, slip under load, vibration/rattle and gear selection.",600,1800,DG general UK buying-check framework,,general inspection risk — NOT a model-specific known fault,General
Vauxhall,Grandland,2005,2026,,,,"Cooling system, coolant-loss and overheating history",Medium,50000,,General used-car buying-check trigger; not evidence this model has a specific known defect.,"Any coolant loss, overheating, water-pump, thermostat or radiator work?",Pressure-check cooling system; inspect coolant level/condition and temperature stability.,200,1200,DG general UK buying-check framework,,general inspection risk — NOT a model-specific known fault,General
Vauxhall,Grandland,2005,2026,,,,"Suspension, steering and wheel-bearing wear",Medium,50000,,General used-car buying-check trigger; not evidence this model has a specific known defect.,"Any recent arms, bushes, springs, dampers, steering or wheel-bearing work?",Road-test for knocks/play; inspect tyre wear and suspension condition.,200,1200,DG general UK buying-check framework,,general inspection risk — NOT a model-specific known fault,General
Vauxhall,Grandland,2005,2026,,,,"Electrical, battery, charging and infotainment faults",Medium,40000,,General used-car buying-check trigger; not evidence this model has a specific known defect.,"Any battery drain, charging, warning-light, screen, camera or electrical faults?",Scan modules; test every electrical function and battery/charging health.,120,1500,DG general UK buying-check framework,,general inspection risk — NOT a model-specific known fault,General
Vauxhall,Grandland,2005,2026,Diesel,,,Diesel emissions system: DPF/EGR/NOx/AdBlue condition,Medium,50000,,General used-car buying-check trigger; not evidence this model has a specific known defect.,"Any DPF, EGR, NOx, AdBlue, forced-regeneration or emissions repairs?","Scan for emissions faults; check smoke, warning history and regeneration behaviour.",300,1800,DG general UK buying-check framework,,general inspection risk — NOT a model-specific known fault,General
Vauxhall,Grandland,2005,2026,Diesel,,,"Turbo, boost, injector and intake condition",Medium,60000,,General used-car buying-check trigger; not evidence this model has a specific known defect.,"Any turbo, injector, intercooler, boost-hose or intake repairs?","Check cold start, smoke, boost delivery, whistle and stored boost/fuelling faults.",300,2200,DG general UK buying-check framework,,general inspection risk — NOT a model-specific known fault,General
Vauxhall,Grandland,2005,2026,Petrol,,,"Ignition, oil-consumption and timing-system history",Medium,50000,,General used-car buying-check trigger; not evidence this model has a specific known defect.,"Any timing-chain/belt, coil, plug, oil-consumption or low-oil-pressure work?","Cold-start listen; check oil level/history, misfires and service invoices.",150,1800,DG general UK buying-check framework,,general inspection risk — NOT a model-specific known fault,General
Vauxhall,Grandland,2005,2026,Hybrid,,,"Hybrid battery, cooling and high-voltage warning history",Medium,70000,,General used-car buying-check trigger; not evidence this model has a specific known defect.,"Any hybrid battery, inverter or high-voltage repairs/health checks?","Check hybrid warnings, battery cooling intake and available health-check history.",300,3000,DG general UK buying-check framework,,general inspection risk — NOT a model-specific known fault,General
Vauxhall,Grandland,2005,2026,,automatic|auto|dsg|cvt|powershift|s-tronic,,Automatic transmission shift quality and service history,Medium,50000,,General used-car buying-check trigger; not evidence this model has a specific known defect.,"Any gearbox oil/service, clutch, mechatronic, valve-body or transmission repairs?","Road-test cold/hot for judder, flare, delayed engagement and harsh shifts.",350,3000,DG general UK buying-check framework,,general inspection risk — NOT a model-specific known fault,General
Vauxhall,Grandland,2005,2026,,manual,,Clutch and dual-mass flywheel condition where fitted,Medium,50000,,General used-car buying-check trigger; not evidence this model has a specific known defect.,Any clutch or dual-mass flywheel replacement?,"Check bite, slip under load, vibration/rattle and gear selection.",600,1800,DG general UK buying-check framework,,general inspection risk — NOT a model-specific known fault,General
Vauxhall,Adam,2005,2026,,,,"Cooling system, coolant-loss and overheating history",Medium,50000,,General used-car buying-check trigger; not evidence this model has a specific known defect.,"Any coolant loss, overheating, water-pump, thermostat or radiator work?",Pressure-check cooling system; inspect coolant level/condition and temperature stability.,200,1200,DG general UK buying-check framework,,general inspection risk — NOT a model-specific known fault,General
Vauxhall,Adam,2005,2026,,,,"Suspension, steering and wheel-bearing wear",Medium,50000,,General used-car buying-check trigger; not evidence this model has a specific known defect.,"Any recent arms, bushes, springs, dampers, steering or wheel-bearing work?",Road-test for knocks/play; inspect tyre wear and suspension condition.,200,1200,DG general UK buying-check framework,,general inspection risk — NOT a model-specific known fault,General
Vauxhall,Adam,2005,2026,,,,"Electrical, battery, charging and infotainment faults",Medium,40000,,General used-car buying-check trigger; not evidence this model has a specific known defect.,"Any battery drain, charging, warning-light, screen, camera or electrical faults?",Scan modules; test every electrical function and battery/charging health.,120,1500,DG general UK buying-check framework,,general inspection risk — NOT a model-specific known fault,General
Vauxhall,Adam,2005,2026,Diesel,,,Diesel emissions system: DPF/EGR/NOx/AdBlue condition,Medium,50000,,General used-car buying-check trigger; not evidence this model has a specific known defect.,"Any DPF, EGR, NOx, AdBlue, forced-regeneration or emissions repairs?","Scan for emissions faults; check smoke, warning history and regeneration behaviour.",300,1800,DG general UK buying-check framework,,general inspection risk — NOT a model-specific known fault,General
Vauxhall,Adam,2005,2026,Diesel,,,"Turbo, boost, injector and intake condition",Medium,60000,,General used-car buying-check trigger; not evidence this model has a specific known defect.,"Any turbo, injector, intercooler, boost-hose or intake repairs?","Check cold start, smoke, boost delivery, whistle and stored boost/fuelling faults.",300,2200,DG general UK buying-check framework,,general inspection risk — NOT a model-specific known fault,General
Vauxhall,Adam,2005,2026,Petrol,,,"Ignition, oil-consumption and timing-system history",Medium,50000,,General used-car buying-check trigger; not evidence this model has a specific known defect.,"Any timing-chain/belt, coil, plug, oil-consumption or low-oil-pressure work?","Cold-start listen; check oil level/history, misfires and service invoices.",150,1800,DG general UK buying-check framework,,general inspection risk — NOT a model-specific known fault,General
Vauxhall,Adam,2005,2026,Hybrid,,,"Hybrid battery, cooling and high-voltage warning history",Medium,70000,,General used-car buying-check trigger; not evidence this model has a specific known defect.,"Any hybrid battery, inverter or high-voltage repairs/health checks?","Check hybrid warnings, battery cooling intake and available health-check history.",300,3000,DG general UK buying-check framework,,general inspection risk — NOT a model-specific known fault,General
Vauxhall,Adam,2005,2026,,automatic|auto|dsg|cvt|powershift|s-tronic,,Automatic transmission shift quality and service history,Medium,50000,,General used-car buying-check trigger; not evidence this model has a specific known defect.,"Any gearbox oil/service, clutch, mechatronic, valve-body or transmission repairs?","Road-test cold/hot for judder, flare, delayed engagement and harsh shifts.",350,3000,DG general UK buying-check framework,,general inspection risk — NOT a model-specific known fault,General
Vauxhall,Adam,2005,2026,,manual,,Clutch and dual-mass flywheel condition where fitted,Medium,50000,,General used-car buying-check trigger; not evidence this model has a specific known defect.,Any clutch or dual-mass flywheel replacement?,"Check bite, slip under load, vibration/rattle and gear selection.",600,1800,DG general UK buying-check framework,,general inspection risk — NOT a model-specific known fault,General
Nissan,Juke,2005,2026,,,,"Cooling system, coolant-loss and overheating history",Medium,50000,,General used-car buying-check trigger; not evidence this model has a specific known defect.,"Any coolant loss, overheating, water-pump, thermostat or radiator work?",Pressure-check cooling system; inspect coolant level/condition and temperature stability.,200,1200,DG general UK buying-check framework,,general inspection risk — NOT a model-specific known fault,General
Nissan,Juke,2005,2026,,,,"Suspension, steering and wheel-bearing wear",Medium,50000,,General used-car buying-check trigger; not evidence this model has a specific known defect.,"Any recent arms, bushes, springs, dampers, steering or wheel-bearing work?",Road-test for knocks/play; inspect tyre wear and suspension condition.,200,1200,DG general UK buying-check framework,,general inspection risk — NOT a model-specific known fault,General
Nissan,Juke,2005,2026,,,,"Electrical, battery, charging and infotainment faults",Medium,40000,,General used-car buying-check trigger; not evidence this model has a specific known defect.,"Any battery drain, charging, warning-light, screen, camera or electrical faults?",Scan modules; test every electrical function and battery/charging health.,120,1500,DG general UK buying-check framework,,general inspection risk — NOT a model-specific known fault,General
Nissan,Juke,2005,2026,Diesel,,,Diesel emissions system: DPF/EGR/NOx/AdBlue condition,Medium,50000,,General used-car buying-check trigger; not evidence this model has a specific known defect.,"Any DPF, EGR, NOx, AdBlue, forced-regeneration or emissions repairs?","Scan for emissions faults; check smoke, warning history and regeneration behaviour.",300,1800,DG general UK buying-check framework,,general inspection risk — NOT a model-specific known fault,General
Nissan,Juke,2005,2026,Diesel,,,"Turbo, boost, injector and intake condition",Medium,60000,,General used-car buying-check trigger; not evidence this model has a specific known defect.,"Any turbo, injector, intercooler, boost-hose or intake repairs?","Check cold start, smoke, boost delivery, whistle and stored boost/fuelling faults.",300,2200,DG general UK buying-check framework,,general inspection risk — NOT a model-specific known fault,General
Nissan,Juke,2005,2026,Petrol,,,"Ignition, oil-consumption and timing-system history",Medium,50000,,General used-car buying-check trigger; not evidence this model has a specific known defect.,"Any timing-chain/belt, coil, plug, oil-consumption or low-oil-pressure work?","Cold-start listen; check oil level/history, misfires and service invoices.",150,1800,DG general UK buying-check framework,,general inspection risk — NOT a model-specific known fault,General
Nissan,Juke,2005,2026,Hybrid,,,"Hybrid battery, cooling and high-voltage warning history",Medium,70000,,General used-car buying-check trigger; not evidence this model has a specific known defect.,"Any hybrid battery, inverter or high-voltage repairs/health checks?","Check hybrid warnings, battery cooling intake and available health-check history.",300,3000,DG general UK buying-check framework,,general inspection risk — NOT a model-specific known fault,General
Nissan,Juke,2005,2026,,automatic|auto|dsg|cvt|powershift|s-tronic,,Automatic transmission shift quality and service history,Medium,50000,,General used-car buying-check trigger; not evidence this model has a specific known defect.,"Any gearbox oil/service, clutch, mechatronic, valve-body or transmission repairs?","Road-test cold/hot for judder, flare, delayed engagement and harsh shifts.",350,3000,DG general UK buying-check framework,,general inspection risk — NOT a model-specific known fault,General
Nissan,Juke,2005,2026,,manual,,Clutch and dual-mass flywheel condition where fitted,Medium,50000,,General used-car buying-check trigger; not evidence this model has a specific known defect.,Any clutch or dual-mass flywheel replacement?,"Check bite, slip under load, vibration/rattle and gear selection.",600,1800,DG general UK buying-check framework,,general inspection risk — NOT a model-specific known fault,General
Nissan,Micra,2005,2026,,,,"Cooling system, coolant-loss and overheating history",Medium,50000,,General used-car buying-check trigger; not evidence this model has a specific known defect.,"Any coolant loss, overheating, water-pump, thermostat or radiator work?",Pressure-check cooling system; inspect coolant level/condition and temperature stability.,200,1200,DG general UK buying-check framework,,general inspection risk — NOT a model-specific known fault,General
Nissan,Micra,2005,2026,,,,"Suspension, steering and wheel-bearing wear",Medium,50000,,General used-car buying-check trigger; not evidence this model has a specific known defect.,"Any recent arms, bushes, springs, dampers, steering or wheel-bearing work?",Road-test for knocks/play; inspect tyre wear and suspension condition.,200,1200,DG general UK buying-check framework,,general inspection risk — NOT a model-specific known fault,General
Nissan,Micra,2005,2026,,,,"Electrical, battery, charging and infotainment faults",Medium,40000,,General used-car buying-check trigger; not evidence this model has a specific known defect.,"Any battery drain, charging, warning-light, screen, camera or electrical faults?",Scan modules; test every electrical function and battery/charging health.,120,1500,DG general UK buying-check framework,,general inspection risk — NOT a model-specific known fault,General
Nissan,Micra,2005,2026,Diesel,,,Diesel emissions system: DPF/EGR/NOx/AdBlue condition,Medium,50000,,General used-car buying-check trigger; not evidence this model has a specific known defect.,"Any DPF, EGR, NOx, AdBlue, forced-regeneration or emissions repairs?","Scan for emissions faults; check smoke, warning history and regeneration behaviour.",300,1800,DG general UK buying-check framework,,general inspection risk — NOT a model-specific known fault,General
Nissan,Micra,2005,2026,Diesel,,,"Turbo, boost, injector and intake condition",Medium,60000,,General used-car buying-check trigger; not evidence this model has a specific known defect.,"Any turbo, injector, intercooler, boost-hose or intake repairs?","Check cold start, smoke, boost delivery, whistle and stored boost/fuelling faults.",300,2200,DG general UK buying-check framework,,general inspection risk — NOT a model-specific known fault,General
Nissan,Micra,2005,2026,Petrol,,,"Ignition, oil-consumption and timing-system history",Medium,50000,,General used-car buying-check trigger; not evidence this model has a specific known defect.,"Any timing-chain/belt, coil, plug, oil-consumption or low-oil-pressure work?","Cold-start listen; check oil level/history, misfires and service invoices.",150,1800,DG general UK buying-check framework,,general inspection risk — NOT a model-specific known fault,General
Nissan,Micra,2005,2026,Hybrid,,,"Hybrid battery, cooling and high-voltage warning history",Medium,70000,,General used-car buying-check trigger; not evidence this model has a specific known defect.,"Any hybrid battery, inverter or high-voltage repairs/health checks?","Check hybrid warnings, battery cooling intake and available health-check history.",300,3000,DG general UK buying-check framework,,general inspection risk — NOT a model-specific known fault,General
Nissan,Micra,2005,2026,,automatic|auto|dsg|cvt|powershift|s-tronic,,Automatic transmission shift quality and service history,Medium,50000,,General used-car buying-check trigger; not evidence this model has a specific known defect.,"Any gearbox oil/service, clutch, mechatronic, valve-body or transmission repairs?","Road-test cold/hot for judder, flare, delayed engagement and harsh shifts.",350,3000,DG general UK buying-check framework,,general inspection risk — NOT a model-specific known fault,General
Nissan,Micra,2005,2026,,manual,,Clutch and dual-mass flywheel condition where fitted,Medium,50000,,General used-car buying-check trigger; not evidence this model has a specific known defect.,Any clutch or dual-mass flywheel replacement?,"Check bite, slip under load, vibration/rattle and gear selection.",600,1800,DG general UK buying-check framework,,general inspection risk — NOT a model-specific known fault,General
Nissan,X-Trail,2005,2026,,,,"Cooling system, coolant-loss and overheating history",Medium,50000,,General used-car buying-check trigger; not evidence this model has a specific known defect.,"Any coolant loss, overheating, water-pump, thermostat or radiator work?",Pressure-check cooling system; inspect coolant level/condition and temperature stability.,200,1200,DG general UK buying-check framework,,general inspection risk — NOT a model-specific known fault,General
Nissan,X-Trail,2005,2026,,,,"Suspension, steering and wheel-bearing wear",Medium,50000,,General used-car buying-check trigger; not evidence this model has a specific known defect.,"Any recent arms, bushes, springs, dampers, steering or wheel-bearing work?",Road-test for knocks/play; inspect tyre wear and suspension condition.,200,1200,DG general UK buying-check framework,,general inspection risk — NOT a model-specific known fault,General
Nissan,X-Trail,2005,2026,,,,"Electrical, battery, charging and infotainment faults",Medium,40000,,General used-car buying-check trigger; not evidence this model has a specific known defect.,"Any battery drain, charging, warning-light, screen, camera or electrical faults?",Scan modules; test every electrical function and battery/charging health.,120,1500,DG general UK buying-check framework,,general inspection risk — NOT a model-specific known fault,General
Nissan,X-Trail,2005,2026,Diesel,,,Diesel emissions system: DPF/EGR/NOx/AdBlue condition,Medium,50000,,General used-car buying-check trigger; not evidence this model has a specific known defect.,"Any DPF, EGR, NOx, AdBlue, forced-regeneration or emissions repairs?","Scan for emissions faults; check smoke, warning history and regeneration behaviour.",300,1800,DG general UK buying-check framework,,general inspection risk — NOT a model-specific known fault,General
Nissan,X-Trail,2005,2026,Diesel,,,"Turbo, boost, injector and intake condition",Medium,60000,,General used-car buying-check trigger; not evidence this model has a specific known defect.,"Any turbo, injector, intercooler, boost-hose or intake repairs?","Check cold start, smoke, boost delivery, whistle and stored boost/fuelling faults.",300,2200,DG general UK buying-check framework,,general inspection risk — NOT a model-specific known fault,General
Nissan,X-Trail,2005,2026,Petrol,,,"Ignition, oil-consumption and timing-system history",Medium,50000,,General used-car buying-check trigger; not evidence this model has a specific known defect.,"Any timing-chain/belt, coil, plug, oil-consumption or low-oil-pressure work?","Cold-start listen; check oil level/history, misfires and service invoices.",150,1800,DG general UK buying-check framework,,general inspection risk — NOT a model-specific known fault,General
Nissan,X-Trail,2005,2026,Hybrid,,,"Hybrid battery, cooling and high-voltage warning history",Medium,70000,,General used-car buying-check trigger; not evidence this model has a specific known defect.,"Any hybrid battery, inverter or high-voltage repairs/health checks?","Check hybrid warnings, battery cooling intake and available health-check history.",300,3000,DG general UK buying-check framework,,general inspection risk — NOT a model-specific known fault,General
Nissan,X-Trail,2005,2026,,automatic|auto|dsg|cvt|powershift|s-tronic,,Automatic transmission shift quality and service history,Medium,50000,,General used-car buying-check trigger; not evidence this model has a specific known defect.,"Any gearbox oil/service, clutch, mechatronic, valve-body or transmission repairs?","Road-test cold/hot for judder, flare, delayed engagement and harsh shifts.",350,3000,DG general UK buying-check framework,,general inspection risk — NOT a model-specific known fault,General
Nissan,X-Trail,2005,2026,,manual,,Clutch and dual-mass flywheel condition where fitted,Medium,50000,,General used-car buying-check trigger; not evidence this model has a specific known defect.,Any clutch or dual-mass flywheel replacement?,"Check bite, slip under load, vibration/rattle and gear selection.",600,1800,DG general UK buying-check framework,,general inspection risk — NOT a model-specific known fault,General
Nissan,Note,2005,2026,,,,"Cooling system, coolant-loss and overheating history",Medium,50000,,General used-car buying-check trigger; not evidence this model has a specific known defect.,"Any coolant loss, overheating, water-pump, thermostat or radiator work?",Pressure-check cooling system; inspect coolant level/condition and temperature stability.,200,1200,DG general UK buying-check framework,,general inspection risk — NOT a model-specific known fault,General
Nissan,Note,2005,2026,,,,"Suspension, steering and wheel-bearing wear",Medium,50000,,General used-car buying-check trigger; not evidence this model has a specific known defect.,"Any recent arms, bushes, springs, dampers, steering or wheel-bearing work?",Road-test for knocks/play; inspect tyre wear and suspension condition.,200,1200,DG general UK buying-check framework,,general inspection risk — NOT a model-specific known fault,General
Nissan,Note,2005,2026,,,,"Electrical, battery, charging and infotainment faults",Medium,40000,,General used-car buying-check trigger; not evidence this model has a specific known defect.,"Any battery drain, charging, warning-light, screen, camera or electrical faults?",Scan modules; test every electrical function and battery/charging health.,120,1500,DG general UK buying-check framework,,general inspection risk — NOT a model-specific known fault,General
Nissan,Note,2005,2026,Diesel,,,Diesel emissions system: DPF/EGR/NOx/AdBlue condition,Medium,50000,,General used-car buying-check trigger; not evidence this model has a specific known defect.,"Any DPF, EGR, NOx, AdBlue, forced-regeneration or emissions repairs?","Scan for emissions faults; check smoke, warning history and regeneration behaviour.",300,1800,DG general UK buying-check framework,,general inspection risk — NOT a model-specific known fault,General
Nissan,Note,2005,2026,Diesel,,,"Turbo, boost, injector and intake condition",Medium,60000,,General used-car buying-check trigger; not evidence this model has a specific known defect.,"Any turbo, injector, intercooler, boost-hose or intake repairs?","Check cold start, smoke, boost delivery, whistle and stored boost/fuelling faults.",300,2200,DG general UK buying-check framework,,general inspection risk — NOT a model-specific known fault,General
Nissan,Note,2005,2026,Petrol,,,"Ignition, oil-consumption and timing-system history",Medium,50000,,General used-car buying-check trigger; not evidence this model has a specific known defect.,"Any timing-chain/belt, coil, plug, oil-consumption or low-oil-pressure work?","Cold-start listen; check oil level/history, misfires and service invoices.",150,1800,DG general UK buying-check framework,,general inspection risk — NOT a model-specific known fault,General
Nissan,Note,2005,2026,Hybrid,,,"Hybrid battery, cooling and high-voltage warning history",Medium,70000,,General used-car buying-check trigger; not evidence this model has a specific known defect.,"Any hybrid battery, inverter or high-voltage repairs/health checks?","Check hybrid warnings, battery cooling intake and available health-check history.",300,3000,DG general UK buying-check framework,,general inspection risk — NOT a model-specific known fault,General
Nissan,Note,2005,2026,,automatic|auto|dsg|cvt|powershift|s-tronic,,Automatic transmission shift quality and service history,Medium,50000,,General used-car buying-check trigger; not evidence this model has a specific known defect.,"Any gearbox oil/service, clutch, mechatronic, valve-body or transmission repairs?","Road-test cold/hot for judder, flare, delayed engagement and harsh shifts.",350,3000,DG general UK buying-check framework,,general inspection risk — NOT a model-specific known fault,General
Nissan,Note,2005,2026,,manual,,Clutch and dual-mass flywheel condition where fitted,Medium,50000,,General used-car buying-check trigger; not evidence this model has a specific known defect.,Any clutch or dual-mass flywheel replacement?,"Check bite, slip under load, vibration/rattle and gear selection.",600,1800,DG general UK buying-check framework,,general inspection risk — NOT a model-specific known fault,General
Nissan,Pulsar,2005,2026,,,,"Cooling system, coolant-loss and overheating history",Medium,50000,,General used-car buying-check trigger; not evidence this model has a specific known defect.,"Any coolant loss, overheating, water-pump, thermostat or radiator work?",Pressure-check cooling system; inspect coolant level/condition and temperature stability.,200,1200,DG general UK buying-check framework,,general inspection risk — NOT a model-specific known fault,General
Nissan,Pulsar,2005,2026,,,,"Suspension, steering and wheel-bearing wear",Medium,50000,,General used-car buying-check trigger; not evidence this model has a specific known defect.,"Any recent arms, bushes, springs, dampers, steering or wheel-bearing work?",Road-test for knocks/play; inspect tyre wear and suspension condition.,200,1200,DG general UK buying-check framework,,general inspection risk — NOT a model-specific known fault,General
Nissan,Pulsar,2005,2026,,,,"Electrical, battery, charging and infotainment faults",Medium,40000,,General used-car buying-check trigger; not evidence this model has a specific known defect.,"Any battery drain, charging, warning-light, screen, camera or electrical faults?",Scan modules; test every electrical function and battery/charging health.,120,1500,DG general UK buying-check framework,,general inspection risk — NOT a model-specific known fault,General
Nissan,Pulsar,2005,2026,Diesel,,,Diesel emissions system: DPF/EGR/NOx/AdBlue condition,Medium,50000,,General used-car buying-check trigger; not evidence this model has a specific known defect.,"Any DPF, EGR, NOx, AdBlue, forced-regeneration or emissions repairs?","Scan for emissions faults; check smoke, warning history and regeneration behaviour.",300,1800,DG general UK buying-check framework,,general inspection risk — NOT a model-specific known fault,General
Nissan,Pulsar,2005,2026,Diesel,,,"Turbo, boost, injector and intake condition",Medium,60000,,General used-car buying-check trigger; not evidence this model has a specific known defect.,"Any turbo, injector, intercooler, boost-hose or intake repairs?","Check cold start, smoke, boost delivery, whistle and stored boost/fuelling faults.",300,2200,DG general UK buying-check framework,,general inspection risk — NOT a model-specific known fault,General
Nissan,Pulsar,2005,2026,Petrol,,,"Ignition, oil-consumption and timing-system history",Medium,50000,,General used-car buying-check trigger; not evidence this model has a specific known defect.,"Any timing-chain/belt, coil, plug, oil-consumption or low-oil-pressure work?","Cold-start listen; check oil level/history, misfires and service invoices.",150,1800,DG general UK buying-check framework,,general inspection risk — NOT a model-specific known fault,General
Nissan,Pulsar,2005,2026,Hybrid,,,"Hybrid battery, cooling and high-voltage warning history",Medium,70000,,General used-car buying-check trigger; not evidence this model has a specific known defect.,"Any hybrid battery, inverter or high-voltage repairs/health checks?","Check hybrid warnings, battery cooling intake and available health-check history.",300,3000,DG general UK buying-check framework,,general inspection risk — NOT a model-specific known fault,General
Nissan,Pulsar,2005,2026,,automatic|auto|dsg|cvt|powershift|s-tronic,,Automatic transmission shift quality and service history,Medium,50000,,General used-car buying-check trigger; not evidence this model has a specific known defect.,"Any gearbox oil/service, clutch, mechatronic, valve-body or transmission repairs?","Road-test cold/hot for judder, flare, delayed engagement and harsh shifts.",350,3000,DG general UK buying-check framework,,general inspection risk — NOT a model-specific known fault,General
Nissan,Pulsar,2005,2026,,manual,,Clutch and dual-mass flywheel condition where fitted,Medium,50000,,General used-car buying-check trigger; not evidence this model has a specific known defect.,Any clutch or dual-mass flywheel replacement?,"Check bite, slip under load, vibration/rattle and gear selection.",600,1800,DG general UK buying-check framework,,general inspection risk — NOT a model-specific known fault,General
Renault,Clio,2005,2026,,,,"Cooling system, coolant-loss and overheating history",Medium,50000,,General used-car buying-check trigger; not evidence this model has a specific known defect.,"Any coolant loss, overheating, water-pump, thermostat or radiator work?",Pressure-check cooling system; inspect coolant level/condition and temperature stability.,200,1200,DG general UK buying-check framework,,general inspection risk — NOT a model-specific known fault,General
Renault,Clio,2005,2026,,,,"Suspension, steering and wheel-bearing wear",Medium,50000,,General used-car buying-check trigger; not evidence this model has a specific known defect.,"Any recent arms, bushes, springs, dampers, steering or wheel-bearing work?",Road-test for knocks/play; inspect tyre wear and suspension condition.,200,1200,DG general UK buying-check framework,,general inspection risk — NOT a model-specific known fault,General
Renault,Clio,2005,2026,,,,"Electrical, battery, charging and infotainment faults",Medium,40000,,General used-car buying-check trigger; not evidence this model has a specific known defect.,"Any battery drain, charging, warning-light, screen, camera or electrical faults?",Scan modules; test every electrical function and battery/charging health.,120,1500,DG general UK buying-check framework,,general inspection risk — NOT a model-specific known fault,General
Renault,Clio,2005,2026,Diesel,,,Diesel emissions system: DPF/EGR/NOx/AdBlue condition,Medium,50000,,General used-car buying-check trigger; not evidence this model has a specific known defect.,"Any DPF, EGR, NOx, AdBlue, forced-regeneration or emissions repairs?","Scan for emissions faults; check smoke, warning history and regeneration behaviour.",300,1800,DG general UK buying-check framework,,general inspection risk — NOT a model-specific known fault,General
Renault,Clio,2005,2026,Diesel,,,"Turbo, boost, injector and intake condition",Medium,60000,,General used-car buying-check trigger; not evidence this model has a specific known defect.,"Any turbo, injector, intercooler, boost-hose or intake repairs?","Check cold start, smoke, boost delivery, whistle and stored boost/fuelling faults.",300,2200,DG general UK buying-check framework,,general inspection risk — NOT a model-specific known fault,General
Renault,Clio,2005,2026,Petrol,,,"Ignition, oil-consumption and timing-system history",Medium,50000,,General used-car buying-check trigger; not evidence this model has a specific known defect.,"Any timing-chain/belt, coil, plug, oil-consumption or low-oil-pressure work?","Cold-start listen; check oil level/history, misfires and service invoices.",150,1800,DG general UK buying-check framework,,general inspection risk — NOT a model-specific known fault,General
Renault,Clio,2005,2026,Hybrid,,,"Hybrid battery, cooling and high-voltage warning history",Medium,70000,,General used-car buying-check trigger; not evidence this model has a specific known defect.,"Any hybrid battery, inverter or high-voltage repairs/health checks?","Check hybrid warnings, battery cooling intake and available health-check history.",300,3000,DG general UK buying-check framework,,general inspection risk — NOT a model-specific known fault,General
Renault,Clio,2005,2026,,automatic|auto|dsg|cvt|powershift|s-tronic,,Automatic transmission shift quality and service history,Medium,50000,,General used-car buying-check trigger; not evidence this model has a specific known defect.,"Any gearbox oil/service, clutch, mechatronic, valve-body or transmission repairs?","Road-test cold/hot for judder, flare, delayed engagement and harsh shifts.",350,3000,DG general UK buying-check framework,,general inspection risk — NOT a model-specific known fault,General
Renault,Clio,2005,2026,,manual,,Clutch and dual-mass flywheel condition where fitted,Medium,50000,,General used-car buying-check trigger; not evidence this model has a specific known defect.,Any clutch or dual-mass flywheel replacement?,"Check bite, slip under load, vibration/rattle and gear selection.",600,1800,DG general UK buying-check framework,,general inspection risk — NOT a model-specific known fault,General
Renault,Megane,2005,2026,,,,"Cooling system, coolant-loss and overheating history",Medium,50000,,General used-car buying-check trigger; not evidence this model has a specific known defect.,"Any coolant loss, overheating, water-pump, thermostat or radiator work?",Pressure-check cooling system; inspect coolant level/condition and temperature stability.,200,1200,DG general UK buying-check framework,,general inspection risk — NOT a model-specific known fault,General
Renault,Megane,2005,2026,,,,"Suspension, steering and wheel-bearing wear",Medium,50000,,General used-car buying-check trigger; not evidence this model has a specific known defect.,"Any recent arms, bushes, springs, dampers, steering or wheel-bearing work?",Road-test for knocks/play; inspect tyre wear and suspension condition.,200,1200,DG general UK buying-check framework,,general inspection risk — NOT a model-specific known fault,General
Renault,Megane,2005,2026,,,,"Electrical, battery, charging and infotainment faults",Medium,40000,,General used-car buying-check trigger; not evidence this model has a specific known defect.,"Any battery drain, charging, warning-light, screen, camera or electrical faults?",Scan modules; test every electrical function and battery/charging health.,120,1500,DG general UK buying-check framework,,general inspection risk — NOT a model-specific known fault,General
Renault,Megane,2005,2026,Diesel,,,Diesel emissions system: DPF/EGR/NOx/AdBlue condition,Medium,50000,,General used-car buying-check trigger; not evidence this model has a specific known defect.,"Any DPF, EGR, NOx, AdBlue, forced-regeneration or emissions repairs?","Scan for emissions faults; check smoke, warning history and regeneration behaviour.",300,1800,DG general UK buying-check framework,,general inspection risk — NOT a model-specific known fault,General
Renault,Megane,2005,2026,Diesel,,,"Turbo, boost, injector and intake condition",Medium,60000,,General used-car buying-check trigger; not evidence this model has a specific known defect.,"Any turbo, injector, intercooler, boost-hose or intake repairs?","Check cold start, smoke, boost delivery, whistle and stored boost/fuelling faults.",300,2200,DG general UK buying-check framework,,general inspection risk — NOT a model-specific known fault,General
Renault,Megane,2005,2026,Petrol,,,"Ignition, oil-consumption and timing-system history",Medium,50000,,General used-car buying-check trigger; not evidence this model has a specific known defect.,"Any timing-chain/belt, coil, plug, oil-consumption or low-oil-pressure work?","Cold-start listen; check oil level/history, misfires and service invoices.",150,1800,DG general UK buying-check framework,,general inspection risk — NOT a model-specific known fault,General
Renault,Megane,2005,2026,Hybrid,,,"Hybrid battery, cooling and high-voltage warning history",Medium,70000,,General used-car buying-check trigger; not evidence this model has a specific known defect.,"Any hybrid battery, inverter or high-voltage repairs/health checks?","Check hybrid warnings, battery cooling intake and available health-check history.",300,3000,DG general UK buying-check framework,,general inspection risk — NOT a model-specific known fault,General
Renault,Megane,2005,2026,,automatic|auto|dsg|cvt|powershift|s-tronic,,Automatic transmission shift quality and service history,Medium,50000,,General used-car buying-check trigger; not evidence this model has a specific known defect.,"Any gearbox oil/service, clutch, mechatronic, valve-body or transmission repairs?","Road-test cold/hot for judder, flare, delayed engagement and harsh shifts.",350,3000,DG general UK buying-check framework,,general inspection risk — NOT a model-specific known fault,General
Renault,Megane,2005,2026,,manual,,Clutch and dual-mass flywheel condition where fitted,Medium,50000,,General used-car buying-check trigger; not evidence this model has a specific known defect.,Any clutch or dual-mass flywheel replacement?,"Check bite, slip under load, vibration/rattle and gear selection.",600,1800,DG general UK buying-check framework,,general inspection risk — NOT a model-specific known fault,General
Renault,Captur,2005,2026,,,,"Cooling system, coolant-loss and overheating history",Medium,50000,,General used-car buying-check trigger; not evidence this model has a specific known defect.,"Any coolant loss, overheating, water-pump, thermostat or radiator work?",Pressure-check cooling system; inspect coolant level/condition and temperature stability.,200,1200,DG general UK buying-check framework,,general inspection risk — NOT a model-specific known fault,General
Renault,Captur,2005,2026,,,,"Suspension, steering and wheel-bearing wear",Medium,50000,,General used-car buying-check trigger; not evidence this model has a specific known defect.,"Any recent arms, bushes, springs, dampers, steering or wheel-bearing work?",Road-test for knocks/play; inspect tyre wear and suspension condition.,200,1200,DG general UK buying-check framework,,general inspection risk — NOT a model-specific known fault,General
Renault,Captur,2005,2026,,,,"Electrical, battery, charging and infotainment faults",Medium,40000,,General used-car buying-check trigger; not evidence this model has a specific known defect.,"Any battery drain, charging, warning-light, screen, camera or electrical faults?",Scan modules; test every electrical function and battery/charging health.,120,1500,DG general UK buying-check framework,,general inspection risk — NOT a model-specific known fault,General
Renault,Captur,2005,2026,Diesel,,,Diesel emissions system: DPF/EGR/NOx/AdBlue condition,Medium,50000,,General used-car buying-check trigger; not evidence this model has a specific known defect.,"Any DPF, EGR, NOx, AdBlue, forced-regeneration or emissions repairs?","Scan for emissions faults; check smoke, warning history and regeneration behaviour.",300,1800,DG general UK buying-check framework,,general inspection risk — NOT a model-specific known fault,General
Renault,Captur,2005,2026,Diesel,,,"Turbo, boost, injector and intake condition",Medium,60000,,General used-car buying-check trigger; not evidence this model has a specific known defect.,"Any turbo, injector, intercooler, boost-hose or intake repairs?","Check cold start, smoke, boost delivery, whistle and stored boost/fuelling faults.",300,2200,DG general UK buying-check framework,,general inspection risk — NOT a model-specific known fault,General
Renault,Captur,2005,2026,Petrol,,,"Ignition, oil-consumption and timing-system history",Medium,50000,,General used-car buying-check trigger; not evidence this model has a specific known defect.,"Any timing-chain/belt, coil, plug, oil-consumption or low-oil-pressure work?","Cold-start listen; check oil level/history, misfires and service invoices.",150,1800,DG general UK buying-check framework,,general inspection risk — NOT a model-specific known fault,General
Renault,Captur,2005,2026,Hybrid,,,"Hybrid battery, cooling and high-voltage warning history",Medium,70000,,General used-car buying-check trigger; not evidence this model has a specific known defect.,"Any hybrid battery, inverter or high-voltage repairs/health checks?","Check hybrid warnings, battery cooling intake and available health-check history.",300,3000,DG general UK buying-check framework,,general inspection risk — NOT a model-specific known fault,General
Renault,Captur,2005,2026,,automatic|auto|dsg|cvt|powershift|s-tronic,,Automatic transmission shift quality and service history,Medium,50000,,General used-car buying-check trigger; not evidence this model has a specific known defect.,"Any gearbox oil/service, clutch, mechatronic, valve-body or transmission repairs?","Road-test cold/hot for judder, flare, delayed engagement and harsh shifts.",350,3000,DG general UK buying-check framework,,general inspection risk — NOT a model-specific known fault,General
Renault,Captur,2005,2026,,manual,,Clutch and dual-mass flywheel condition where fitted,Medium,50000,,General used-car buying-check trigger; not evidence this model has a specific known defect.,Any clutch or dual-mass flywheel replacement?,"Check bite, slip under load, vibration/rattle and gear selection.",600,1800,DG general UK buying-check framework,,general inspection risk — NOT a model-specific known fault,General
Renault,Kadjar,2005,2026,,,,"Cooling system, coolant-loss and overheating history",Medium,50000,,General used-car buying-check trigger; not evidence this model has a specific known defect.,"Any coolant loss, overheating, water-pump, thermostat or radiator work?",Pressure-check cooling system; inspect coolant level/condition and temperature stability.,200,1200,DG general UK buying-check framework,,general inspection risk — NOT a model-specific known fault,General
Renault,Kadjar,2005,2026,,,,"Suspension, steering and wheel-bearing wear",Medium,50000,,General used-car buying-check trigger; not evidence this model has a specific known defect.,"Any recent arms, bushes, springs, dampers, steering or wheel-bearing work?",Road-test for knocks/play; inspect tyre wear and suspension condition.,200,1200,DG general UK buying-check framework,,general inspection risk — NOT a model-specific known fault,General
Renault,Kadjar,2005,2026,,,,"Electrical, battery, charging and infotainment faults",Medium,40000,,General used-car buying-check trigger; not evidence this model has a specific known defect.,"Any battery drain, charging, warning-light, screen, camera or electrical faults?",Scan modules; test every electrical function and battery/charging health.,120,1500,DG general UK buying-check framework,,general inspection risk — NOT a model-specific known fault,General
Renault,Kadjar,2005,2026,Diesel,,,Diesel emissions system: DPF/EGR/NOx/AdBlue condition,Medium,50000,,General used-car buying-check trigger; not evidence this model has a specific known defect.,"Any DPF, EGR, NOx, AdBlue, forced-regeneration or emissions repairs?","Scan for emissions faults; check smoke, warning history and regeneration behaviour.",300,1800,DG general UK buying-check framework,,general inspection risk — NOT a model-specific known fault,General
Renault,Kadjar,2005,2026,Diesel,,,"Turbo, boost, injector and intake condition",Medium,60000,,General used-car buying-check trigger; not evidence this model has a specific known defect.,"Any turbo, injector, intercooler, boost-hose or intake repairs?","Check cold start, smoke, boost delivery, whistle and stored boost/fuelling faults.",300,2200,DG general UK buying-check framework,,general inspection risk — NOT a model-specific known fault,General
Renault,Kadjar,2005,2026,Petrol,,,"Ignition, oil-consumption and timing-system history",Medium,50000,,General used-car buying-check trigger; not evidence this model has a specific known defect.,"Any timing-chain/belt, coil, plug, oil-consumption or low-oil-pressure work?","Cold-start listen; check oil level/history, misfires and service invoices.",150,1800,DG general UK buying-check framework,,general inspection risk — NOT a model-specific known fault,General
Renault,Kadjar,2005,2026,Hybrid,,,"Hybrid battery, cooling and high-voltage warning history",Medium,70000,,General used-car buying-check trigger; not evidence this model has a specific known defect.,"Any hybrid battery, inverter or high-voltage repairs/health checks?","Check hybrid warnings, battery cooling intake and available health-check history.",300,3000,DG general UK buying-check framework,,general inspection risk — NOT a model-specific known fault,General
Renault,Kadjar,2005,2026,,automatic|auto|dsg|cvt|powershift|s-tronic,,Automatic transmission shift quality and service history,Medium,50000,,General used-car buying-check trigger; not evidence this model has a specific known defect.,"Any gearbox oil/service, clutch, mechatronic, valve-body or transmission repairs?","Road-test cold/hot for judder, flare, delayed engagement and harsh shifts.",350,3000,DG general UK buying-check framework,,general inspection risk — NOT a model-specific known fault,General
Renault,Kadjar,2005,2026,,manual,,Clutch and dual-mass flywheel condition where fitted,Medium,50000,,General used-car buying-check trigger; not evidence this model has a specific known defect.,Any clutch or dual-mass flywheel replacement?,"Check bite, slip under load, vibration/rattle and gear selection.",600,1800,DG general UK buying-check framework,,general inspection risk — NOT a model-specific known fault,General
Renault,Scenic,2005,2026,,,,"Cooling system, coolant-loss and overheating history",Medium,50000,,General used-car buying-check trigger; not evidence this model has a specific known defect.,"Any coolant loss, overheating, water-pump, thermostat or radiator work?",Pressure-check cooling system; inspect coolant level/condition and temperature stability.,200,1200,DG general UK buying-check framework,,general inspection risk — NOT a model-specific known fault,General
Renault,Scenic,2005,2026,,,,"Suspension, steering and wheel-bearing wear",Medium,50000,,General used-car buying-check trigger; not evidence this model has a specific known defect.,"Any recent arms, bushes, springs, dampers, steering or wheel-bearing work?",Road-test for knocks/play; inspect tyre wear and suspension condition.,200,1200,DG general UK buying-check framework,,general inspection risk — NOT a model-specific known fault,General
Renault,Scenic,2005,2026,,,,"Electrical, battery, charging and infotainment faults",Medium,40000,,General used-car buying-check trigger; not evidence this model has a specific known defect.,"Any battery drain, charging, warning-light, screen, camera or electrical faults?",Scan modules; test every electrical function and battery/charging health.,120,1500,DG general UK buying-check framework,,general inspection risk — NOT a model-specific known fault,General
Renault,Scenic,2005,2026,Diesel,,,Diesel emissions system: DPF/EGR/NOx/AdBlue condition,Medium,50000,,General used-car buying-check trigger; not evidence this model has a specific known defect.,"Any DPF, EGR, NOx, AdBlue, forced-regeneration or emissions repairs?","Scan for emissions faults; check smoke, warning history and regeneration behaviour.",300,1800,DG general UK buying-check framework,,general inspection risk — NOT a model-specific known fault,General
Renault,Scenic,2005,2026,Diesel,,,"Turbo, boost, injector and intake condition",Medium,60000,,General used-car buying-check trigger; not evidence this model has a specific known defect.,"Any turbo, injector, intercooler, boost-hose or intake repairs?","Check cold start, smoke, boost delivery, whistle and stored boost/fuelling faults.",300,2200,DG general UK buying-check framework,,general inspection risk — NOT a model-specific known fault,General
Renault,Scenic,2005,2026,Petrol,,,"Ignition, oil-consumption and timing-system history",Medium,50000,,General used-car buying-check trigger; not evidence this model has a specific known defect.,"Any timing-chain/belt, coil, plug, oil-consumption or low-oil-pressure work?","Cold-start listen; check oil level/history, misfires and service invoices.",150,1800,DG general UK buying-check framework,,general inspection risk — NOT a model-specific known fault,General
Renault,Scenic,2005,2026,Hybrid,,,"Hybrid battery, cooling and high-voltage warning history",Medium,70000,,General used-car buying-check trigger; not evidence this model has a specific known defect.,"Any hybrid battery, inverter or high-voltage repairs/health checks?","Check hybrid warnings, battery cooling intake and available health-check history.",300,3000,DG general UK buying-check framework,,general inspection risk — NOT a model-specific known fault,General
Renault,Scenic,2005,2026,,automatic|auto|dsg|cvt|powershift|s-tronic,,Automatic transmission shift quality and service history,Medium,50000,,General used-car buying-check trigger; not evidence this model has a specific known defect.,"Any gearbox oil/service, clutch, mechatronic, valve-body or transmission repairs?","Road-test cold/hot for judder, flare, delayed engagement and harsh shifts.",350,3000,DG general UK buying-check framework,,general inspection risk — NOT a model-specific known fault,General
Renault,Scenic,2005,2026,,manual,,Clutch and dual-mass flywheel condition where fitted,Medium,50000,,General used-car buying-check trigger; not evidence this model has a specific known defect.,Any clutch or dual-mass flywheel replacement?,"Check bite, slip under load, vibration/rattle and gear selection.",600,1800,DG general UK buying-check framework,,general inspection risk — NOT a model-specific known fault,General
Renault,Zoe,2005,2026,,,,"Cooling system, coolant-loss and overheating history",Medium,50000,,General used-car buying-check trigger; not evidence this model has a specific known defect.,"Any coolant loss, overheating, water-pump, thermostat or radiator work?",Pressure-check cooling system; inspect coolant level/condition and temperature stability.,200,1200,DG general UK buying-check framework,,general inspection risk — NOT a model-specific known fault,General
Renault,Zoe,2005,2026,,,,"Suspension, steering and wheel-bearing wear",Medium,50000,,General used-car buying-check trigger; not evidence this model has a specific known defect.,"Any recent arms, bushes, springs, dampers, steering or wheel-bearing work?",Road-test for knocks/play; inspect tyre wear and suspension condition.,200,1200,DG general UK buying-check framework,,general inspection risk — NOT a model-specific known fault,General
Renault,Zoe,2005,2026,,,,"Electrical, battery, charging and infotainment faults",Medium,40000,,General used-car buying-check trigger; not evidence this model has a specific known defect.,"Any battery drain, charging, warning-light, screen, camera or electrical faults?",Scan modules; test every electrical function and battery/charging health.,120,1500,DG general UK buying-check framework,,general inspection risk — NOT a model-specific known fault,General
Renault,Zoe,2005,2026,Diesel,,,Diesel emissions system: DPF/EGR/NOx/AdBlue condition,Medium,50000,,General used-car buying-check trigger; not evidence this model has a specific known defect.,"Any DPF, EGR, NOx, AdBlue, forced-regeneration or emissions repairs?","Scan for emissions faults; check smoke, warning history and regeneration behaviour.",300,1800,DG general UK buying-check framework,,general inspection risk — NOT a model-specific known fault,General
Renault,Zoe,2005,2026,Diesel,,,"Turbo, boost, injector and intake condition",Medium,60000,,General used-car buying-check trigger; not evidence this model has a specific known defect.,"Any turbo, injector, intercooler, boost-hose or intake repairs?","Check cold start, smoke, boost delivery, whistle and stored boost/fuelling faults.",300,2200,DG general UK buying-check framework,,general inspection risk — NOT a model-specific known fault,General
Renault,Zoe,2005,2026,Petrol,,,"Ignition, oil-consumption and timing-system history",Medium,50000,,General used-car buying-check trigger; not evidence this model has a specific known defect.,"Any timing-chain/belt, coil, plug, oil-consumption or low-oil-pressure work?","Cold-start listen; check oil level/history, misfires and service invoices.",150,1800,DG general UK buying-check framework,,general inspection risk — NOT a model-specific known fault,General
Renault,Zoe,2005,2026,Hybrid,,,"Hybrid battery, cooling and high-voltage warning history",Medium,70000,,General used-car buying-check trigger; not evidence this model has a specific known defect.,"Any hybrid battery, inverter or high-voltage repairs/health checks?","Check hybrid warnings, battery cooling intake and available health-check history.",300,3000,DG general UK buying-check framework,,general inspection risk — NOT a model-specific known fault,General
Renault,Zoe,2005,2026,,automatic|auto|dsg|cvt|powershift|s-tronic,,Automatic transmission shift quality and service history,Medium,50000,,General used-car buying-check trigger; not evidence this model has a specific known defect.,"Any gearbox oil/service, clutch, mechatronic, valve-body or transmission repairs?","Road-test cold/hot for judder, flare, delayed engagement and harsh shifts.",350,3000,DG general UK buying-check framework,,general inspection risk — NOT a model-specific known fault,General
Renault,Zoe,2005,2026,,manual,,Clutch and dual-mass flywheel condition where fitted,Medium,50000,,General used-car buying-check trigger; not evidence this model has a specific known defect.,Any clutch or dual-mass flywheel replacement?,"Check bite, slip under load, vibration/rattle and gear selection.",600,1800,DG general UK buying-check framework,,general inspection risk — NOT a model-specific known fault,General
Peugeot,208,2005,2026,,,,"Cooling system, coolant-loss and overheating history",Medium,50000,,General used-car buying-check trigger; not evidence this model has a specific known defect.,"Any coolant loss, overheating, water-pump, thermostat or radiator work?",Pressure-check cooling system; inspect coolant level/condition and temperature stability.,200,1200,DG general UK buying-check framework,,general inspection risk — NOT a model-specific known fault,General
Peugeot,208,2005,2026,,,,"Suspension, steering and wheel-bearing wear",Medium,50000,,General used-car buying-check trigger; not evidence this model has a specific known defect.,"Any recent arms, bushes, springs, dampers, steering or wheel-bearing work?",Road-test for knocks/play; inspect tyre wear and suspension condition.,200,1200,DG general UK buying-check framework,,general inspection risk — NOT a model-specific known fault,General
Peugeot,208,2005,2026,,,,"Electrical, battery, charging and infotainment faults",Medium,40000,,General used-car buying-check trigger; not evidence this model has a specific known defect.,"Any battery drain, charging, warning-light, screen, camera or electrical faults?",Scan modules; test every electrical function and battery/charging health.,120,1500,DG general UK buying-check framework,,general inspection risk — NOT a model-specific known fault,General
Peugeot,208,2005,2026,Diesel,,,Diesel emissions system: DPF/EGR/NOx/AdBlue condition,Medium,50000,,General used-car buying-check trigger; not evidence this model has a specific known defect.,"Any DPF, EGR, NOx, AdBlue, forced-regeneration or emissions repairs?","Scan for emissions faults; check smoke, warning history and regeneration behaviour.",300,1800,DG general UK buying-check framework,,general inspection risk — NOT a model-specific known fault,General
Peugeot,208,2005,2026,Diesel,,,"Turbo, boost, injector and intake condition",Medium,60000,,General used-car buying-check trigger; not evidence this model has a specific known defect.,"Any turbo, injector, intercooler, boost-hose or intake repairs?","Check cold start, smoke, boost delivery, whistle and stored boost/fuelling faults.",300,2200,DG general UK buying-check framework,,general inspection risk — NOT a model-specific known fault,General
Peugeot,208,2005,2026,Petrol,,,"Ignition, oil-consumption and timing-system history",Medium,50000,,General used-car buying-check trigger; not evidence this model has a specific known defect.,"Any timing-chain/belt, coil, plug, oil-consumption or low-oil-pressure work?","Cold-start listen; check oil level/history, misfires and service invoices.",150,1800,DG general UK buying-check framework,,general inspection risk — NOT a model-specific known fault,General
Peugeot,208,2005,2026,Hybrid,,,"Hybrid battery, cooling and high-voltage warning history",Medium,70000,,General used-car buying-check trigger; not evidence this model has a specific known defect.,"Any hybrid battery, inverter or high-voltage repairs/health checks?","Check hybrid warnings, battery cooling intake and available health-check history.",300,3000,DG general UK buying-check framework,,general inspection risk — NOT a model-specific known fault,General
Peugeot,208,2005,2026,,automatic|auto|dsg|cvt|powershift|s-tronic,,Automatic transmission shift quality and service history,Medium,50000,,General used-car buying-check trigger; not evidence this model has a specific known defect.,"Any gearbox oil/service, clutch, mechatronic, valve-body or transmission repairs?","Road-test cold/hot for judder, flare, delayed engagement and harsh shifts.",350,3000,DG general UK buying-check framework,,general inspection risk — NOT a model-specific known fault,General
Peugeot,208,2005,2026,,manual,,Clutch and dual-mass flywheel condition where fitted,Medium,50000,,General used-car buying-check trigger; not evidence this model has a specific known defect.,Any clutch or dual-mass flywheel replacement?,"Check bite, slip under load, vibration/rattle and gear selection.",600,1800,DG general UK buying-check framework,,general inspection risk — NOT a model-specific known fault,General
Peugeot,2008,2005,2026,,,,"Cooling system, coolant-loss and overheating history",Medium,50000,,General used-car buying-check trigger; not evidence this model has a specific known defect.,"Any coolant loss, overheating, water-pump, thermostat or radiator work?",Pressure-check cooling system; inspect coolant level/condition and temperature stability.,200,1200,DG general UK buying-check framework,,general inspection risk — NOT a model-specific known fault,General
Peugeot,2008,2005,2026,,,,"Suspension, steering and wheel-bearing wear",Medium,50000,,General used-car buying-check trigger; not evidence this model has a specific known defect.,"Any recent arms, bushes, springs, dampers, steering or wheel-bearing work?",Road-test for knocks/play; inspect tyre wear and suspension condition.,200,1200,DG general UK buying-check framework,,general inspection risk — NOT a model-specific known fault,General
Peugeot,2008,2005,2026,,,,"Electrical, battery, charging and infotainment faults",Medium,40000,,General used-car buying-check trigger; not evidence this model has a specific known defect.,"Any battery drain, charging, warning-light, screen, camera or electrical faults?",Scan modules; test every electrical function and battery/charging health.,120,1500,DG general UK buying-check framework,,general inspection risk — NOT a model-specific known fault,General
Peugeot,2008,2005,2026,Diesel,,,Diesel emissions system: DPF/EGR/NOx/AdBlue condition,Medium,50000,,General used-car buying-check trigger; not evidence this model has a specific known defect.,"Any DPF, EGR, NOx, AdBlue, forced-regeneration or emissions repairs?","Scan for emissions faults; check smoke, warning history and regeneration behaviour.",300,1800,DG general UK buying-check framework,,general inspection risk — NOT a model-specific known fault,General
Peugeot,2008,2005,2026,Diesel,,,"Turbo, boost, injector and intake condition",Medium,60000,,General used-car buying-check trigger; not evidence this model has a specific known defect.,"Any turbo, injector, intercooler, boost-hose or intake repairs?","Check cold start, smoke, boost delivery, whistle and stored boost/fuelling faults.",300,2200,DG general UK buying-check framework,,general inspection risk — NOT a model-specific known fault,General
Peugeot,2008,2005,2026,Petrol,,,"Ignition, oil-consumption and timing-system history",Medium,50000,,General used-car buying-check trigger; not evidence this model has a specific known defect.,"Any timing-chain/belt, coil, plug, oil-consumption or low-oil-pressure work?","Cold-start listen; check oil level/history, misfires and service invoices.",150,1800,DG general UK buying-check framework,,general inspection risk — NOT a model-specific known fault,General
Peugeot,2008,2005,2026,Hybrid,,,"Hybrid battery, cooling and high-voltage warning history",Medium,70000,,General used-car buying-check trigger; not evidence this model has a specific known defect.,"Any hybrid battery, inverter or high-voltage repairs/health checks?","Check hybrid warnings, battery cooling intake and available health-check history.",300,3000,DG general UK buying-check framework,,general inspection risk — NOT a model-specific known fault,General
Peugeot,2008,2005,2026,,automatic|auto|dsg|cvt|powershift|s-tronic,,Automatic transmission shift quality and service history,Medium,50000,,General used-car buying-check trigger; not evidence this model has a specific known defect.,"Any gearbox oil/service, clutch, mechatronic, valve-body or transmission repairs?","Road-test cold/hot for judder, flare, delayed engagement and harsh shifts.",350,3000,DG general UK buying-check framework,,general inspection risk — NOT a model-specific known fault,General
Peugeot,2008,2005,2026,,manual,,Clutch and dual-mass flywheel condition where fitted,Medium,50000,,General used-car buying-check trigger; not evidence this model has a specific known defect.,Any clutch or dual-mass flywheel replacement?,"Check bite, slip under load, vibration/rattle and gear selection.",600,1800,DG general UK buying-check framework,,general inspection risk — NOT a model-specific known fault,General
Peugeot,308,2005,2026,,,,"Cooling system, coolant-loss and overheating history",Medium,50000,,General used-car buying-check trigger; not evidence this model has a specific known defect.,"Any coolant loss, overheating, water-pump, thermostat or radiator work?",Pressure-check cooling system; inspect coolant level/condition and temperature stability.,200,1200,DG general UK buying-check framework,,general inspection risk — NOT a model-specific known fault,General
Peugeot,308,2005,2026,,,,"Suspension, steering and wheel-bearing wear",Medium,50000,,General used-car buying-check trigger; not evidence this model has a specific known defect.,"Any recent arms, bushes, springs, dampers, steering or wheel-bearing work?",Road-test for knocks/play; inspect tyre wear and suspension condition.,200,1200,DG general UK buying-check framework,,general inspection risk — NOT a model-specific known fault,General
Peugeot,308,2005,2026,,,,"Electrical, battery, charging and infotainment faults",Medium,40000,,General used-car buying-check trigger; not evidence this model has a specific known defect.,"Any battery drain, charging, warning-light, screen, camera or electrical faults?",Scan modules; test every electrical function and battery/charging health.,120,1500,DG general UK buying-check framework,,general inspection risk — NOT a model-specific known fault,General
Peugeot,308,2005,2026,Diesel,,,Diesel emissions system: DPF/EGR/NOx/AdBlue condition,Medium,50000,,General used-car buying-check trigger; not evidence this model has a specific known defect.,"Any DPF, EGR, NOx, AdBlue, forced-regeneration or emissions repairs?","Scan for emissions faults; check smoke, warning history and regeneration behaviour.",300,1800,DG general UK buying-check framework,,general inspection risk — NOT a model-specific known fault,General
Peugeot,308,2005,2026,Diesel,,,"Turbo, boost, injector and intake condition",Medium,60000,,General used-car buying-check trigger; not evidence this model has a specific known defect.,"Any turbo, injector, intercooler, boost-hose or intake repairs?","Check cold start, smoke, boost delivery, whistle and stored boost/fuelling faults.",300,2200,DG general UK buying-check framework,,general inspection risk — NOT a model-specific known fault,General
Peugeot,308,2005,2026,Petrol,,,"Ignition, oil-consumption and timing-system history",Medium,50000,,General used-car buying-check trigger; not evidence this model has a specific known defect.,"Any timing-chain/belt, coil, plug, oil-consumption or low-oil-pressure work?","Cold-start listen; check oil level/history, misfires and service invoices.",150,1800,DG general UK buying-check framework,,general inspection risk — NOT a model-specific known fault,General
Peugeot,308,2005,2026,Hybrid,,,"Hybrid battery, cooling and high-voltage warning history",Medium,70000,,General used-car buying-check trigger; not evidence this model has a specific known defect.,"Any hybrid battery, inverter or high-voltage repairs/health checks?","Check hybrid warnings, battery cooling intake and available health-check history.",300,3000,DG general UK buying-check framework,,general inspection risk — NOT a model-specific known fault,General
Peugeot,308,2005,2026,,automatic|auto|dsg|cvt|powershift|s-tronic,,Automatic transmission shift quality and service history,Medium,50000,,General used-car buying-check trigger; not evidence this model has a specific known defect.,"Any gearbox oil/service, clutch, mechatronic, valve-body or transmission repairs?","Road-test cold/hot for judder, flare, delayed engagement and harsh shifts.",350,3000,DG general UK buying-check framework,,general inspection risk — NOT a model-specific known fault,General
Peugeot,308,2005,2026,,manual,,Clutch and dual-mass flywheel condition where fitted,Medium,50000,,General used-car buying-check trigger; not evidence this model has a specific known defect.,Any clutch or dual-mass flywheel replacement?,"Check bite, slip under load, vibration/rattle and gear selection.",600,1800,DG general UK buying-check framework,,general inspection risk — NOT a model-specific known fault,General
Peugeot,5008,2005,2026,,,,"Cooling system, coolant-loss and overheating history",Medium,50000,,General used-car buying-check trigger; not evidence this model has a specific known defect.,"Any coolant loss, overheating, water-pump, thermostat or radiator work?",Pressure-check cooling system; inspect coolant level/condition and temperature stability.,200,1200,DG general UK buying-check framework,,general inspection risk — NOT a model-specific known fault,General
Peugeot,5008,2005,2026,,,,"Suspension, steering and wheel-bearing wear",Medium,50000,,General used-car buying-check trigger; not evidence this model has a specific known defect.,"Any recent arms, bushes, springs, dampers, steering or wheel-bearing work?",Road-test for knocks/play; inspect tyre wear and suspension condition.,200,1200,DG general UK buying-check framework,,general inspection risk — NOT a model-specific known fault,General
Peugeot,5008,2005,2026,,,,"Electrical, battery, charging and infotainment faults",Medium,40000,,General used-car buying-check trigger; not evidence this model has a specific known defect.,"Any battery drain, charging, warning-light, screen, camera or electrical faults?",Scan modules; test every electrical function and battery/charging health.,120,1500,DG general UK buying-check framework,,general inspection risk — NOT a model-specific known fault,General
Peugeot,5008,2005,2026,Diesel,,,Diesel emissions system: DPF/EGR/NOx/AdBlue condition,Medium,50000,,General used-car buying-check trigger; not evidence this model has a specific known defect.,"Any DPF, EGR, NOx, AdBlue, forced-regeneration or emissions repairs?","Scan for emissions faults; check smoke, warning history and regeneration behaviour.",300,1800,DG general UK buying-check framework,,general inspection risk — NOT a model-specific known fault,General
Peugeot,5008,2005,2026,Diesel,,,"Turbo, boost, injector and intake condition",Medium,60000,,General used-car buying-check trigger; not evidence this model has a specific known defect.,"Any turbo, injector, intercooler, boost-hose or intake repairs?","Check cold start, smoke, boost delivery, whistle and stored boost/fuelling faults.",300,2200,DG general UK buying-check framework,,general inspection risk — NOT a model-specific known fault,General
Peugeot,5008,2005,2026,Petrol,,,"Ignition, oil-consumption and timing-system history",Medium,50000,,General used-car buying-check trigger; not evidence this model has a specific known defect.,"Any timing-chain/belt, coil, plug, oil-consumption or low-oil-pressure work?","Cold-start listen; check oil level/history, misfires and service invoices.",150,1800,DG general UK buying-check framework,,general inspection risk — NOT a model-specific known fault,General
Peugeot,5008,2005,2026,Hybrid,,,"Hybrid battery, cooling and high-voltage warning history",Medium,70000,,General used-car buying-check trigger; not evidence this model has a specific known defect.,"Any hybrid battery, inverter or high-voltage repairs/health checks?","Check hybrid warnings, battery cooling intake and available health-check history.",300,3000,DG general UK buying-check framework,,general inspection risk — NOT a model-specific known fault,General
Peugeot,5008,2005,2026,,automatic|auto|dsg|cvt|powershift|s-tronic,,Automatic transmission shift quality and service history,Medium,50000,,General used-car buying-check trigger; not evidence this model has a specific known defect.,"Any gearbox oil/service, clutch, mechatronic, valve-body or transmission repairs?","Road-test cold/hot for judder, flare, delayed engagement and harsh shifts.",350,3000,DG general UK buying-check framework,,general inspection risk — NOT a model-specific known fault,General
Peugeot,5008,2005,2026,,manual,,Clutch and dual-mass flywheel condition where fitted,Medium,50000,,General used-car buying-check trigger; not evidence this model has a specific known defect.,Any clutch or dual-mass flywheel replacement?,"Check bite, slip under load, vibration/rattle and gear selection.",600,1800,DG general UK buying-check framework,,general inspection risk — NOT a model-specific known fault,General
Peugeot,508,2005,2026,,,,"Cooling system, coolant-loss and overheating history",Medium,50000,,General used-car buying-check trigger; not evidence this model has a specific known defect.,"Any coolant loss, overheating, water-pump, thermostat or radiator work?",Pressure-check cooling system; inspect coolant level/condition and temperature stability.,200,1200,DG general UK buying-check framework,,general inspection risk — NOT a model-specific known fault,General
Peugeot,508,2005,2026,,,,"Suspension, steering and wheel-bearing wear",Medium,50000,,General used-car buying-check trigger; not evidence this model has a specific known defect.,"Any recent arms, bushes, springs, dampers, steering or wheel-bearing work?",Road-test for knocks/play; inspect tyre wear and suspension condition.,200,1200,DG general UK buying-check framework,,general inspection risk — NOT a model-specific known fault,General
Peugeot,508,2005,2026,,,,"Electrical, battery, charging and infotainment faults",Medium,40000,,General used-car buying-check trigger; not evidence this model has a specific known defect.,"Any battery drain, charging, warning-light, screen, camera or electrical faults?",Scan modules; test every electrical function and battery/charging health.,120,1500,DG general UK buying-check framework,,general inspection risk — NOT a model-specific known fault,General
Peugeot,508,2005,2026,Diesel,,,Diesel emissions system: DPF/EGR/NOx/AdBlue condition,Medium,50000,,General used-car buying-check trigger; not evidence this model has a specific known defect.,"Any DPF, EGR, NOx, AdBlue, forced-regeneration or emissions repairs?","Scan for emissions faults; check smoke, warning history and regeneration behaviour.",300,1800,DG general UK buying-check framework,,general inspection risk — NOT a model-specific known fault,General
Peugeot,508,2005,2026,Diesel,,,"Turbo, boost, injector and intake condition",Medium,60000,,General used-car buying-check trigger; not evidence this model has a specific known defect.,"Any turbo, injector, intercooler, boost-hose or intake repairs?","Check cold start, smoke, boost delivery, whistle and stored boost/fuelling faults.",300,2200,DG general UK buying-check framework,,general inspection risk — NOT a model-specific known fault,General
Peugeot,508,2005,2026,Petrol,,,"Ignition, oil-consumption and timing-system history",Medium,50000,,General used-car buying-check trigger; not evidence this model has a specific known defect.,"Any timing-chain/belt, coil, plug, oil-consumption or low-oil-pressure work?","Cold-start listen; check oil level/history, misfires and service invoices.",150,1800,DG general UK buying-check framework,,general inspection risk — NOT a model-specific known fault,General
Peugeot,508,2005,2026,Hybrid,,,"Hybrid battery, cooling and high-voltage warning history",Medium,70000,,General used-car buying-check trigger; not evidence this model has a specific known defect.,"Any hybrid battery, inverter or high-voltage repairs/health checks?","Check hybrid warnings, battery cooling intake and available health-check history.",300,3000,DG general UK buying-check framework,,general inspection risk — NOT a model-specific known fault,General
Peugeot,508,2005,2026,,automatic|auto|dsg|cvt|powershift|s-tronic,,Automatic transmission shift quality and service history,Medium,50000,,General used-car buying-check trigger; not evidence this model has a specific known defect.,"Any gearbox oil/service, clutch, mechatronic, valve-body or transmission repairs?","Road-test cold/hot for judder, flare, delayed engagement and harsh shifts.",350,3000,DG general UK buying-check framework,,general inspection risk — NOT a model-specific known fault,General
Peugeot,508,2005,2026,,manual,,Clutch and dual-mass flywheel condition where fitted,Medium,50000,,General used-car buying-check trigger; not evidence this model has a specific known defect.,Any clutch or dual-mass flywheel replacement?,"Check bite, slip under load, vibration/rattle and gear selection.",600,1800,DG general UK buying-check framework,,general inspection risk — NOT a model-specific known fault,General
Citroen,C3,2005,2026,,,,"Cooling system, coolant-loss and overheating history",Medium,50000,,General used-car buying-check trigger; not evidence this model has a specific known defect.,"Any coolant loss, overheating, water-pump, thermostat or radiator work?",Pressure-check cooling system; inspect coolant level/condition and temperature stability.,200,1200,DG general UK buying-check framework,,general inspection risk — NOT a model-specific known fault,General
Citroen,C3,2005,2026,,,,"Suspension, steering and wheel-bearing wear",Medium,50000,,General used-car buying-check trigger; not evidence this model has a specific known defect.,"Any recent arms, bushes, springs, dampers, steering or wheel-bearing work?",Road-test for knocks/play; inspect tyre wear and suspension condition.,200,1200,DG general UK buying-check framework,,general inspection risk — NOT a model-specific known fault,General
Citroen,C3,2005,2026,,,,"Electrical, battery, charging and infotainment faults",Medium,40000,,General used-car buying-check trigger; not evidence this model has a specific known defect.,"Any battery drain, charging, warning-light, screen, camera or electrical faults?",Scan modules; test every electrical function and battery/charging health.,120,1500,DG general UK buying-check framework,,general inspection risk — NOT a model-specific known fault,General
Citroen,C3,2005,2026,Diesel,,,Diesel emissions system: DPF/EGR/NOx/AdBlue condition,Medium,50000,,General used-car buying-check trigger; not evidence this model has a specific known defect.,"Any DPF, EGR, NOx, AdBlue, forced-regeneration or emissions repairs?","Scan for emissions faults; check smoke, warning history and regeneration behaviour.",300,1800,DG general UK buying-check framework,,general inspection risk — NOT a model-specific known fault,General
Citroen,C3,2005,2026,Diesel,,,"Turbo, boost, injector and intake condition",Medium,60000,,General used-car buying-check trigger; not evidence this model has a specific known defect.,"Any turbo, injector, intercooler, boost-hose or intake repairs?","Check cold start, smoke, boost delivery, whistle and stored boost/fuelling faults.",300,2200,DG general UK buying-check framework,,general inspection risk — NOT a model-specific known fault,General
Citroen,C3,2005,2026,Petrol,,,"Ignition, oil-consumption and timing-system history",Medium,50000,,General used-car buying-check trigger; not evidence this model has a specific known defect.,"Any timing-chain/belt, coil, plug, oil-consumption or low-oil-pressure work?","Cold-start listen; check oil level/history, misfires and service invoices.",150,1800,DG general UK buying-check framework,,general inspection risk — NOT a model-specific known fault,General
Citroen,C3,2005,2026,Hybrid,,,"Hybrid battery, cooling and high-voltage warning history",Medium,70000,,General used-car buying-check trigger; not evidence this model has a specific known defect.,"Any hybrid battery, inverter or high-voltage repairs/health checks?","Check hybrid warnings, battery cooling intake and available health-check history.",300,3000,DG general UK buying-check framework,,general inspection risk — NOT a model-specific known fault,General
Citroen,C3,2005,2026,,automatic|auto|dsg|cvt|powershift|s-tronic,,Automatic transmission shift quality and service history,Medium,50000,,General used-car buying-check trigger; not evidence this model has a specific known defect.,"Any gearbox oil/service, clutch, mechatronic, valve-body or transmission repairs?","Road-test cold/hot for judder, flare, delayed engagement and harsh shifts.",350,3000,DG general UK buying-check framework,,general inspection risk — NOT a model-specific known fault,General
Citroen,C3,2005,2026,,manual,,Clutch and dual-mass flywheel condition where fitted,Medium,50000,,General used-car buying-check trigger; not evidence this model has a specific known defect.,Any clutch or dual-mass flywheel replacement?,"Check bite, slip under load, vibration/rattle and gear selection.",600,1800,DG general UK buying-check framework,,general inspection risk — NOT a model-specific known fault,General
Citroen,C4,2005,2026,,,,"Cooling system, coolant-loss and overheating history",Medium,50000,,General used-car buying-check trigger; not evidence this model has a specific known defect.,"Any coolant loss, overheating, water-pump, thermostat or radiator work?",Pressure-check cooling system; inspect coolant level/condition and temperature stability.,200,1200,DG general UK buying-check framework,,general inspection risk — NOT a model-specific known fault,General
Citroen,C4,2005,2026,,,,"Suspension, steering and wheel-bearing wear",Medium,50000,,General used-car buying-check trigger; not evidence this model has a specific known defect.,"Any recent arms, bushes, springs, dampers, steering or wheel-bearing work?",Road-test for knocks/play; inspect tyre wear and suspension condition.,200,1200,DG general UK buying-check framework,,general inspection risk — NOT a model-specific known fault,General
Citroen,C4,2005,2026,,,,"Electrical, battery, charging and infotainment faults",Medium,40000,,General used-car buying-check trigger; not evidence this model has a specific known defect.,"Any battery drain, charging, warning-light, screen, camera or electrical faults?",Scan modules; test every electrical function and battery/charging health.,120,1500,DG general UK buying-check framework,,general inspection risk — NOT a model-specific known fault,General
Citroen,C4,2005,2026,Diesel,,,Diesel emissions system: DPF/EGR/NOx/AdBlue condition,Medium,50000,,General used-car buying-check trigger; not evidence this model has a specific known defect.,"Any DPF, EGR, NOx, AdBlue, forced-regeneration or emissions repairs?","Scan for emissions faults; check smoke, warning history and regeneration behaviour.",300,1800,DG general UK buying-check framework,,general inspection risk — NOT a model-specific known fault,General
Citroen,C4,2005,2026,Diesel,,,"Turbo, boost, injector and intake condition",Medium,60000,,General used-car buying-check trigger; not evidence this model has a specific known defect.,"Any turbo, injector, intercooler, boost-hose or intake repairs?","Check cold start, smoke, boost delivery, whistle and stored boost/fuelling faults.",300,2200,DG general UK buying-check framework,,general inspection risk — NOT a model-specific known fault,General
Citroen,C4,2005,2026,Petrol,,,"Ignition, oil-consumption and timing-system history",Medium,50000,,General used-car buying-check trigger; not evidence this model has a specific known defect.,"Any timing-chain/belt, coil, plug, oil-consumption or low-oil-pressure work?","Cold-start listen; check oil level/history, misfires and service invoices.",150,1800,DG general UK buying-check framework,,general inspection risk — NOT a model-specific known fault,General
Citroen,C4,2005,2026,Hybrid,,,"Hybrid battery, cooling and high-voltage warning history",Medium,70000,,General used-car buying-check trigger; not evidence this model has a specific known defect.,"Any hybrid battery, inverter or high-voltage repairs/health checks?","Check hybrid warnings, battery cooling intake and available health-check history.",300,3000,DG general UK buying-check framework,,general inspection risk — NOT a model-specific known fault,General
Citroen,C4,2005,2026,,automatic|auto|dsg|cvt|powershift|s-tronic,,Automatic transmission shift quality and service history,Medium,50000,,General used-car buying-check trigger; not evidence this model has a specific known defect.,"Any gearbox oil/service, clutch, mechatronic, valve-body or transmission repairs?","Road-test cold/hot for judder, flare, delayed engagement and harsh shifts.",350,3000,DG general UK buying-check framework,,general inspection risk — NOT a model-specific known fault,General
Citroen,C4,2005,2026,,manual,,Clutch and dual-mass flywheel condition where fitted,Medium,50000,,General used-car buying-check trigger; not evidence this model has a specific known defect.,Any clutch or dual-mass flywheel replacement?,"Check bite, slip under load, vibration/rattle and gear selection.",600,1800,DG general UK buying-check framework,,general inspection risk — NOT a model-specific known fault,General
Citroen,C4 Cactus,2005,2026,,,,"Cooling system, coolant-loss and overheating history",Medium,50000,,General used-car buying-check trigger; not evidence this model has a specific known defect.,"Any coolant loss, overheating, water-pump, thermostat or radiator work?",Pressure-check cooling system; inspect coolant level/condition and temperature stability.,200,1200,DG general UK buying-check framework,,general inspection risk — NOT a model-specific known fault,General
Citroen,C4 Cactus,2005,2026,,,,"Suspension, steering and wheel-bearing wear",Medium,50000,,General used-car buying-check trigger; not evidence this model has a specific known defect.,"Any recent arms, bushes, springs, dampers, steering or wheel-bearing work?",Road-test for knocks/play; inspect tyre wear and suspension condition.,200,1200,DG general UK buying-check framework,,general inspection risk — NOT a model-specific known fault,General
Citroen,C4 Cactus,2005,2026,,,,"Electrical, battery, charging and infotainment faults",Medium,40000,,General used-car buying-check trigger; not evidence this model has a specific known defect.,"Any battery drain, charging, warning-light, screen, camera or electrical faults?",Scan modules; test every electrical function and battery/charging health.,120,1500,DG general UK buying-check framework,,general inspection risk — NOT a model-specific known fault,General
Citroen,C4 Cactus,2005,2026,Diesel,,,Diesel emissions system: DPF/EGR/NOx/AdBlue condition,Medium,50000,,General used-car buying-check trigger; not evidence this model has a specific known defect.,"Any DPF, EGR, NOx, AdBlue, forced-regeneration or emissions repairs?","Scan for emissions faults; check smoke, warning history and regeneration behaviour.",300,1800,DG general UK buying-check framework,,general inspection risk — NOT a model-specific known fault,General
Citroen,C4 Cactus,2005,2026,Diesel,,,"Turbo, boost, injector and intake condition",Medium,60000,,General used-car buying-check trigger; not evidence this model has a specific known defect.,"Any turbo, injector, intercooler, boost-hose or intake repairs?","Check cold start, smoke, boost delivery, whistle and stored boost/fuelling faults.",300,2200,DG general UK buying-check framework,,general inspection risk — NOT a model-specific known fault,General
Citroen,C4 Cactus,2005,2026,Petrol,,,"Ignition, oil-consumption and timing-system history",Medium,50000,,General used-car buying-check trigger; not evidence this model has a specific known defect.,"Any timing-chain/belt, coil, plug, oil-consumption or low-oil-pressure work?","Cold-start listen; check oil level/history, misfires and service invoices.",150,1800,DG general UK buying-check framework,,general inspection risk — NOT a model-specific known fault,General
Citroen,C4 Cactus,2005,2026,Hybrid,,,"Hybrid battery, cooling and high-voltage warning history",Medium,70000,,General used-car buying-check trigger; not evidence this model has a specific known defect.,"Any hybrid battery, inverter or high-voltage repairs/health checks?","Check hybrid warnings, battery cooling intake and available health-check history.",300,3000,DG general UK buying-check framework,,general inspection risk — NOT a model-specific known fault,General
Citroen,C4 Cactus,2005,2026,,automatic|auto|dsg|cvt|powershift|s-tronic,,Automatic transmission shift quality and service history,Medium,50000,,General used-car buying-check trigger; not evidence this model has a specific known defect.,"Any gearbox oil/service, clutch, mechatronic, valve-body or transmission repairs?","Road-test cold/hot for judder, flare, delayed engagement and harsh shifts.",350,3000,DG general UK buying-check framework,,general inspection risk — NOT a model-specific known fault,General
Citroen,C4 Cactus,2005,2026,,manual,,Clutch and dual-mass flywheel condition where fitted,Medium,50000,,General used-car buying-check trigger; not evidence this model has a specific known defect.,Any clutch or dual-mass flywheel replacement?,"Check bite, slip under load, vibration/rattle and gear selection.",600,1800,DG general UK buying-check framework,,general inspection risk — NOT a model-specific known fault,General
Citroen,C5 Aircross,2005,2026,,,,"Cooling system, coolant-loss and overheating history",Medium,50000,,General used-car buying-check trigger; not evidence this model has a specific known defect.,"Any coolant loss, overheating, water-pump, thermostat or radiator work?",Pressure-check cooling system; inspect coolant level/condition and temperature stability.,200,1200,DG general UK buying-check framework,,general inspection risk — NOT a model-specific known fault,General
Citroen,C5 Aircross,2005,2026,,,,"Suspension, steering and wheel-bearing wear",Medium,50000,,General used-car buying-check trigger; not evidence this model has a specific known defect.,"Any recent arms, bushes, springs, dampers, steering or wheel-bearing work?",Road-test for knocks/play; inspect tyre wear and suspension condition.,200,1200,DG general UK buying-check framework,,general inspection risk — NOT a model-specific known fault,General
Citroen,C5 Aircross,2005,2026,,,,"Electrical, battery, charging and infotainment faults",Medium,40000,,General used-car buying-check trigger; not evidence this model has a specific known defect.,"Any battery drain, charging, warning-light, screen, camera or electrical faults?",Scan modules; test every electrical function and battery/charging health.,120,1500,DG general UK buying-check framework,,general inspection risk — NOT a model-specific known fault,General
Citroen,C5 Aircross,2005,2026,Diesel,,,Diesel emissions system: DPF/EGR/NOx/AdBlue condition,Medium,50000,,General used-car buying-check trigger; not evidence this model has a specific known defect.,"Any DPF, EGR, NOx, AdBlue, forced-regeneration or emissions repairs?","Scan for emissions faults; check smoke, warning history and regeneration behaviour.",300,1800,DG general UK buying-check framework,,general inspection risk — NOT a model-specific known fault,General
Citroen,C5 Aircross,2005,2026,Diesel,,,"Turbo, boost, injector and intake condition",Medium,60000,,General used-car buying-check trigger; not evidence this model has a specific known defect.,"Any turbo, injector, intercooler, boost-hose or intake repairs?","Check cold start, smoke, boost delivery, whistle and stored boost/fuelling faults.",300,2200,DG general UK buying-check framework,,general inspection risk — NOT a model-specific known fault,General
Citroen,C5 Aircross,2005,2026,Petrol,,,"Ignition, oil-consumption and timing-system history",Medium,50000,,General used-car buying-check trigger; not evidence this model has a specific known defect.,"Any timing-chain/belt, coil, plug, oil-consumption or low-oil-pressure work?","Cold-start listen; check oil level/history, misfires and service invoices.",150,1800,DG general UK buying-check framework,,general inspection risk — NOT a model-specific known fault,General
Citroen,C5 Aircross,2005,2026,Hybrid,,,"Hybrid battery, cooling and high-voltage warning history",Medium,70000,,General used-car buying-check trigger; not evidence this model has a specific known defect.,"Any hybrid battery, inverter or high-voltage repairs/health checks?","Check hybrid warnings, battery cooling intake and available health-check history.",300,3000,DG general UK buying-check framework,,general inspection risk — NOT a model-specific known fault,General
Citroen,C5 Aircross,2005,2026,,automatic|auto|dsg|cvt|powershift|s-tronic,,Automatic transmission shift quality and service history,Medium,50000,,General used-car buying-check trigger; not evidence this model has a specific known defect.,"Any gearbox oil/service, clutch, mechatronic, valve-body or transmission repairs?","Road-test cold/hot for judder, flare, delayed engagement and harsh shifts.",350,3000,DG general UK buying-check framework,,general inspection risk — NOT a model-specific known fault,General
Citroen,C5 Aircross,2005,2026,,manual,,Clutch and dual-mass flywheel condition where fitted,Medium,50000,,General used-car buying-check trigger; not evidence this model has a specific known defect.,Any clutch or dual-mass flywheel replacement?,"Check bite, slip under load, vibration/rattle and gear selection.",600,1800,DG general UK buying-check framework,,general inspection risk — NOT a model-specific known fault,General
Citroen,Berlingo,2005,2026,,,,"Cooling system, coolant-loss and overheating history",Medium,50000,,General used-car buying-check trigger; not evidence this model has a specific known defect.,"Any coolant loss, overheating, water-pump, thermostat or radiator work?",Pressure-check cooling system; inspect coolant level/condition and temperature stability.,200,1200,DG general UK buying-check framework,,general inspection risk — NOT a model-specific known fault,General
Citroen,Berlingo,2005,2026,,,,"Suspension, steering and wheel-bearing wear",Medium,50000,,General used-car buying-check trigger; not evidence this model has a specific known defect.,"Any recent arms, bushes, springs, dampers, steering or wheel-bearing work?",Road-test for knocks/play; inspect tyre wear and suspension condition.,200,1200,DG general UK buying-check framework,,general inspection risk — NOT a model-specific known fault,General
Citroen,Berlingo,2005,2026,,,,"Electrical, battery, charging and infotainment faults",Medium,40000,,General used-car buying-check trigger; not evidence this model has a specific known defect.,"Any battery drain, charging, warning-light, screen, camera or electrical faults?",Scan modules; test every electrical function and battery/charging health.,120,1500,DG general UK buying-check framework,,general inspection risk — NOT a model-specific known fault,General
Citroen,Berlingo,2005,2026,Diesel,,,Diesel emissions system: DPF/EGR/NOx/AdBlue condition,Medium,50000,,General used-car buying-check trigger; not evidence this model has a specific known defect.,"Any DPF, EGR, NOx, AdBlue, forced-regeneration or emissions repairs?","Scan for emissions faults; check smoke, warning history and regeneration behaviour.",300,1800,DG general UK buying-check framework,,general inspection risk — NOT a model-specific known fault,General
Citroen,Berlingo,2005,2026,Diesel,,,"Turbo, boost, injector and intake condition",Medium,60000,,General used-car buying-check trigger; not evidence this model has a specific known defect.,"Any turbo, injector, intercooler, boost-hose or intake repairs?","Check cold start, smoke, boost delivery, whistle and stored boost/fuelling faults.",300,2200,DG general UK buying-check framework,,general inspection risk — NOT a model-specific known fault,General
Citroen,Berlingo,2005,2026,Petrol,,,"Ignition, oil-consumption and timing-system history",Medium,50000,,General used-car buying-check trigger; not evidence this model has a specific known defect.,"Any timing-chain/belt, coil, plug, oil-consumption or low-oil-pressure work?","Cold-start listen; check oil level/history, misfires and service invoices.",150,1800,DG general UK buying-check framework,,general inspection risk — NOT a model-specific known fault,General
Citroen,Berlingo,2005,2026,Hybrid,,,"Hybrid battery, cooling and high-voltage warning history",Medium,70000,,General used-car buying-check trigger; not evidence this model has a specific known defect.,"Any hybrid battery, inverter or high-voltage repairs/health checks?","Check hybrid warnings, battery cooling intake and available health-check history.",300,3000,DG general UK buying-check framework,,general inspection risk — NOT a model-specific known fault,General
Citroen,Berlingo,2005,2026,,automatic|auto|dsg|cvt|powershift|s-tronic,,Automatic transmission shift quality and service history,Medium,50000,,General used-car buying-check trigger; not evidence this model has a specific known defect.,"Any gearbox oil/service, clutch, mechatronic, valve-body or transmission repairs?","Road-test cold/hot for judder, flare, delayed engagement and harsh shifts.",350,3000,DG general UK buying-check framework,,general inspection risk — NOT a model-specific known fault,General
Citroen,Berlingo,2005,2026,,manual,,Clutch and dual-mass flywheel condition where fitted,Medium,50000,,General used-car buying-check trigger; not evidence this model has a specific known defect.,Any clutch or dual-mass flywheel replacement?,"Check bite, slip under load, vibration/rattle and gear selection.",600,1800,DG general UK buying-check framework,,general inspection risk — NOT a model-specific known fault,General
Skoda,Fabia,2005,2026,,,,"Cooling system, coolant-loss and overheating history",Medium,50000,,General used-car buying-check trigger; not evidence this model has a specific known defect.,"Any coolant loss, overheating, water-pump, thermostat or radiator work?",Pressure-check cooling system; inspect coolant level/condition and temperature stability.,200,1200,DG general UK buying-check framework,,general inspection risk — NOT a model-specific known fault,General
Skoda,Fabia,2005,2026,,,,"Suspension, steering and wheel-bearing wear",Medium,50000,,General used-car buying-check trigger; not evidence this model has a specific known defect.,"Any recent arms, bushes, springs, dampers, steering or wheel-bearing work?",Road-test for knocks/play; inspect tyre wear and suspension condition.,200,1200,DG general UK buying-check framework,,general inspection risk — NOT a model-specific known fault,General
Skoda,Fabia,2005,2026,,,,"Electrical, battery, charging and infotainment faults",Medium,40000,,General used-car buying-check trigger; not evidence this model has a specific known defect.,"Any battery drain, charging, warning-light, screen, camera or electrical faults?",Scan modules; test every electrical function and battery/charging health.,120,1500,DG general UK buying-check framework,,general inspection risk — NOT a model-specific known fault,General
Skoda,Fabia,2005,2026,Diesel,,,Diesel emissions system: DPF/EGR/NOx/AdBlue condition,Medium,50000,,General used-car buying-check trigger; not evidence this model has a specific known defect.,"Any DPF, EGR, NOx, AdBlue, forced-regeneration or emissions repairs?","Scan for emissions faults; check smoke, warning history and regeneration behaviour.",300,1800,DG general UK buying-check framework,,general inspection risk — NOT a model-specific known fault,General
Skoda,Fabia,2005,2026,Diesel,,,"Turbo, boost, injector and intake condition",Medium,60000,,General used-car buying-check trigger; not evidence this model has a specific known defect.,"Any turbo, injector, intercooler, boost-hose or intake repairs?","Check cold start, smoke, boost delivery, whistle and stored boost/fuelling faults.",300,2200,DG general UK buying-check framework,,general inspection risk — NOT a model-specific known fault,General
Skoda,Fabia,2005,2026,Petrol,,,"Ignition, oil-consumption and timing-system history",Medium,50000,,General used-car buying-check trigger; not evidence this model has a specific known defect.,"Any timing-chain/belt, coil, plug, oil-consumption or low-oil-pressure work?","Cold-start listen; check oil level/history, misfires and service invoices.",150,1800,DG general UK buying-check framework,,general inspection risk — NOT a model-specific known fault,General
Skoda,Fabia,2005,2026,Hybrid,,,"Hybrid battery, cooling and high-voltage warning history",Medium,70000,,General used-car buying-check trigger; not evidence this model has a specific known defect.,"Any hybrid battery, inverter or high-voltage repairs/health checks?","Check hybrid warnings, battery cooling intake and available health-check history.",300,3000,DG general UK buying-check framework,,general inspection risk — NOT a model-specific known fault,General
Skoda,Fabia,2005,2026,,automatic|auto|dsg|cvt|powershift|s-tronic,,Automatic transmission shift quality and service history,Medium,50000,,General used-car buying-check trigger; not evidence this model has a specific known defect.,"Any gearbox oil/service, clutch, mechatronic, valve-body or transmission repairs?","Road-test cold/hot for judder, flare, delayed engagement and harsh shifts.",350,3000,DG general UK buying-check framework,,general inspection risk — NOT a model-specific known fault,General
Skoda,Fabia,2005,2026,,manual,,Clutch and dual-mass flywheel condition where fitted,Medium,50000,,General used-car buying-check trigger; not evidence this model has a specific known defect.,Any clutch or dual-mass flywheel replacement?,"Check bite, slip under load, vibration/rattle and gear selection.",600,1800,DG general UK buying-check framework,,general inspection risk — NOT a model-specific known fault,General
Skoda,Octavia,2005,2026,,,,"Cooling system, coolant-loss and overheating history",Medium,50000,,General used-car buying-check trigger; not evidence this model has a specific known defect.,"Any coolant loss, overheating, water-pump, thermostat or radiator work?",Pressure-check cooling system; inspect coolant level/condition and temperature stability.,200,1200,DG general UK buying-check framework,,general inspection risk — NOT a model-specific known fault,General
Skoda,Octavia,2005,2026,,,,"Suspension, steering and wheel-bearing wear",Medium,50000,,General used-car buying-check trigger; not evidence this model has a specific known defect.,"Any recent arms, bushes, springs, dampers, steering or wheel-bearing work?",Road-test for knocks/play; inspect tyre wear and suspension condition.,200,1200,DG general UK buying-check framework,,general inspection risk — NOT a model-specific known fault,General
Skoda,Octavia,2005,2026,,,,"Electrical, battery, charging and infotainment faults",Medium,40000,,General used-car buying-check trigger; not evidence this model has a specific known defect.,"Any battery drain, charging, warning-light, screen, camera or electrical faults?",Scan modules; test every electrical function and battery/charging health.,120,1500,DG general UK buying-check framework,,general inspection risk — NOT a model-specific known fault,General
Skoda,Octavia,2005,2026,Diesel,,,Diesel emissions system: DPF/EGR/NOx/AdBlue condition,Medium,50000,,General used-car buying-check trigger; not evidence this model has a specific known defect.,"Any DPF, EGR, NOx, AdBlue, forced-regeneration or emissions repairs?","Scan for emissions faults; check smoke, warning history and regeneration behaviour.",300,1800,DG general UK buying-check framework,,general inspection risk — NOT a model-specific known fault,General
Skoda,Octavia,2005,2026,Diesel,,,"Turbo, boost, injector and intake condition",Medium,60000,,General used-car buying-check trigger; not evidence this model has a specific known defect.,"Any turbo, injector, intercooler, boost-hose or intake repairs?","Check cold start, smoke, boost delivery, whistle and stored boost/fuelling faults.",300,2200,DG general UK buying-check framework,,general inspection risk — NOT a model-specific known fault,General
Skoda,Octavia,2005,2026,Petrol,,,"Ignition, oil-consumption and timing-system history",Medium,50000,,General used-car buying-check trigger; not evidence this model has a specific known defect.,"Any timing-chain/belt, coil, plug, oil-consumption or low-oil-pressure work?","Cold-start listen; check oil level/history, misfires and service invoices.",150,1800,DG general UK buying-check framework,,general inspection risk — NOT a model-specific known fault,General
Skoda,Octavia,2005,2026,Hybrid,,,"Hybrid battery, cooling and high-voltage warning history",Medium,70000,,General used-car buying-check trigger; not evidence this model has a specific known defect.,"Any hybrid battery, inverter or high-voltage repairs/health checks?","Check hybrid warnings, battery cooling intake and available health-check history.",300,3000,DG general UK buying-check framework,,general inspection risk — NOT a model-specific known fault,General
Skoda,Octavia,2005,2026,,automatic|auto|dsg|cvt|powershift|s-tronic,,Automatic transmission shift quality and service history,Medium,50000,,General used-car buying-check trigger; not evidence this model has a specific known defect.,"Any gearbox oil/service, clutch, mechatronic, valve-body or transmission repairs?","Road-test cold/hot for judder, flare, delayed engagement and harsh shifts.",350,3000,DG general UK buying-check framework,,general inspection risk — NOT a model-specific known fault,General
Skoda,Octavia,2005,2026,,manual,,Clutch and dual-mass flywheel condition where fitted,Medium,50000,,General used-car buying-check trigger; not evidence this model has a specific known defect.,Any clutch or dual-mass flywheel replacement?,"Check bite, slip under load, vibration/rattle and gear selection.",600,1800,DG general UK buying-check framework,,general inspection risk — NOT a model-specific known fault,General
Skoda,Superb,2005,2026,,,,"Cooling system, coolant-loss and overheating history",Medium,50000,,General used-car buying-check trigger; not evidence this model has a specific known defect.,"Any coolant loss, overheating, water-pump, thermostat or radiator work?",Pressure-check cooling system; inspect coolant level/condition and temperature stability.,200,1200,DG general UK buying-check framework,,general inspection risk — NOT a model-specific known fault,General
Skoda,Superb,2005,2026,,,,"Suspension, steering and wheel-bearing wear",Medium,50000,,General used-car buying-check trigger; not evidence this model has a specific known defect.,"Any recent arms, bushes, springs, dampers, steering or wheel-bearing work?",Road-test for knocks/play; inspect tyre wear and suspension condition.,200,1200,DG general UK buying-check framework,,general inspection risk — NOT a model-specific known fault,General
Skoda,Superb,2005,2026,,,,"Electrical, battery, charging and infotainment faults",Medium,40000,,General used-car buying-check trigger; not evidence this model has a specific known defect.,"Any battery drain, charging, warning-light, screen, camera or electrical faults?",Scan modules; test every electrical function and battery/charging health.,120,1500,DG general UK buying-check framework,,general inspection risk — NOT a model-specific known fault,General
Skoda,Superb,2005,2026,Diesel,,,Diesel emissions system: DPF/EGR/NOx/AdBlue condition,Medium,50000,,General used-car buying-check trigger; not evidence this model has a specific known defect.,"Any DPF, EGR, NOx, AdBlue, forced-regeneration or emissions repairs?","Scan for emissions faults; check smoke, warning history and regeneration behaviour.",300,1800,DG general UK buying-check framework,,general inspection risk — NOT a model-specific known fault,General
Skoda,Superb,2005,2026,Diesel,,,"Turbo, boost, injector and intake condition",Medium,60000,,General used-car buying-check trigger; not evidence this model has a specific known defect.,"Any turbo, injector, intercooler, boost-hose or intake repairs?","Check cold start, smoke, boost delivery, whistle and stored boost/fuelling faults.",300,2200,DG general UK buying-check framework,,general inspection risk — NOT a model-specific known fault,General
Skoda,Superb,2005,2026,Petrol,,,"Ignition, oil-consumption and timing-system history",Medium,50000,,General used-car buying-check trigger; not evidence this model has a specific known defect.,"Any timing-chain/belt, coil, plug, oil-consumption or low-oil-pressure work?","Cold-start listen; check oil level/history, misfires and service invoices.",150,1800,DG general UK buying-check framework,,general inspection risk — NOT a model-specific known fault,General
Skoda,Superb,2005,2026,Hybrid,,,"Hybrid battery, cooling and high-voltage warning history",Medium,70000,,General used-car buying-check trigger; not evidence this model has a specific known defect.,"Any hybrid battery, inverter or high-voltage repairs/health checks?","Check hybrid warnings, battery cooling intake and available health-check history.",300,3000,DG general UK buying-check framework,,general inspection risk — NOT a model-specific known fault,General
Skoda,Superb,2005,2026,,automatic|auto|dsg|cvt|powershift|s-tronic,,Automatic transmission shift quality and service history,Medium,50000,,General used-car buying-check trigger; not evidence this model has a specific known defect.,"Any gearbox oil/service, clutch, mechatronic, valve-body or transmission repairs?","Road-test cold/hot for judder, flare, delayed engagement and harsh shifts.",350,3000,DG general UK buying-check framework,,general inspection risk — NOT a model-specific known fault,General
Skoda,Superb,2005,2026,,manual,,Clutch and dual-mass flywheel condition where fitted,Medium,50000,,General used-car buying-check trigger; not evidence this model has a specific known defect.,Any clutch or dual-mass flywheel replacement?,"Check bite, slip under load, vibration/rattle and gear selection.",600,1800,DG general UK buying-check framework,,general inspection risk — NOT a model-specific known fault,General
Skoda,Yeti,2005,2026,,,,"Cooling system, coolant-loss and overheating history",Medium,50000,,General used-car buying-check trigger; not evidence this model has a specific known defect.,"Any coolant loss, overheating, water-pump, thermostat or radiator work?",Pressure-check cooling system; inspect coolant level/condition and temperature stability.,200,1200,DG general UK buying-check framework,,general inspection risk — NOT a model-specific known fault,General
Skoda,Yeti,2005,2026,,,,"Suspension, steering and wheel-bearing wear",Medium,50000,,General used-car buying-check trigger; not evidence this model has a specific known defect.,"Any recent arms, bushes, springs, dampers, steering or wheel-bearing work?",Road-test for knocks/play; inspect tyre wear and suspension condition.,200,1200,DG general UK buying-check framework,,general inspection risk — NOT a model-specific known fault,General
Skoda,Yeti,2005,2026,,,,"Electrical, battery, charging and infotainment faults",Medium,40000,,General used-car buying-check trigger; not evidence this model has a specific known defect.,"Any battery drain, charging, warning-light, screen, camera or electrical faults?",Scan modules; test every electrical function and battery/charging health.,120,1500,DG general UK buying-check framework,,general inspection risk — NOT a model-specific known fault,General
Skoda,Yeti,2005,2026,Diesel,,,Diesel emissions system: DPF/EGR/NOx/AdBlue condition,Medium,50000,,General used-car buying-check trigger; not evidence this model has a specific known defect.,"Any DPF, EGR, NOx, AdBlue, forced-regeneration or emissions repairs?","Scan for emissions faults; check smoke, warning history and regeneration behaviour.",300,1800,DG general UK buying-check framework,,general inspection risk — NOT a model-specific known fault,General
Skoda,Yeti,2005,2026,Diesel,,,"Turbo, boost, injector and intake condition",Medium,60000,,General used-car buying-check trigger; not evidence this model has a specific known defect.,"Any turbo, injector, intercooler, boost-hose or intake repairs?","Check cold start, smoke, boost delivery, whistle and stored boost/fuelling faults.",300,2200,DG general UK buying-check framework,,general inspection risk — NOT a model-specific known fault,General
Skoda,Yeti,2005,2026,Petrol,,,"Ignition, oil-consumption and timing-system history",Medium,50000,,General used-car buying-check trigger; not evidence this model has a specific known defect.,"Any timing-chain/belt, coil, plug, oil-consumption or low-oil-pressure work?","Cold-start listen; check oil level/history, misfires and service invoices.",150,1800,DG general UK buying-check framework,,general inspection risk — NOT a model-specific known fault,General
Skoda,Yeti,2005,2026,Hybrid,,,"Hybrid battery, cooling and high-voltage warning history",Medium,70000,,General used-car buying-check trigger; not evidence this model has a specific known defect.,"Any hybrid battery, inverter or high-voltage repairs/health checks?","Check hybrid warnings, battery cooling intake and available health-check history.",300,3000,DG general UK buying-check framework,,general inspection risk — NOT a model-specific known fault,General
Skoda,Yeti,2005,2026,,automatic|auto|dsg|cvt|powershift|s-tronic,,Automatic transmission shift quality and service history,Medium,50000,,General used-car buying-check trigger; not evidence this model has a specific known defect.,"Any gearbox oil/service, clutch, mechatronic, valve-body or transmission repairs?","Road-test cold/hot for judder, flare, delayed engagement and harsh shifts.",350,3000,DG general UK buying-check framework,,general inspection risk — NOT a model-specific known fault,General
Skoda,Yeti,2005,2026,,manual,,Clutch and dual-mass flywheel condition where fitted,Medium,50000,,General used-car buying-check trigger; not evidence this model has a specific known defect.,Any clutch or dual-mass flywheel replacement?,"Check bite, slip under load, vibration/rattle and gear selection.",600,1800,DG general UK buying-check framework,,general inspection risk — NOT a model-specific known fault,General
Skoda,Karoq,2005,2026,,,,"Cooling system, coolant-loss and overheating history",Medium,50000,,General used-car buying-check trigger; not evidence this model has a specific known defect.,"Any coolant loss, overheating, water-pump, thermostat or radiator work?",Pressure-check cooling system; inspect coolant level/condition and temperature stability.,200,1200,DG general UK buying-check framework,,general inspection risk — NOT a model-specific known fault,General
Skoda,Karoq,2005,2026,,,,"Suspension, steering and wheel-bearing wear",Medium,50000,,General used-car buying-check trigger; not evidence this model has a specific known defect.,"Any recent arms, bushes, springs, dampers, steering or wheel-bearing work?",Road-test for knocks/play; inspect tyre wear and suspension condition.,200,1200,DG general UK buying-check framework,,general inspection risk — NOT a model-specific known fault,General
Skoda,Karoq,2005,2026,,,,"Electrical, battery, charging and infotainment faults",Medium,40000,,General used-car buying-check trigger; not evidence this model has a specific known defect.,"Any battery drain, charging, warning-light, screen, camera or electrical faults?",Scan modules; test every electrical function and battery/charging health.,120,1500,DG general UK buying-check framework,,general inspection risk — NOT a model-specific known fault,General
Skoda,Karoq,2005,2026,Diesel,,,Diesel emissions system: DPF/EGR/NOx/AdBlue condition,Medium,50000,,General used-car buying-check trigger; not evidence this model has a specific known defect.,"Any DPF, EGR, NOx, AdBlue, forced-regeneration or emissions repairs?","Scan for emissions faults; check smoke, warning history and regeneration behaviour.",300,1800,DG general UK buying-check framework,,general inspection risk — NOT a model-specific known fault,General
Skoda,Karoq,2005,2026,Diesel,,,"Turbo, boost, injector and intake condition",Medium,60000,,General used-car buying-check trigger; not evidence this model has a specific known defect.,"Any turbo, injector, intercooler, boost-hose or intake repairs?","Check cold start, smoke, boost delivery, whistle and stored boost/fuelling faults.",300,2200,DG general UK buying-check framework,,general inspection risk — NOT a model-specific known fault,General
Skoda,Karoq,2005,2026,Petrol,,,"Ignition, oil-consumption and timing-system history",Medium,50000,,General used-car buying-check trigger; not evidence this model has a specific known defect.,"Any timing-chain/belt, coil, plug, oil-consumption or low-oil-pressure work?","Cold-start listen; check oil level/history, misfires and service invoices.",150,1800,DG general UK buying-check framework,,general inspection risk — NOT a model-specific known fault,General
Skoda,Karoq,2005,2026,Hybrid,,,"Hybrid battery, cooling and high-voltage warning history",Medium,70000,,General used-car buying-check trigger; not evidence this model has a specific known defect.,"Any hybrid battery, inverter or high-voltage repairs/health checks?","Check hybrid warnings, battery cooling intake and available health-check history.",300,3000,DG general UK buying-check framework,,general inspection risk — NOT a model-specific known fault,General
Skoda,Karoq,2005,2026,,automatic|auto|dsg|cvt|powershift|s-tronic,,Automatic transmission shift quality and service history,Medium,50000,,General used-car buying-check trigger; not evidence this model has a specific known defect.,"Any gearbox oil/service, clutch, mechatronic, valve-body or transmission repairs?","Road-test cold/hot for judder, flare, delayed engagement and harsh shifts.",350,3000,DG general UK buying-check framework,,general inspection risk — NOT a model-specific known fault,General
Skoda,Karoq,2005,2026,,manual,,Clutch and dual-mass flywheel condition where fitted,Medium,50000,,General used-car buying-check trigger; not evidence this model has a specific known defect.,Any clutch or dual-mass flywheel replacement?,"Check bite, slip under load, vibration/rattle and gear selection.",600,1800,DG general UK buying-check framework,,general inspection risk — NOT a model-specific known fault,General
Skoda,Kodiaq,2005,2026,,,,"Cooling system, coolant-loss and overheating history",Medium,50000,,General used-car buying-check trigger; not evidence this model has a specific known defect.,"Any coolant loss, overheating, water-pump, thermostat or radiator work?",Pressure-check cooling system; inspect coolant level/condition and temperature stability.,200,1200,DG general UK buying-check framework,,general inspection risk — NOT a model-specific known fault,General
Skoda,Kodiaq,2005,2026,,,,"Suspension, steering and wheel-bearing wear",Medium,50000,,General used-car buying-check trigger; not evidence this model has a specific known defect.,"Any recent arms, bushes, springs, dampers, steering or wheel-bearing work?",Road-test for knocks/play; inspect tyre wear and suspension condition.,200,1200,DG general UK buying-check framework,,general inspection risk — NOT a model-specific known fault,General
Skoda,Kodiaq,2005,2026,,,,"Electrical, battery, charging and infotainment faults",Medium,40000,,General used-car buying-check trigger; not evidence this model has a specific known defect.,"Any battery drain, charging, warning-light, screen, camera or electrical faults?",Scan modules; test every electrical function and battery/charging health.,120,1500,DG general UK buying-check framework,,general inspection risk — NOT a model-specific known fault,General
Skoda,Kodiaq,2005,2026,Diesel,,,Diesel emissions system: DPF/EGR/NOx/AdBlue condition,Medium,50000,,General used-car buying-check trigger; not evidence this model has a specific known defect.,"Any DPF, EGR, NOx, AdBlue, forced-regeneration or emissions repairs?","Scan for emissions faults; check smoke, warning history and regeneration behaviour.",300,1800,DG general UK buying-check framework,,general inspection risk — NOT a model-specific known fault,General
Skoda,Kodiaq,2005,2026,Diesel,,,"Turbo, boost, injector and intake condition",Medium,60000,,General used-car buying-check trigger; not evidence this model has a specific known defect.,"Any turbo, injector, intercooler, boost-hose or intake repairs?","Check cold start, smoke, boost delivery, whistle and stored boost/fuelling faults.",300,2200,DG general UK buying-check framework,,general inspection risk — NOT a model-specific known fault,General
Skoda,Kodiaq,2005,2026,Petrol,,,"Ignition, oil-consumption and timing-system history",Medium,50000,,General used-car buying-check trigger; not evidence this model has a specific known defect.,"Any timing-chain/belt, coil, plug, oil-consumption or low-oil-pressure work?","Cold-start listen; check oil level/history, misfires and service invoices.",150,1800,DG general UK buying-check framework,,general inspection risk — NOT a model-specific known fault,General
Skoda,Kodiaq,2005,2026,Hybrid,,,"Hybrid battery, cooling and high-voltage warning history",Medium,70000,,General used-car buying-check trigger; not evidence this model has a specific known defect.,"Any hybrid battery, inverter or high-voltage repairs/health checks?","Check hybrid warnings, battery cooling intake and available health-check history.",300,3000,DG general UK buying-check framework,,general inspection risk — NOT a model-specific known fault,General
Skoda,Kodiaq,2005,2026,,automatic|auto|dsg|cvt|powershift|s-tronic,,Automatic transmission shift quality and service history,Medium,50000,,General used-car buying-check trigger; not evidence this model has a specific known defect.,"Any gearbox oil/service, clutch, mechatronic, valve-body or transmission repairs?","Road-test cold/hot for judder, flare, delayed engagement and harsh shifts.",350,3000,DG general UK buying-check framework,,general inspection risk — NOT a model-specific known fault,General
Skoda,Kodiaq,2005,2026,,manual,,Clutch and dual-mass flywheel condition where fitted,Medium,50000,,General used-car buying-check trigger; not evidence this model has a specific known defect.,Any clutch or dual-mass flywheel replacement?,"Check bite, slip under load, vibration/rattle and gear selection.",600,1800,DG general UK buying-check framework,,general inspection risk — NOT a model-specific known fault,General
SEAT,Ibiza,2005,2026,,,,"Cooling system, coolant-loss and overheating history",Medium,50000,,General used-car buying-check trigger; not evidence this model has a specific known defect.,"Any coolant loss, overheating, water-pump, thermostat or radiator work?",Pressure-check cooling system; inspect coolant level/condition and temperature stability.,200,1200,DG general UK buying-check framework,,general inspection risk — NOT a model-specific known fault,General
SEAT,Ibiza,2005,2026,,,,"Suspension, steering and wheel-bearing wear",Medium,50000,,General used-car buying-check trigger; not evidence this model has a specific known defect.,"Any recent arms, bushes, springs, dampers, steering or wheel-bearing work?",Road-test for knocks/play; inspect tyre wear and suspension condition.,200,1200,DG general UK buying-check framework,,general inspection risk — NOT a model-specific known fault,General
SEAT,Ibiza,2005,2026,,,,"Electrical, battery, charging and infotainment faults",Medium,40000,,General used-car buying-check trigger; not evidence this model has a specific known defect.,"Any battery drain, charging, warning-light, screen, camera or electrical faults?",Scan modules; test every electrical function and battery/charging health.,120,1500,DG general UK buying-check framework,,general inspection risk — NOT a model-specific known fault,General
SEAT,Ibiza,2005,2026,Diesel,,,Diesel emissions system: DPF/EGR/NOx/AdBlue condition,Medium,50000,,General used-car buying-check trigger; not evidence this model has a specific known defect.,"Any DPF, EGR, NOx, AdBlue, forced-regeneration or emissions repairs?","Scan for emissions faults; check smoke, warning history and regeneration behaviour.",300,1800,DG general UK buying-check framework,,general inspection risk — NOT a model-specific known fault,General
SEAT,Ibiza,2005,2026,Diesel,,,"Turbo, boost, injector and intake condition",Medium,60000,,General used-car buying-check trigger; not evidence this model has a specific known defect.,"Any turbo, injector, intercooler, boost-hose or intake repairs?","Check cold start, smoke, boost delivery, whistle and stored boost/fuelling faults.",300,2200,DG general UK buying-check framework,,general inspection risk — NOT a model-specific known fault,General
SEAT,Ibiza,2005,2026,Petrol,,,"Ignition, oil-consumption and timing-system history",Medium,50000,,General used-car buying-check trigger; not evidence this model has a specific known defect.,"Any timing-chain/belt, coil, plug, oil-consumption or low-oil-pressure work?","Cold-start listen; check oil level/history, misfires and service invoices.",150,1800,DG general UK buying-check framework,,general inspection risk — NOT a model-specific known fault,General
SEAT,Ibiza,2005,2026,Hybrid,,,"Hybrid battery, cooling and high-voltage warning history",Medium,70000,,General used-car buying-check trigger; not evidence this model has a specific known defect.,"Any hybrid battery, inverter or high-voltage repairs/health checks?","Check hybrid warnings, battery cooling intake and available health-check history.",300,3000,DG general UK buying-check framework,,general inspection risk — NOT a model-specific known fault,General
SEAT,Ibiza,2005,2026,,automatic|auto|dsg|cvt|powershift|s-tronic,,Automatic transmission shift quality and service history,Medium,50000,,General used-car buying-check trigger; not evidence this model has a specific known defect.,"Any gearbox oil/service, clutch, mechatronic, valve-body or transmission repairs?","Road-test cold/hot for judder, flare, delayed engagement and harsh shifts.",350,3000,DG general UK buying-check framework,,general inspection risk — NOT a model-specific known fault,General
SEAT,Ibiza,2005,2026,,manual,,Clutch and dual-mass flywheel condition where fitted,Medium,50000,,General used-car buying-check trigger; not evidence this model has a specific known defect.,Any clutch or dual-mass flywheel replacement?,"Check bite, slip under load, vibration/rattle and gear selection.",600,1800,DG general UK buying-check framework,,general inspection risk — NOT a model-specific known fault,General
SEAT,Leon,2005,2026,,,,"Cooling system, coolant-loss and overheating history",Medium,50000,,General used-car buying-check trigger; not evidence this model has a specific known defect.,"Any coolant loss, overheating, water-pump, thermostat or radiator work?",Pressure-check cooling system; inspect coolant level/condition and temperature stability.,200,1200,DG general UK buying-check framework,,general inspection risk — NOT a model-specific known fault,General
SEAT,Leon,2005,2026,,,,"Suspension, steering and wheel-bearing wear",Medium,50000,,General used-car buying-check trigger; not evidence this model has a specific known defect.,"Any recent arms, bushes, springs, dampers, steering or wheel-bearing work?",Road-test for knocks/play; inspect tyre wear and suspension condition.,200,1200,DG general UK buying-check framework,,general inspection risk — NOT a model-specific known fault,General
SEAT,Leon,2005,2026,,,,"Electrical, battery, charging and infotainment faults",Medium,40000,,General used-car buying-check trigger; not evidence this model has a specific known defect.,"Any battery drain, charging, warning-light, screen, camera or electrical faults?",Scan modules; test every electrical function and battery/charging health.,120,1500,DG general UK buying-check framework,,general inspection risk — NOT a model-specific known fault,General
SEAT,Leon,2005,2026,Diesel,,,Diesel emissions system: DPF/EGR/NOx/AdBlue condition,Medium,50000,,General used-car buying-check trigger; not evidence this model has a specific known defect.,"Any DPF, EGR, NOx, AdBlue, forced-regeneration or emissions repairs?","Scan for emissions faults; check smoke, warning history and regeneration behaviour.",300,1800,DG general UK buying-check framework,,general inspection risk — NOT a model-specific known fault,General
SEAT,Leon,2005,2026,Diesel,,,"Turbo, boost, injector and intake condition",Medium,60000,,General used-car buying-check trigger; not evidence this model has a specific known defect.,"Any turbo, injector, intercooler, boost-hose or intake repairs?","Check cold start, smoke, boost delivery, whistle and stored boost/fuelling faults.",300,2200,DG general UK buying-check framework,,general inspection risk — NOT a model-specific known fault,General
SEAT,Leon,2005,2026,Petrol,,,"Ignition, oil-consumption and timing-system history",Medium,50000,,General used-car buying-check trigger; not evidence this model has a specific known defect.,"Any timing-chain/belt, coil, plug, oil-consumption or low-oil-pressure work?","Cold-start listen; check oil level/history, misfires and service invoices.",150,1800,DG general UK buying-check framework,,general inspection risk — NOT a model-specific known fault,General
SEAT,Leon,2005,2026,Hybrid,,,"Hybrid battery, cooling and high-voltage warning history",Medium,70000,,General used-car buying-check trigger; not evidence this model has a specific known defect.,"Any hybrid battery, inverter or high-voltage repairs/health checks?","Check hybrid warnings, battery cooling intake and available health-check history.",300,3000,DG general UK buying-check framework,,general inspection risk — NOT a model-specific known fault,General
SEAT,Leon,2005,2026,,automatic|auto|dsg|cvt|powershift|s-tronic,,Automatic transmission shift quality and service history,Medium,50000,,General used-car buying-check trigger; not evidence this model has a specific known defect.,"Any gearbox oil/service, clutch, mechatronic, valve-body or transmission repairs?","Road-test cold/hot for judder, flare, delayed engagement and harsh shifts.",350,3000,DG general UK buying-check framework,,general inspection risk — NOT a model-specific known fault,General
SEAT,Leon,2005,2026,,manual,,Clutch and dual-mass flywheel condition where fitted,Medium,50000,,General used-car buying-check trigger; not evidence this model has a specific known defect.,Any clutch or dual-mass flywheel replacement?,"Check bite, slip under load, vibration/rattle and gear selection.",600,1800,DG general UK buying-check framework,,general inspection risk — NOT a model-specific known fault,General
SEAT,Ateca,2005,2026,,,,"Cooling system, coolant-loss and overheating history",Medium,50000,,General used-car buying-check trigger; not evidence this model has a specific known defect.,"Any coolant loss, overheating, water-pump, thermostat or radiator work?",Pressure-check cooling system; inspect coolant level/condition and temperature stability.,200,1200,DG general UK buying-check framework,,general inspection risk — NOT a model-specific known fault,General
SEAT,Ateca,2005,2026,,,,"Suspension, steering and wheel-bearing wear",Medium,50000,,General used-car buying-check trigger; not evidence this model has a specific known defect.,"Any recent arms, bushes, springs, dampers, steering or wheel-bearing work?",Road-test for knocks/play; inspect tyre wear and suspension condition.,200,1200,DG general UK buying-check framework,,general inspection risk — NOT a model-specific known fault,General
SEAT,Ateca,2005,2026,,,,"Electrical, battery, charging and infotainment faults",Medium,40000,,General used-car buying-check trigger; not evidence this model has a specific known defect.,"Any battery drain, charging, warning-light, screen, camera or electrical faults?",Scan modules; test every electrical function and battery/charging health.,120,1500,DG general UK buying-check framework,,general inspection risk — NOT a model-specific known fault,General
SEAT,Ateca,2005,2026,Diesel,,,Diesel emissions system: DPF/EGR/NOx/AdBlue condition,Medium,50000,,General used-car buying-check trigger; not evidence this model has a specific known defect.,"Any DPF, EGR, NOx, AdBlue, forced-regeneration or emissions repairs?","Scan for emissions faults; check smoke, warning history and regeneration behaviour.",300,1800,DG general UK buying-check framework,,general inspection risk — NOT a model-specific known fault,General
SEAT,Ateca,2005,2026,Diesel,,,"Turbo, boost, injector and intake condition",Medium,60000,,General used-car buying-check trigger; not evidence this model has a specific known defect.,"Any turbo, injector, intercooler, boost-hose or intake repairs?","Check cold start, smoke, boost delivery, whistle and stored boost/fuelling faults.",300,2200,DG general UK buying-check framework,,general inspection risk — NOT a model-specific known fault,General
SEAT,Ateca,2005,2026,Petrol,,,"Ignition, oil-consumption and timing-system history",Medium,50000,,General used-car buying-check trigger; not evidence this model has a specific known defect.,"Any timing-chain/belt, coil, plug, oil-consumption or low-oil-pressure work?","Cold-start listen; check oil level/history, misfires and service invoices.",150,1800,DG general UK buying-check framework,,general inspection risk — NOT a model-specific known fault,General
SEAT,Ateca,2005,2026,Hybrid,,,"Hybrid battery, cooling and high-voltage warning history",Medium,70000,,General used-car buying-check trigger; not evidence this model has a specific known defect.,"Any hybrid battery, inverter or high-voltage repairs/health checks?","Check hybrid warnings, battery cooling intake and available health-check history.",300,3000,DG general UK buying-check framework,,general inspection risk — NOT a model-specific known fault,General
SEAT,Ateca,2005,2026,,automatic|auto|dsg|cvt|powershift|s-tronic,,Automatic transmission shift quality and service history,Medium,50000,,General used-car buying-check trigger; not evidence this model has a specific known defect.,"Any gearbox oil/service, clutch, mechatronic, valve-body or transmission repairs?","Road-test cold/hot for judder, flare, delayed engagement and harsh shifts.",350,3000,DG general UK buying-check framework,,general inspection risk — NOT a model-specific known fault,General
SEAT,Ateca,2005,2026,,manual,,Clutch and dual-mass flywheel condition where fitted,Medium,50000,,General used-car buying-check trigger; not evidence this model has a specific known defect.,Any clutch or dual-mass flywheel replacement?,"Check bite, slip under load, vibration/rattle and gear selection.",600,1800,DG general UK buying-check framework,,general inspection risk — NOT a model-specific known fault,General
SEAT,Arona,2005,2026,,,,"Cooling system, coolant-loss and overheating history",Medium,50000,,General used-car buying-check trigger; not evidence this model has a specific known defect.,"Any coolant loss, overheating, water-pump, thermostat or radiator work?",Pressure-check cooling system; inspect coolant level/condition and temperature stability.,200,1200,DG general UK buying-check framework,,general inspection risk — NOT a model-specific known fault,General
SEAT,Arona,2005,2026,,,,"Suspension, steering and wheel-bearing wear",Medium,50000,,General used-car buying-check trigger; not evidence this model has a specific known defect.,"Any recent arms, bushes, springs, dampers, steering or wheel-bearing work?",Road-test for knocks/play; inspect tyre wear and suspension condition.,200,1200,DG general UK buying-check framework,,general inspection risk — NOT a model-specific known fault,General
SEAT,Arona,2005,2026,,,,"Electrical, battery, charging and infotainment faults",Medium,40000,,General used-car buying-check trigger; not evidence this model has a specific known defect.,"Any battery drain, charging, warning-light, screen, camera or electrical faults?",Scan modules; test every electrical function and battery/charging health.,120,1500,DG general UK buying-check framework,,general inspection risk — NOT a model-specific known fault,General
SEAT,Arona,2005,2026,Diesel,,,Diesel emissions system: DPF/EGR/NOx/AdBlue condition,Medium,50000,,General used-car buying-check trigger; not evidence this model has a specific known defect.,"Any DPF, EGR, NOx, AdBlue, forced-regeneration or emissions repairs?","Scan for emissions faults; check smoke, warning history and regeneration behaviour.",300,1800,DG general UK buying-check framework,,general inspection risk — NOT a model-specific known fault,General
SEAT,Arona,2005,2026,Diesel,,,"Turbo, boost, injector and intake condition",Medium,60000,,General used-car buying-check trigger; not evidence this model has a specific known defect.,"Any turbo, injector, intercooler, boost-hose or intake repairs?","Check cold start, smoke, boost delivery, whistle and stored boost/fuelling faults.",300,2200,DG general UK buying-check framework,,general inspection risk — NOT a model-specific known fault,General
SEAT,Arona,2005,2026,Petrol,,,"Ignition, oil-consumption and timing-system history",Medium,50000,,General used-car buying-check trigger; not evidence this model has a specific known defect.,"Any timing-chain/belt, coil, plug, oil-consumption or low-oil-pressure work?","Cold-start listen; check oil level/history, misfires and service invoices.",150,1800,DG general UK buying-check framework,,general inspection risk — NOT a model-specific known fault,General
SEAT,Arona,2005,2026,Hybrid,,,"Hybrid battery, cooling and high-voltage warning history",Medium,70000,,General used-car buying-check trigger; not evidence this model has a specific known defect.,"Any hybrid battery, inverter or high-voltage repairs/health checks?","Check hybrid warnings, battery cooling intake and available health-check history.",300,3000,DG general UK buying-check framework,,general inspection risk — NOT a model-specific known fault,General
SEAT,Arona,2005,2026,,automatic|auto|dsg|cvt|powershift|s-tronic,,Automatic transmission shift quality and service history,Medium,50000,,General used-car buying-check trigger; not evidence this model has a specific known defect.,"Any gearbox oil/service, clutch, mechatronic, valve-body or transmission repairs?","Road-test cold/hot for judder, flare, delayed engagement and harsh shifts.",350,3000,DG general UK buying-check framework,,general inspection risk — NOT a model-specific known fault,General
SEAT,Arona,2005,2026,,manual,,Clutch and dual-mass flywheel condition where fitted,Medium,50000,,General used-car buying-check trigger; not evidence this model has a specific known defect.,Any clutch or dual-mass flywheel replacement?,"Check bite, slip under load, vibration/rattle and gear selection.",600,1800,DG general UK buying-check framework,,general inspection risk — NOT a model-specific known fault,General
Toyota,Aygo,2005,2026,,,,"Cooling system, coolant-loss and overheating history",Medium,50000,,General used-car buying-check trigger; not evidence this model has a specific known defect.,"Any coolant loss, overheating, water-pump, thermostat or radiator work?",Pressure-check cooling system; inspect coolant level/condition and temperature stability.,200,1200,DG general UK buying-check framework,,general inspection risk — NOT a model-specific known fault,General
Toyota,Aygo,2005,2026,,,,"Suspension, steering and wheel-bearing wear",Medium,50000,,General used-car buying-check trigger; not evidence this model has a specific known defect.,"Any recent arms, bushes, springs, dampers, steering or wheel-bearing work?",Road-test for knocks/play; inspect tyre wear and suspension condition.,200,1200,DG general UK buying-check framework,,general inspection risk — NOT a model-specific known fault,General
Toyota,Aygo,2005,2026,,,,"Electrical, battery, charging and infotainment faults",Medium,40000,,General used-car buying-check trigger; not evidence this model has a specific known defect.,"Any battery drain, charging, warning-light, screen, camera or electrical faults?",Scan modules; test every electrical function and battery/charging health.,120,1500,DG general UK buying-check framework,,general inspection risk — NOT a model-specific known fault,General
Toyota,Aygo,2005,2026,Diesel,,,Diesel emissions system: DPF/EGR/NOx/AdBlue condition,Medium,50000,,General used-car buying-check trigger; not evidence this model has a specific known defect.,"Any DPF, EGR, NOx, AdBlue, forced-regeneration or emissions repairs?","Scan for emissions faults; check smoke, warning history and regeneration behaviour.",300,1800,DG general UK buying-check framework,,general inspection risk — NOT a model-specific known fault,General
Toyota,Aygo,2005,2026,Diesel,,,"Turbo, boost, injector and intake condition",Medium,60000,,General used-car buying-check trigger; not evidence this model has a specific known defect.,"Any turbo, injector, intercooler, boost-hose or intake repairs?","Check cold start, smoke, boost delivery, whistle and stored boost/fuelling faults.",300,2200,DG general UK buying-check framework,,general inspection risk — NOT a model-specific known fault,General
Toyota,Aygo,2005,2026,Petrol,,,"Ignition, oil-consumption and timing-system history",Medium,50000,,General used-car buying-check trigger; not evidence this model has a specific known defect.,"Any timing-chain/belt, coil, plug, oil-consumption or low-oil-pressure work?","Cold-start listen; check oil level/history, misfires and service invoices.",150,1800,DG general UK buying-check framework,,general inspection risk — NOT a model-specific known fault,General
Toyota,Aygo,2005,2026,Hybrid,,,"Hybrid battery, cooling and high-voltage warning history",Medium,70000,,General used-car buying-check trigger; not evidence this model has a specific known defect.,"Any hybrid battery, inverter or high-voltage repairs/health checks?","Check hybrid warnings, battery cooling intake and available health-check history.",300,3000,DG general UK buying-check framework,,general inspection risk — NOT a model-specific known fault,General
Toyota,Aygo,2005,2026,,automatic|auto|dsg|cvt|powershift|s-tronic,,Automatic transmission shift quality and service history,Medium,50000,,General used-car buying-check trigger; not evidence this model has a specific known defect.,"Any gearbox oil/service, clutch, mechatronic, valve-body or transmission repairs?","Road-test cold/hot for judder, flare, delayed engagement and harsh shifts.",350,3000,DG general UK buying-check framework,,general inspection risk — NOT a model-specific known fault,General
Toyota,Aygo,2005,2026,,manual,,Clutch and dual-mass flywheel condition where fitted,Medium,50000,,General used-car buying-check trigger; not evidence this model has a specific known defect.,Any clutch or dual-mass flywheel replacement?,"Check bite, slip under load, vibration/rattle and gear selection.",600,1800,DG general UK buying-check framework,,general inspection risk — NOT a model-specific known fault,General
Toyota,Auris,2005,2026,,,,"Cooling system, coolant-loss and overheating history",Medium,50000,,General used-car buying-check trigger; not evidence this model has a specific known defect.,"Any coolant loss, overheating, water-pump, thermostat or radiator work?",Pressure-check cooling system; inspect coolant level/condition and temperature stability.,200,1200,DG general UK buying-check framework,,general inspection risk — NOT a model-specific known fault,General
Toyota,Auris,2005,2026,,,,"Suspension, steering and wheel-bearing wear",Medium,50000,,General used-car buying-check trigger; not evidence this model has a specific known defect.,"Any recent arms, bushes, springs, dampers, steering or wheel-bearing work?",Road-test for knocks/play; inspect tyre wear and suspension condition.,200,1200,DG general UK buying-check framework,,general inspection risk — NOT a model-specific known fault,General
Toyota,Auris,2005,2026,,,,"Electrical, battery, charging and infotainment faults",Medium,40000,,General used-car buying-check trigger; not evidence this model has a specific known defect.,"Any battery drain, charging, warning-light, screen, camera or electrical faults?",Scan modules; test every electrical function and battery/charging health.,120,1500,DG general UK buying-check framework,,general inspection risk — NOT a model-specific known fault,General
Toyota,Auris,2005,2026,Diesel,,,Diesel emissions system: DPF/EGR/NOx/AdBlue condition,Medium,50000,,General used-car buying-check trigger; not evidence this model has a specific known defect.,"Any DPF, EGR, NOx, AdBlue, forced-regeneration or emissions repairs?","Scan for emissions faults; check smoke, warning history and regeneration behaviour.",300,1800,DG general UK buying-check framework,,general inspection risk — NOT a model-specific known fault,General
Toyota,Auris,2005,2026,Diesel,,,"Turbo, boost, injector and intake condition",Medium,60000,,General used-car buying-check trigger; not evidence this model has a specific known defect.,"Any turbo, injector, intercooler, boost-hose or intake repairs?","Check cold start, smoke, boost delivery, whistle and stored boost/fuelling faults.",300,2200,DG general UK buying-check framework,,general inspection risk — NOT a model-specific known fault,General
Toyota,Auris,2005,2026,Petrol,,,"Ignition, oil-consumption and timing-system history",Medium,50000,,General used-car buying-check trigger; not evidence this model has a specific known defect.,"Any timing-chain/belt, coil, plug, oil-consumption or low-oil-pressure work?","Cold-start listen; check oil level/history, misfires and service invoices.",150,1800,DG general UK buying-check framework,,general inspection risk — NOT a model-specific known fault,General
Toyota,Auris,2005,2026,Hybrid,,,"Hybrid battery, cooling and high-voltage warning history",Medium,70000,,General used-car buying-check trigger; not evidence this model has a specific known defect.,"Any hybrid battery, inverter or high-voltage repairs/health checks?","Check hybrid warnings, battery cooling intake and available health-check history.",300,3000,DG general UK buying-check framework,,general inspection risk — NOT a model-specific known fault,General
Toyota,Auris,2005,2026,,automatic|auto|dsg|cvt|powershift|s-tronic,,Automatic transmission shift quality and service history,Medium,50000,,General used-car buying-check trigger; not evidence this model has a specific known defect.,"Any gearbox oil/service, clutch, mechatronic, valve-body or transmission repairs?","Road-test cold/hot for judder, flare, delayed engagement and harsh shifts.",350,3000,DG general UK buying-check framework,,general inspection risk — NOT a model-specific known fault,General
Toyota,Auris,2005,2026,,manual,,Clutch and dual-mass flywheel condition where fitted,Medium,50000,,General used-car buying-check trigger; not evidence this model has a specific known defect.,Any clutch or dual-mass flywheel replacement?,"Check bite, slip under load, vibration/rattle and gear selection.",600,1800,DG general UK buying-check framework,,general inspection risk — NOT a model-specific known fault,General
Toyota,Corolla,2005,2026,,,,"Cooling system, coolant-loss and overheating history",Medium,50000,,General used-car buying-check trigger; not evidence this model has a specific known defect.,"Any coolant loss, overheating, water-pump, thermostat or radiator work?",Pressure-check cooling system; inspect coolant level/condition and temperature stability.,200,1200,DG general UK buying-check framework,,general inspection risk — NOT a model-specific known fault,General
Toyota,Corolla,2005,2026,,,,"Suspension, steering and wheel-bearing wear",Medium,50000,,General used-car buying-check trigger; not evidence this model has a specific known defect.,"Any recent arms, bushes, springs, dampers, steering or wheel-bearing work?",Road-test for knocks/play; inspect tyre wear and suspension condition.,200,1200,DG general UK buying-check framework,,general inspection risk — NOT a model-specific known fault,General
Toyota,Corolla,2005,2026,,,,"Electrical, battery, charging and infotainment faults",Medium,40000,,General used-car buying-check trigger; not evidence this model has a specific known defect.,"Any battery drain, charging, warning-light, screen, camera or electrical faults?",Scan modules; test every electrical function and battery/charging health.,120,1500,DG general UK buying-check framework,,general inspection risk — NOT a model-specific known fault,General
Toyota,Corolla,2005,2026,Diesel,,,Diesel emissions system: DPF/EGR/NOx/AdBlue condition,Medium,50000,,General used-car buying-check trigger; not evidence this model has a specific known defect.,"Any DPF, EGR, NOx, AdBlue, forced-regeneration or emissions repairs?","Scan for emissions faults; check smoke, warning history and regeneration behaviour.",300,1800,DG general UK buying-check framework,,general inspection risk — NOT a model-specific known fault,General
Toyota,Corolla,2005,2026,Diesel,,,"Turbo, boost, injector and intake condition",Medium,60000,,General used-car buying-check trigger; not evidence this model has a specific known defect.,"Any turbo, injector, intercooler, boost-hose or intake repairs?","Check cold start, smoke, boost delivery, whistle and stored boost/fuelling faults.",300,2200,DG general UK buying-check framework,,general inspection risk — NOT a model-specific known fault,General
Toyota,Corolla,2005,2026,Petrol,,,"Ignition, oil-consumption and timing-system history",Medium,50000,,General used-car buying-check trigger; not evidence this model has a specific known defect.,"Any timing-chain/belt, coil, plug, oil-consumption or low-oil-pressure work?","Cold-start listen; check oil level/history, misfires and service invoices.",150,1800,DG general UK buying-check framework,,general inspection risk — NOT a model-specific known fault,General
Toyota,Corolla,2005,2026,Hybrid,,,"Hybrid battery, cooling and high-voltage warning history",Medium,70000,,General used-car buying-check trigger; not evidence this model has a specific known defect.,"Any hybrid battery, inverter or high-voltage repairs/health checks?","Check hybrid warnings, battery cooling intake and available health-check history.",300,3000,DG general UK buying-check framework,,general inspection risk — NOT a model-specific known fault,General
Toyota,Corolla,2005,2026,,automatic|auto|dsg|cvt|powershift|s-tronic,,Automatic transmission shift quality and service history,Medium,50000,,General used-car buying-check trigger; not evidence this model has a specific known defect.,"Any gearbox oil/service, clutch, mechatronic, valve-body or transmission repairs?","Road-test cold/hot for judder, flare, delayed engagement and harsh shifts.",350,3000,DG general UK buying-check framework,,general inspection risk — NOT a model-specific known fault,General
Toyota,Corolla,2005,2026,,manual,,Clutch and dual-mass flywheel condition where fitted,Medium,50000,,General used-car buying-check trigger; not evidence this model has a specific known defect.,Any clutch or dual-mass flywheel replacement?,"Check bite, slip under load, vibration/rattle and gear selection.",600,1800,DG general UK buying-check framework,,general inspection risk — NOT a model-specific known fault,General
Toyota,RAV4,2005,2026,,,,"Cooling system, coolant-loss and overheating history",Medium,50000,,General used-car buying-check trigger; not evidence this model has a specific known defect.,"Any coolant loss, overheating, water-pump, thermostat or radiator work?",Pressure-check cooling system; inspect coolant level/condition and temperature stability.,200,1200,DG general UK buying-check framework,,general inspection risk — NOT a model-specific known fault,General
Toyota,RAV4,2005,2026,,,,"Suspension, steering and wheel-bearing wear",Medium,50000,,General used-car buying-check trigger; not evidence this model has a specific known defect.,"Any recent arms, bushes, springs, dampers, steering or wheel-bearing work?",Road-test for knocks/play; inspect tyre wear and suspension condition.,200,1200,DG general UK buying-check framework,,general inspection risk — NOT a model-specific known fault,General
Toyota,RAV4,2005,2026,,,,"Electrical, battery, charging and infotainment faults",Medium,40000,,General used-car buying-check trigger; not evidence this model has a specific known defect.,"Any battery drain, charging, warning-light, screen, camera or electrical faults?",Scan modules; test every electrical function and battery/charging health.,120,1500,DG general UK buying-check framework,,general inspection risk — NOT a model-specific known fault,General
Toyota,RAV4,2005,2026,Diesel,,,Diesel emissions system: DPF/EGR/NOx/AdBlue condition,Medium,50000,,General used-car buying-check trigger; not evidence this model has a specific known defect.,"Any DPF, EGR, NOx, AdBlue, forced-regeneration or emissions repairs?","Scan for emissions faults; check smoke, warning history and regeneration behaviour.",300,1800,DG general UK buying-check framework,,general inspection risk — NOT a model-specific known fault,General
Toyota,RAV4,2005,2026,Diesel,,,"Turbo, boost, injector and intake condition",Medium,60000,,General used-car buying-check trigger; not evidence this model has a specific known defect.,"Any turbo, injector, intercooler, boost-hose or intake repairs?","Check cold start, smoke, boost delivery, whistle and stored boost/fuelling faults.",300,2200,DG general UK buying-check framework,,general inspection risk — NOT a model-specific known fault,General
Toyota,RAV4,2005,2026,Petrol,,,"Ignition, oil-consumption and timing-system history",Medium,50000,,General used-car buying-check trigger; not evidence this model has a specific known defect.,"Any timing-chain/belt, coil, plug, oil-consumption or low-oil-pressure work?","Cold-start listen; check oil level/history, misfires and service invoices.",150,1800,DG general UK buying-check framework,,general inspection risk — NOT a model-specific known fault,General
Toyota,RAV4,2005,2026,Hybrid,,,"Hybrid battery, cooling and high-voltage warning history",Medium,70000,,General used-car buying-check trigger; not evidence this model has a specific known defect.,"Any hybrid battery, inverter or high-voltage repairs/health checks?","Check hybrid warnings, battery cooling intake and available health-check history.",300,3000,DG general UK buying-check framework,,general inspection risk — NOT a model-specific known fault,General
Toyota,RAV4,2005,2026,,automatic|auto|dsg|cvt|powershift|s-tronic,,Automatic transmission shift quality and service history,Medium,50000,,General used-car buying-check trigger; not evidence this model has a specific known defect.,"Any gearbox oil/service, clutch, mechatronic, valve-body or transmission repairs?","Road-test cold/hot for judder, flare, delayed engagement and harsh shifts.",350,3000,DG general UK buying-check framework,,general inspection risk — NOT a model-specific known fault,General
Toyota,RAV4,2005,2026,,manual,,Clutch and dual-mass flywheel condition where fitted,Medium,50000,,General used-car buying-check trigger; not evidence this model has a specific known defect.,Any clutch or dual-mass flywheel replacement?,"Check bite, slip under load, vibration/rattle and gear selection.",600,1800,DG general UK buying-check framework,,general inspection risk — NOT a model-specific known fault,General
Toyota,C-HR,2005,2026,,,,"Cooling system, coolant-loss and overheating history",Medium,50000,,General used-car buying-check trigger; not evidence this model has a specific known defect.,"Any coolant loss, overheating, water-pump, thermostat or radiator work?",Pressure-check cooling system; inspect coolant level/condition and temperature stability.,200,1200,DG general UK buying-check framework,,general inspection risk — NOT a model-specific known fault,General
Toyota,C-HR,2005,2026,,,,"Suspension, steering and wheel-bearing wear",Medium,50000,,General used-car buying-check trigger; not evidence this model has a specific known defect.,"Any recent arms, bushes, springs, dampers, steering or wheel-bearing work?",Road-test for knocks/play; inspect tyre wear and suspension condition.,200,1200,DG general UK buying-check framework,,general inspection risk — NOT a model-specific known fault,General
Toyota,C-HR,2005,2026,,,,"Electrical, battery, charging and infotainment faults",Medium,40000,,General used-car buying-check trigger; not evidence this model has a specific known defect.,"Any battery drain, charging, warning-light, screen, camera or electrical faults?",Scan modules; test every electrical function and battery/charging health.,120,1500,DG general UK buying-check framework,,general inspection risk — NOT a model-specific known fault,General
Toyota,C-HR,2005,2026,Diesel,,,Diesel emissions system: DPF/EGR/NOx/AdBlue condition,Medium,50000,,General used-car buying-check trigger; not evidence this model has a specific known defect.,"Any DPF, EGR, NOx, AdBlue, forced-regeneration or emissions repairs?","Scan for emissions faults; check smoke, warning history and regeneration behaviour.",300,1800,DG general UK buying-check framework,,general inspection risk — NOT a model-specific known fault,General
Toyota,C-HR,2005,2026,Diesel,,,"Turbo, boost, injector and intake condition",Medium,60000,,General used-car buying-check trigger; not evidence this model has a specific known defect.,"Any turbo, injector, intercooler, boost-hose or intake repairs?","Check cold start, smoke, boost delivery, whistle and stored boost/fuelling faults.",300,2200,DG general UK buying-check framework,,general inspection risk — NOT a model-specific known fault,General
Toyota,C-HR,2005,2026,Petrol,,,"Ignition, oil-consumption and timing-system history",Medium,50000,,General used-car buying-check trigger; not evidence this model has a specific known defect.,"Any timing-chain/belt, coil, plug, oil-consumption or low-oil-pressure work?","Cold-start listen; check oil level/history, misfires and service invoices.",150,1800,DG general UK buying-check framework,,general inspection risk — NOT a model-specific known fault,General
Toyota,C-HR,2005,2026,Hybrid,,,"Hybrid battery, cooling and high-voltage warning history",Medium,70000,,General used-car buying-check trigger; not evidence this model has a specific known defect.,"Any hybrid battery, inverter or high-voltage repairs/health checks?","Check hybrid warnings, battery cooling intake and available health-check history.",300,3000,DG general UK buying-check framework,,general inspection risk — NOT a model-specific known fault,General
Toyota,C-HR,2005,2026,,automatic|auto|dsg|cvt|powershift|s-tronic,,Automatic transmission shift quality and service history,Medium,50000,,General used-car buying-check trigger; not evidence this model has a specific known defect.,"Any gearbox oil/service, clutch, mechatronic, valve-body or transmission repairs?","Road-test cold/hot for judder, flare, delayed engagement and harsh shifts.",350,3000,DG general UK buying-check framework,,general inspection risk — NOT a model-specific known fault,General
Toyota,C-HR,2005,2026,,manual,,Clutch and dual-mass flywheel condition where fitted,Medium,50000,,General used-car buying-check trigger; not evidence this model has a specific known defect.,Any clutch or dual-mass flywheel replacement?,"Check bite, slip under load, vibration/rattle and gear selection.",600,1800,DG general UK buying-check framework,,general inspection risk — NOT a model-specific known fault,General
Toyota,Prius,2005,2026,,,,"Cooling system, coolant-loss and overheating history",Medium,50000,,General used-car buying-check trigger; not evidence this model has a specific known defect.,"Any coolant loss, overheating, water-pump, thermostat or radiator work?",Pressure-check cooling system; inspect coolant level/condition and temperature stability.,200,1200,DG general UK buying-check framework,,general inspection risk — NOT a model-specific known fault,General
Toyota,Prius,2005,2026,,,,"Suspension, steering and wheel-bearing wear",Medium,50000,,General used-car buying-check trigger; not evidence this model has a specific known defect.,"Any recent arms, bushes, springs, dampers, steering or wheel-bearing work?",Road-test for knocks/play; inspect tyre wear and suspension condition.,200,1200,DG general UK buying-check framework,,general inspection risk — NOT a model-specific known fault,General
Toyota,Prius,2005,2026,,,,"Electrical, battery, charging and infotainment faults",Medium,40000,,General used-car buying-check trigger; not evidence this model has a specific known defect.,"Any battery drain, charging, warning-light, screen, camera or electrical faults?",Scan modules; test every electrical function and battery/charging health.,120,1500,DG general UK buying-check framework,,general inspection risk — NOT a model-specific known fault,General
Toyota,Prius,2005,2026,Diesel,,,Diesel emissions system: DPF/EGR/NOx/AdBlue condition,Medium,50000,,General used-car buying-check trigger; not evidence this model has a specific known defect.,"Any DPF, EGR, NOx, AdBlue, forced-regeneration or emissions repairs?","Scan for emissions faults; check smoke, warning history and regeneration behaviour.",300,1800,DG general UK buying-check framework,,general inspection risk — NOT a model-specific known fault,General
Toyota,Prius,2005,2026,Diesel,,,"Turbo, boost, injector and intake condition",Medium,60000,,General used-car buying-check trigger; not evidence this model has a specific known defect.,"Any turbo, injector, intercooler, boost-hose or intake repairs?","Check cold start, smoke, boost delivery, whistle and stored boost/fuelling faults.",300,2200,DG general UK buying-check framework,,general inspection risk — NOT a model-specific known fault,General
Toyota,Prius,2005,2026,Petrol,,,"Ignition, oil-consumption and timing-system history",Medium,50000,,General used-car buying-check trigger; not evidence this model has a specific known defect.,"Any timing-chain/belt, coil, plug, oil-consumption or low-oil-pressure work?","Cold-start listen; check oil level/history, misfires and service invoices.",150,1800,DG general UK buying-check framework,,general inspection risk — NOT a model-specific known fault,General
Toyota,Prius,2005,2026,Hybrid,,,"Hybrid battery, cooling and high-voltage warning history",Medium,70000,,General used-car buying-check trigger; not evidence this model has a specific known defect.,"Any hybrid battery, inverter or high-voltage repairs/health checks?","Check hybrid warnings, battery cooling intake and available health-check history.",300,3000,DG general UK buying-check framework,,general inspection risk — NOT a model-specific known fault,General
Toyota,Prius,2005,2026,,automatic|auto|dsg|cvt|powershift|s-tronic,,Automatic transmission shift quality and service history,Medium,50000,,General used-car buying-check trigger; not evidence this model has a specific known defect.,"Any gearbox oil/service, clutch, mechatronic, valve-body or transmission repairs?","Road-test cold/hot for judder, flare, delayed engagement and harsh shifts.",350,3000,DG general UK buying-check framework,,general inspection risk — NOT a model-specific known fault,General
Toyota,Prius,2005,2026,,manual,,Clutch and dual-mass flywheel condition where fitted,Medium,50000,,General used-car buying-check trigger; not evidence this model has a specific known defect.,Any clutch or dual-mass flywheel replacement?,"Check bite, slip under load, vibration/rattle and gear selection.",600,1800,DG general UK buying-check framework,,general inspection risk — NOT a model-specific known fault,General
Honda,Jazz,2005,2026,,,,"Cooling system, coolant-loss and overheating history",Medium,50000,,General used-car buying-check trigger; not evidence this model has a specific known defect.,"Any coolant loss, overheating, water-pump, thermostat or radiator work?",Pressure-check cooling system; inspect coolant level/condition and temperature stability.,200,1200,DG general UK buying-check framework,,general inspection risk — NOT a model-specific known fault,General
Honda,Jazz,2005,2026,,,,"Suspension, steering and wheel-bearing wear",Medium,50000,,General used-car buying-check trigger; not evidence this model has a specific known defect.,"Any recent arms, bushes, springs, dampers, steering or wheel-bearing work?",Road-test for knocks/play; inspect tyre wear and suspension condition.,200,1200,DG general UK buying-check framework,,general inspection risk — NOT a model-specific known fault,General
Honda,Jazz,2005,2026,,,,"Electrical, battery, charging and infotainment faults",Medium,40000,,General used-car buying-check trigger; not evidence this model has a specific known defect.,"Any battery drain, charging, warning-light, screen, camera or electrical faults?",Scan modules; test every electrical function and battery/charging health.,120,1500,DG general UK buying-check framework,,general inspection risk — NOT a model-specific known fault,General
Honda,Jazz,2005,2026,Diesel,,,Diesel emissions system: DPF/EGR/NOx/AdBlue condition,Medium,50000,,General used-car buying-check trigger; not evidence this model has a specific known defect.,"Any DPF, EGR, NOx, AdBlue, forced-regeneration or emissions repairs?","Scan for emissions faults; check smoke, warning history and regeneration behaviour.",300,1800,DG general UK buying-check framework,,general inspection risk — NOT a model-specific known fault,General
Honda,Jazz,2005,2026,Diesel,,,"Turbo, boost, injector and intake condition",Medium,60000,,General used-car buying-check trigger; not evidence this model has a specific known defect.,"Any turbo, injector, intercooler, boost-hose or intake repairs?","Check cold start, smoke, boost delivery, whistle and stored boost/fuelling faults.",300,2200,DG general UK buying-check framework,,general inspection risk — NOT a model-specific known fault,General
Honda,Jazz,2005,2026,Petrol,,,"Ignition, oil-consumption and timing-system history",Medium,50000,,General used-car buying-check trigger; not evidence this model has a specific known defect.,"Any timing-chain/belt, coil, plug, oil-consumption or low-oil-pressure work?","Cold-start listen; check oil level/history, misfires and service invoices.",150,1800,DG general UK buying-check framework,,general inspection risk — NOT a model-specific known fault,General
Honda,Jazz,2005,2026,Hybrid,,,"Hybrid battery, cooling and high-voltage warning history",Medium,70000,,General used-car buying-check trigger; not evidence this model has a specific known defect.,"Any hybrid battery, inverter or high-voltage repairs/health checks?","Check hybrid warnings, battery cooling intake and available health-check history.",300,3000,DG general UK buying-check framework,,general inspection risk — NOT a model-specific known fault,General
Honda,Jazz,2005,2026,,automatic|auto|dsg|cvt|powershift|s-tronic,,Automatic transmission shift quality and service history,Medium,50000,,General used-car buying-check trigger; not evidence this model has a specific known defect.,"Any gearbox oil/service, clutch, mechatronic, valve-body or transmission repairs?","Road-test cold/hot for judder, flare, delayed engagement and harsh shifts.",350,3000,DG general UK buying-check framework,,general inspection risk — NOT a model-specific known fault,General
Honda,Jazz,2005,2026,,manual,,Clutch and dual-mass flywheel condition where fitted,Medium,50000,,General used-car buying-check trigger; not evidence this model has a specific known defect.,Any clutch or dual-mass flywheel replacement?,"Check bite, slip under load, vibration/rattle and gear selection.",600,1800,DG general UK buying-check framework,,general inspection risk — NOT a model-specific known fault,General
Honda,Accord,2005,2026,,,,"Cooling system, coolant-loss and overheating history",Medium,50000,,General used-car buying-check trigger; not evidence this model has a specific known defect.,"Any coolant loss, overheating, water-pump, thermostat or radiator work?",Pressure-check cooling system; inspect coolant level/condition and temperature stability.,200,1200,DG general UK buying-check framework,,general inspection risk — NOT a model-specific known fault,General
Honda,Accord,2005,2026,,,,"Suspension, steering and wheel-bearing wear",Medium,50000,,General used-car buying-check trigger; not evidence this model has a specific known defect.,"Any recent arms, bushes, springs, dampers, steering or wheel-bearing work?",Road-test for knocks/play; inspect tyre wear and suspension condition.,200,1200,DG general UK buying-check framework,,general inspection risk — NOT a model-specific known fault,General
Honda,Accord,2005,2026,,,,"Electrical, battery, charging and infotainment faults",Medium,40000,,General used-car buying-check trigger; not evidence this model has a specific known defect.,"Any battery drain, charging, warning-light, screen, camera or electrical faults?",Scan modules; test every electrical function and battery/charging health.,120,1500,DG general UK buying-check framework,,general inspection risk — NOT a model-specific known fault,General
Honda,Accord,2005,2026,Diesel,,,Diesel emissions system: DPF/EGR/NOx/AdBlue condition,Medium,50000,,General used-car buying-check trigger; not evidence this model has a specific known defect.,"Any DPF, EGR, NOx, AdBlue, forced-regeneration or emissions repairs?","Scan for emissions faults; check smoke, warning history and regeneration behaviour.",300,1800,DG general UK buying-check framework,,general inspection risk — NOT a model-specific known fault,General
Honda,Accord,2005,2026,Diesel,,,"Turbo, boost, injector and intake condition",Medium,60000,,General used-car buying-check trigger; not evidence this model has a specific known defect.,"Any turbo, injector, intercooler, boost-hose or intake repairs?","Check cold start, smoke, boost delivery, whistle and stored boost/fuelling faults.",300,2200,DG general UK buying-check framework,,general inspection risk — NOT a model-specific known fault,General
Honda,Accord,2005,2026,Petrol,,,"Ignition, oil-consumption and timing-system history",Medium,50000,,General used-car buying-check trigger; not evidence this model has a specific known defect.,"Any timing-chain/belt, coil, plug, oil-consumption or low-oil-pressure work?","Cold-start listen; check oil level/history, misfires and service invoices.",150,1800,DG general UK buying-check framework,,general inspection risk — NOT a model-specific known fault,General
Honda,Accord,2005,2026,Hybrid,,,"Hybrid battery, cooling and high-voltage warning history",Medium,70000,,General used-car buying-check trigger; not evidence this model has a specific known defect.,"Any hybrid battery, inverter or high-voltage repairs/health checks?","Check hybrid warnings, battery cooling intake and available health-check history.",300,3000,DG general UK buying-check framework,,general inspection risk — NOT a model-specific known fault,General
Honda,Accord,2005,2026,,automatic|auto|dsg|cvt|powershift|s-tronic,,Automatic transmission shift quality and service history,Medium,50000,,General used-car buying-check trigger; not evidence this model has a specific known defect.,"Any gearbox oil/service, clutch, mechatronic, valve-body or transmission repairs?","Road-test cold/hot for judder, flare, delayed engagement and harsh shifts.",350,3000,DG general UK buying-check framework,,general inspection risk — NOT a model-specific known fault,General
Honda,Accord,2005,2026,,manual,,Clutch and dual-mass flywheel condition where fitted,Medium,50000,,General used-car buying-check trigger; not evidence this model has a specific known defect.,Any clutch or dual-mass flywheel replacement?,"Check bite, slip under load, vibration/rattle and gear selection.",600,1800,DG general UK buying-check framework,,general inspection risk — NOT a model-specific known fault,General
Honda,CR-V,2005,2026,,,,"Cooling system, coolant-loss and overheating history",Medium,50000,,General used-car buying-check trigger; not evidence this model has a specific known defect.,"Any coolant loss, overheating, water-pump, thermostat or radiator work?",Pressure-check cooling system; inspect coolant level/condition and temperature stability.,200,1200,DG general UK buying-check framework,,general inspection risk — NOT a model-specific known fault,General
Honda,CR-V,2005,2026,,,,"Suspension, steering and wheel-bearing wear",Medium,50000,,General used-car buying-check trigger; not evidence this model has a specific known defect.,"Any recent arms, bushes, springs, dampers, steering or wheel-bearing work?",Road-test for knocks/play; inspect tyre wear and suspension condition.,200,1200,DG general UK buying-check framework,,general inspection risk — NOT a model-specific known fault,General
Honda,CR-V,2005,2026,,,,"Electrical, battery, charging and infotainment faults",Medium,40000,,General used-car buying-check trigger; not evidence this model has a specific known defect.,"Any battery drain, charging, warning-light, screen, camera or electrical faults?",Scan modules; test every electrical function and battery/charging health.,120,1500,DG general UK buying-check framework,,general inspection risk — NOT a model-specific known fault,General
Honda,CR-V,2005,2026,Diesel,,,Diesel emissions system: DPF/EGR/NOx/AdBlue condition,Medium,50000,,General used-car buying-check trigger; not evidence this model has a specific known defect.,"Any DPF, EGR, NOx, AdBlue, forced-regeneration or emissions repairs?","Scan for emissions faults; check smoke, warning history and regeneration behaviour.",300,1800,DG general UK buying-check framework,,general inspection risk — NOT a model-specific known fault,General
Honda,CR-V,2005,2026,Diesel,,,"Turbo, boost, injector and intake condition",Medium,60000,,General used-car buying-check trigger; not evidence this model has a specific known defect.,"Any turbo, injector, intercooler, boost-hose or intake repairs?","Check cold start, smoke, boost delivery, whistle and stored boost/fuelling faults.",300,2200,DG general UK buying-check framework,,general inspection risk — NOT a model-specific known fault,General
Honda,CR-V,2005,2026,Petrol,,,"Ignition, oil-consumption and timing-system history",Medium,50000,,General used-car buying-check trigger; not evidence this model has a specific known defect.,"Any timing-chain/belt, coil, plug, oil-consumption or low-oil-pressure work?","Cold-start listen; check oil level/history, misfires and service invoices.",150,1800,DG general UK buying-check framework,,general inspection risk — NOT a model-specific known fault,General
Honda,CR-V,2005,2026,Hybrid,,,"Hybrid battery, cooling and high-voltage warning history",Medium,70000,,General used-car buying-check trigger; not evidence this model has a specific known defect.,"Any hybrid battery, inverter or high-voltage repairs/health checks?","Check hybrid warnings, battery cooling intake and available health-check history.",300,3000,DG general UK buying-check framework,,general inspection risk — NOT a model-specific known fault,General
Honda,CR-V,2005,2026,,automatic|auto|dsg|cvt|powershift|s-tronic,,Automatic transmission shift quality and service history,Medium,50000,,General used-car buying-check trigger; not evidence this model has a specific known defect.,"Any gearbox oil/service, clutch, mechatronic, valve-body or transmission repairs?","Road-test cold/hot for judder, flare, delayed engagement and harsh shifts.",350,3000,DG general UK buying-check framework,,general inspection risk — NOT a model-specific known fault,General
Honda,CR-V,2005,2026,,manual,,Clutch and dual-mass flywheel condition where fitted,Medium,50000,,General used-car buying-check trigger; not evidence this model has a specific known defect.,Any clutch or dual-mass flywheel replacement?,"Check bite, slip under load, vibration/rattle and gear selection.",600,1800,DG general UK buying-check framework,,general inspection risk — NOT a model-specific known fault,General
Honda,HR-V,2005,2026,,,,"Cooling system, coolant-loss and overheating history",Medium,50000,,General used-car buying-check trigger; not evidence this model has a specific known defect.,"Any coolant loss, overheating, water-pump, thermostat or radiator work?",Pressure-check cooling system; inspect coolant level/condition and temperature stability.,200,1200,DG general UK buying-check framework,,general inspection risk — NOT a model-specific known fault,General
Honda,HR-V,2005,2026,,,,"Suspension, steering and wheel-bearing wear",Medium,50000,,General used-car buying-check trigger; not evidence this model has a specific known defect.,"Any recent arms, bushes, springs, dampers, steering or wheel-bearing work?",Road-test for knocks/play; inspect tyre wear and suspension condition.,200,1200,DG general UK buying-check framework,,general inspection risk — NOT a model-specific known fault,General
Honda,HR-V,2005,2026,,,,"Electrical, battery, charging and infotainment faults",Medium,40000,,General used-car buying-check trigger; not evidence this model has a specific known defect.,"Any battery drain, charging, warning-light, screen, camera or electrical faults?",Scan modules; test every electrical function and battery/charging health.,120,1500,DG general UK buying-check framework,,general inspection risk — NOT a model-specific known fault,General
Honda,HR-V,2005,2026,Diesel,,,Diesel emissions system: DPF/EGR/NOx/AdBlue condition,Medium,50000,,General used-car buying-check trigger; not evidence this model has a specific known defect.,"Any DPF, EGR, NOx, AdBlue, forced-regeneration or emissions repairs?","Scan for emissions faults; check smoke, warning history and regeneration behaviour.",300,1800,DG general UK buying-check framework,,general inspection risk — NOT a model-specific known fault,General
Honda,HR-V,2005,2026,Diesel,,,"Turbo, boost, injector and intake condition",Medium,60000,,General used-car buying-check trigger; not evidence this model has a specific known defect.,"Any turbo, injector, intercooler, boost-hose or intake repairs?","Check cold start, smoke, boost delivery, whistle and stored boost/fuelling faults.",300,2200,DG general UK buying-check framework,,general inspection risk — NOT a model-specific known fault,General
Honda,HR-V,2005,2026,Petrol,,,"Ignition, oil-consumption and timing-system history",Medium,50000,,General used-car buying-check trigger; not evidence this model has a specific known defect.,"Any timing-chain/belt, coil, plug, oil-consumption or low-oil-pressure work?","Cold-start listen; check oil level/history, misfires and service invoices.",150,1800,DG general UK buying-check framework,,general inspection risk — NOT a model-specific known fault,General
Honda,HR-V,2005,2026,Hybrid,,,"Hybrid battery, cooling and high-voltage warning history",Medium,70000,,General used-car buying-check trigger; not evidence this model has a specific known defect.,"Any hybrid battery, inverter or high-voltage repairs/health checks?","Check hybrid warnings, battery cooling intake and available health-check history.",300,3000,DG general UK buying-check framework,,general inspection risk — NOT a model-specific known fault,General
Honda,HR-V,2005,2026,,automatic|auto|dsg|cvt|powershift|s-tronic,,Automatic transmission shift quality and service history,Medium,50000,,General used-car buying-check trigger; not evidence this model has a specific known defect.,"Any gearbox oil/service, clutch, mechatronic, valve-body or transmission repairs?","Road-test cold/hot for judder, flare, delayed engagement and harsh shifts.",350,3000,DG general UK buying-check framework,,general inspection risk — NOT a model-specific known fault,General
Honda,HR-V,2005,2026,,manual,,Clutch and dual-mass flywheel condition where fitted,Medium,50000,,General used-car buying-check trigger; not evidence this model has a specific known defect.,Any clutch or dual-mass flywheel replacement?,"Check bite, slip under load, vibration/rattle and gear selection.",600,1800,DG general UK buying-check framework,,general inspection risk — NOT a model-specific known fault,General
Kia,Picanto,2005,2026,,,,"Cooling system, coolant-loss and overheating history",Medium,50000,,General used-car buying-check trigger; not evidence this model has a specific known defect.,"Any coolant loss, overheating, water-pump, thermostat or radiator work?",Pressure-check cooling system; inspect coolant level/condition and temperature stability.,200,1200,DG general UK buying-check framework,,general inspection risk — NOT a model-specific known fault,General
Kia,Picanto,2005,2026,,,,"Suspension, steering and wheel-bearing wear",Medium,50000,,General used-car buying-check trigger; not evidence this model has a specific known defect.,"Any recent arms, bushes, springs, dampers, steering or wheel-bearing work?",Road-test for knocks/play; inspect tyre wear and suspension condition.,200,1200,DG general UK buying-check framework,,general inspection risk — NOT a model-specific known fault,General
Kia,Picanto,2005,2026,,,,"Electrical, battery, charging and infotainment faults",Medium,40000,,General used-car buying-check trigger; not evidence this model has a specific known defect.,"Any battery drain, charging, warning-light, screen, camera or electrical faults?",Scan modules; test every electrical function and battery/charging health.,120,1500,DG general UK buying-check framework,,general inspection risk — NOT a model-specific known fault,General
Kia,Picanto,2005,2026,Diesel,,,Diesel emissions system: DPF/EGR/NOx/AdBlue condition,Medium,50000,,General used-car buying-check trigger; not evidence this model has a specific known defect.,"Any DPF, EGR, NOx, AdBlue, forced-regeneration or emissions repairs?","Scan for emissions faults; check smoke, warning history and regeneration behaviour.",300,1800,DG general UK buying-check framework,,general inspection risk — NOT a model-specific known fault,General
Kia,Picanto,2005,2026,Diesel,,,"Turbo, boost, injector and intake condition",Medium,60000,,General used-car buying-check trigger; not evidence this model has a specific known defect.,"Any turbo, injector, intercooler, boost-hose or intake repairs?","Check cold start, smoke, boost delivery, whistle and stored boost/fuelling faults.",300,2200,DG general UK buying-check framework,,general inspection risk — NOT a model-specific known fault,General
Kia,Picanto,2005,2026,Petrol,,,"Ignition, oil-consumption and timing-system history",Medium,50000,,General used-car buying-check trigger; not evidence this model has a specific known defect.,"Any timing-chain/belt, coil, plug, oil-consumption or low-oil-pressure work?","Cold-start listen; check oil level/history, misfires and service invoices.",150,1800,DG general UK buying-check framework,,general inspection risk — NOT a model-specific known fault,General
Kia,Picanto,2005,2026,Hybrid,,,"Hybrid battery, cooling and high-voltage warning history",Medium,70000,,General used-car buying-check trigger; not evidence this model has a specific known defect.,"Any hybrid battery, inverter or high-voltage repairs/health checks?","Check hybrid warnings, battery cooling intake and available health-check history.",300,3000,DG general UK buying-check framework,,general inspection risk — NOT a model-specific known fault,General
Kia,Picanto,2005,2026,,automatic|auto|dsg|cvt|powershift|s-tronic,,Automatic transmission shift quality and service history,Medium,50000,,General used-car buying-check trigger; not evidence this model has a specific known defect.,"Any gearbox oil/service, clutch, mechatronic, valve-body or transmission repairs?","Road-test cold/hot for judder, flare, delayed engagement and harsh shifts.",350,3000,DG general UK buying-check framework,,general inspection risk — NOT a model-specific known fault,General
Kia,Picanto,2005,2026,,manual,,Clutch and dual-mass flywheel condition where fitted,Medium,50000,,General used-car buying-check trigger; not evidence this model has a specific known defect.,Any clutch or dual-mass flywheel replacement?,"Check bite, slip under load, vibration/rattle and gear selection.",600,1800,DG general UK buying-check framework,,general inspection risk — NOT a model-specific known fault,General
Kia,Rio,2005,2026,,,,"Cooling system, coolant-loss and overheating history",Medium,50000,,General used-car buying-check trigger; not evidence this model has a specific known defect.,"Any coolant loss, overheating, water-pump, thermostat or radiator work?",Pressure-check cooling system; inspect coolant level/condition and temperature stability.,200,1200,DG general UK buying-check framework,,general inspection risk — NOT a model-specific known fault,General
Kia,Rio,2005,2026,,,,"Suspension, steering and wheel-bearing wear",Medium,50000,,General used-car buying-check trigger; not evidence this model has a specific known defect.,"Any recent arms, bushes, springs, dampers, steering or wheel-bearing work?",Road-test for knocks/play; inspect tyre wear and suspension condition.,200,1200,DG general UK buying-check framework,,general inspection risk — NOT a model-specific known fault,General
Kia,Rio,2005,2026,,,,"Electrical, battery, charging and infotainment faults",Medium,40000,,General used-car buying-check trigger; not evidence this model has a specific known defect.,"Any battery drain, charging, warning-light, screen, camera or electrical faults?",Scan modules; test every electrical function and battery/charging health.,120,1500,DG general UK buying-check framework,,general inspection risk — NOT a model-specific known fault,General
Kia,Rio,2005,2026,Diesel,,,Diesel emissions system: DPF/EGR/NOx/AdBlue condition,Medium,50000,,General used-car buying-check trigger; not evidence this model has a specific known defect.,"Any DPF, EGR, NOx, AdBlue, forced-regeneration or emissions repairs?","Scan for emissions faults; check smoke, warning history and regeneration behaviour.",300,1800,DG general UK buying-check framework,,general inspection risk — NOT a model-specific known fault,General
Kia,Rio,2005,2026,Diesel,,,"Turbo, boost, injector and intake condition",Medium,60000,,General used-car buying-check trigger; not evidence this model has a specific known defect.,"Any turbo, injector, intercooler, boost-hose or intake repairs?","Check cold start, smoke, boost delivery, whistle and stored boost/fuelling faults.",300,2200,DG general UK buying-check framework,,general inspection risk — NOT a model-specific known fault,General
Kia,Rio,2005,2026,Petrol,,,"Ignition, oil-consumption and timing-system history",Medium,50000,,General used-car buying-check trigger; not evidence this model has a specific known defect.,"Any timing-chain/belt, coil, plug, oil-consumption or low-oil-pressure work?","Cold-start listen; check oil level/history, misfires and service invoices.",150,1800,DG general UK buying-check framework,,general inspection risk — NOT a model-specific known fault,General
Kia,Rio,2005,2026,Hybrid,,,"Hybrid battery, cooling and high-voltage warning history",Medium,70000,,General used-car buying-check trigger; not evidence this model has a specific known defect.,"Any hybrid battery, inverter or high-voltage repairs/health checks?","Check hybrid warnings, battery cooling intake and available health-check history.",300,3000,DG general UK buying-check framework,,general inspection risk — NOT a model-specific known fault,General
Kia,Rio,2005,2026,,automatic|auto|dsg|cvt|powershift|s-tronic,,Automatic transmission shift quality and service history,Medium,50000,,General used-car buying-check trigger; not evidence this model has a specific known defect.,"Any gearbox oil/service, clutch, mechatronic, valve-body or transmission repairs?","Road-test cold/hot for judder, flare, delayed engagement and harsh shifts.",350,3000,DG general UK buying-check framework,,general inspection risk — NOT a model-specific known fault,General
Kia,Rio,2005,2026,,manual,,Clutch and dual-mass flywheel condition where fitted,Medium,50000,,General used-car buying-check trigger; not evidence this model has a specific known defect.,Any clutch or dual-mass flywheel replacement?,"Check bite, slip under load, vibration/rattle and gear selection.",600,1800,DG general UK buying-check framework,,general inspection risk — NOT a model-specific known fault,General
Kia,Ceed,2005,2026,,,,"Cooling system, coolant-loss and overheating history",Medium,50000,,General used-car buying-check trigger; not evidence this model has a specific known defect.,"Any coolant loss, overheating, water-pump, thermostat or radiator work?",Pressure-check cooling system; inspect coolant level/condition and temperature stability.,200,1200,DG general UK buying-check framework,,general inspection risk — NOT a model-specific known fault,General
Kia,Ceed,2005,2026,,,,"Suspension, steering and wheel-bearing wear",Medium,50000,,General used-car buying-check trigger; not evidence this model has a specific known defect.,"Any recent arms, bushes, springs, dampers, steering or wheel-bearing work?",Road-test for knocks/play; inspect tyre wear and suspension condition.,200,1200,DG general UK buying-check framework,,general inspection risk — NOT a model-specific known fault,General
Kia,Ceed,2005,2026,,,,"Electrical, battery, charging and infotainment faults",Medium,40000,,General used-car buying-check trigger; not evidence this model has a specific known defect.,"Any battery drain, charging, warning-light, screen, camera or electrical faults?",Scan modules; test every electrical function and battery/charging health.,120,1500,DG general UK buying-check framework,,general inspection risk — NOT a model-specific known fault,General
Kia,Ceed,2005,2026,Diesel,,,Diesel emissions system: DPF/EGR/NOx/AdBlue condition,Medium,50000,,General used-car buying-check trigger; not evidence this model has a specific known defect.,"Any DPF, EGR, NOx, AdBlue, forced-regeneration or emissions repairs?","Scan for emissions faults; check smoke, warning history and regeneration behaviour.",300,1800,DG general UK buying-check framework,,general inspection risk — NOT a model-specific known fault,General
Kia,Ceed,2005,2026,Diesel,,,"Turbo, boost, injector and intake condition",Medium,60000,,General used-car buying-check trigger; not evidence this model has a specific known defect.,"Any turbo, injector, intercooler, boost-hose or intake repairs?","Check cold start, smoke, boost delivery, whistle and stored boost/fuelling faults.",300,2200,DG general UK buying-check framework,,general inspection risk — NOT a model-specific known fault,General
Kia,Ceed,2005,2026,Petrol,,,"Ignition, oil-consumption and timing-system history",Medium,50000,,General used-car buying-check trigger; not evidence this model has a specific known defect.,"Any timing-chain/belt, coil, plug, oil-consumption or low-oil-pressure work?","Cold-start listen; check oil level/history, misfires and service invoices.",150,1800,DG general UK buying-check framework,,general inspection risk — NOT a model-specific known fault,General
Kia,Ceed,2005,2026,Hybrid,,,"Hybrid battery, cooling and high-voltage warning history",Medium,70000,,General used-car buying-check trigger; not evidence this model has a specific known defect.,"Any hybrid battery, inverter or high-voltage repairs/health checks?","Check hybrid warnings, battery cooling intake and available health-check history.",300,3000,DG general UK buying-check framework,,general inspection risk — NOT a model-specific known fault,General
Kia,Ceed,2005,2026,,automatic|auto|dsg|cvt|powershift|s-tronic,,Automatic transmission shift quality and service history,Medium,50000,,General used-car buying-check trigger; not evidence this model has a specific known defect.,"Any gearbox oil/service, clutch, mechatronic, valve-body or transmission repairs?","Road-test cold/hot for judder, flare, delayed engagement and harsh shifts.",350,3000,DG general UK buying-check framework,,general inspection risk — NOT a model-specific known fault,General
Kia,Ceed,2005,2026,,manual,,Clutch and dual-mass flywheel condition where fitted,Medium,50000,,General used-car buying-check trigger; not evidence this model has a specific known defect.,Any clutch or dual-mass flywheel replacement?,"Check bite, slip under load, vibration/rattle and gear selection.",600,1800,DG general UK buying-check framework,,general inspection risk — NOT a model-specific known fault,General
Kia,Sportage,2005,2026,,,,"Cooling system, coolant-loss and overheating history",Medium,50000,,General used-car buying-check trigger; not evidence this model has a specific known defect.,"Any coolant loss, overheating, water-pump, thermostat or radiator work?",Pressure-check cooling system; inspect coolant level/condition and temperature stability.,200,1200,DG general UK buying-check framework,,general inspection risk — NOT a model-specific known fault,General
Kia,Sportage,2005,2026,,,,"Suspension, steering and wheel-bearing wear",Medium,50000,,General used-car buying-check trigger; not evidence this model has a specific known defect.,"Any recent arms, bushes, springs, dampers, steering or wheel-bearing work?",Road-test for knocks/play; inspect tyre wear and suspension condition.,200,1200,DG general UK buying-check framework,,general inspection risk — NOT a model-specific known fault,General
Kia,Sportage,2005,2026,,,,"Electrical, battery, charging and infotainment faults",Medium,40000,,General used-car buying-check trigger; not evidence this model has a specific known defect.,"Any battery drain, charging, warning-light, screen, camera or electrical faults?",Scan modules; test every electrical function and battery/charging health.,120,1500,DG general UK buying-check framework,,general inspection risk — NOT a model-specific known fault,General
Kia,Sportage,2005,2026,Diesel,,,Diesel emissions system: DPF/EGR/NOx/AdBlue condition,Medium,50000,,General used-car buying-check trigger; not evidence this model has a specific known defect.,"Any DPF, EGR, NOx, AdBlue, forced-regeneration or emissions repairs?","Scan for emissions faults; check smoke, warning history and regeneration behaviour.",300,1800,DG general UK buying-check framework,,general inspection risk — NOT a model-specific known fault,General
Kia,Sportage,2005,2026,Diesel,,,"Turbo, boost, injector and intake condition",Medium,60000,,General used-car buying-check trigger; not evidence this model has a specific known defect.,"Any turbo, injector, intercooler, boost-hose or intake repairs?","Check cold start, smoke, boost delivery, whistle and stored boost/fuelling faults.",300,2200,DG general UK buying-check framework,,general inspection risk — NOT a model-specific known fault,General
Kia,Sportage,2005,2026,Petrol,,,"Ignition, oil-consumption and timing-system history",Medium,50000,,General used-car buying-check trigger; not evidence this model has a specific known defect.,"Any timing-chain/belt, coil, plug, oil-consumption or low-oil-pressure work?","Cold-start listen; check oil level/history, misfires and service invoices.",150,1800,DG general UK buying-check framework,,general inspection risk — NOT a model-specific known fault,General
Kia,Sportage,2005,2026,Hybrid,,,"Hybrid battery, cooling and high-voltage warning history",Medium,70000,,General used-car buying-check trigger; not evidence this model has a specific known defect.,"Any hybrid battery, inverter or high-voltage repairs/health checks?","Check hybrid warnings, battery cooling intake and available health-check history.",300,3000,DG general UK buying-check framework,,general inspection risk — NOT a model-specific known fault,General
Kia,Sportage,2005,2026,,automatic|auto|dsg|cvt|powershift|s-tronic,,Automatic transmission shift quality and service history,Medium,50000,,General used-car buying-check trigger; not evidence this model has a specific known defect.,"Any gearbox oil/service, clutch, mechatronic, valve-body or transmission repairs?","Road-test cold/hot for judder, flare, delayed engagement and harsh shifts.",350,3000,DG general UK buying-check framework,,general inspection risk — NOT a model-specific known fault,General
Kia,Sportage,2005,2026,,manual,,Clutch and dual-mass flywheel condition where fitted,Medium,50000,,General used-car buying-check trigger; not evidence this model has a specific known defect.,Any clutch or dual-mass flywheel replacement?,"Check bite, slip under load, vibration/rattle and gear selection.",600,1800,DG general UK buying-check framework,,general inspection risk — NOT a model-specific known fault,General
Kia,Sorento,2005,2026,,,,"Cooling system, coolant-loss and overheating history",Medium,50000,,General used-car buying-check trigger; not evidence this model has a specific known defect.,"Any coolant loss, overheating, water-pump, thermostat or radiator work?",Pressure-check cooling system; inspect coolant level/condition and temperature stability.,200,1200,DG general UK buying-check framework,,general inspection risk — NOT a model-specific known fault,General
Kia,Sorento,2005,2026,,,,"Suspension, steering and wheel-bearing wear",Medium,50000,,General used-car buying-check trigger; not evidence this model has a specific known defect.,"Any recent arms, bushes, springs, dampers, steering or wheel-bearing work?",Road-test for knocks/play; inspect tyre wear and suspension condition.,200,1200,DG general UK buying-check framework,,general inspection risk — NOT a model-specific known fault,General
Kia,Sorento,2005,2026,,,,"Electrical, battery, charging and infotainment faults",Medium,40000,,General used-car buying-check trigger; not evidence this model has a specific known defect.,"Any battery drain, charging, warning-light, screen, camera or electrical faults?",Scan modules; test every electrical function and battery/charging health.,120,1500,DG general UK buying-check framework,,general inspection risk — NOT a model-specific known fault,General
Kia,Sorento,2005,2026,Diesel,,,Diesel emissions system: DPF/EGR/NOx/AdBlue condition,Medium,50000,,General used-car buying-check trigger; not evidence this model has a specific known defect.,"Any DPF, EGR, NOx, AdBlue, forced-regeneration or emissions repairs?","Scan for emissions faults; check smoke, warning history and regeneration behaviour.",300,1800,DG general UK buying-check framework,,general inspection risk — NOT a model-specific known fault,General
Kia,Sorento,2005,2026,Diesel,,,"Turbo, boost, injector and intake condition",Medium,60000,,General used-car buying-check trigger; not evidence this model has a specific known defect.,"Any turbo, injector, intercooler, boost-hose or intake repairs?","Check cold start, smoke, boost delivery, whistle and stored boost/fuelling faults.",300,2200,DG general UK buying-check framework,,general inspection risk — NOT a model-specific known fault,General
Kia,Sorento,2005,2026,Petrol,,,"Ignition, oil-consumption and timing-system history",Medium,50000,,General used-car buying-check trigger; not evidence this model has a specific known defect.,"Any timing-chain/belt, coil, plug, oil-consumption or low-oil-pressure work?","Cold-start listen; check oil level/history, misfires and service invoices.",150,1800,DG general UK buying-check framework,,general inspection risk — NOT a model-specific known fault,General
Kia,Sorento,2005,2026,Hybrid,,,"Hybrid battery, cooling and high-voltage warning history",Medium,70000,,General used-car buying-check trigger; not evidence this model has a specific known defect.,"Any hybrid battery, inverter or high-voltage repairs/health checks?","Check hybrid warnings, battery cooling intake and available health-check history.",300,3000,DG general UK buying-check framework,,general inspection risk — NOT a model-specific known fault,General
Kia,Sorento,2005,2026,,automatic|auto|dsg|cvt|powershift|s-tronic,,Automatic transmission shift quality and service history,Medium,50000,,General used-car buying-check trigger; not evidence this model has a specific known defect.,"Any gearbox oil/service, clutch, mechatronic, valve-body or transmission repairs?","Road-test cold/hot for judder, flare, delayed engagement and harsh shifts.",350,3000,DG general UK buying-check framework,,general inspection risk — NOT a model-specific known fault,General
Kia,Sorento,2005,2026,,manual,,Clutch and dual-mass flywheel condition where fitted,Medium,50000,,General used-car buying-check trigger; not evidence this model has a specific known defect.,Any clutch or dual-mass flywheel replacement?,"Check bite, slip under load, vibration/rattle and gear selection.",600,1800,DG general UK buying-check framework,,general inspection risk — NOT a model-specific known fault,General
Kia,Niro,2005,2026,,,,"Cooling system, coolant-loss and overheating history",Medium,50000,,General used-car buying-check trigger; not evidence this model has a specific known defect.,"Any coolant loss, overheating, water-pump, thermostat or radiator work?",Pressure-check cooling system; inspect coolant level/condition and temperature stability.,200,1200,DG general UK buying-check framework,,general inspection risk — NOT a model-specific known fault,General
Kia,Niro,2005,2026,,,,"Suspension, steering and wheel-bearing wear",Medium,50000,,General used-car buying-check trigger; not evidence this model has a specific known defect.,"Any recent arms, bushes, springs, dampers, steering or wheel-bearing work?",Road-test for knocks/play; inspect tyre wear and suspension condition.,200,1200,DG general UK buying-check framework,,general inspection risk — NOT a model-specific known fault,General
Kia,Niro,2005,2026,,,,"Electrical, battery, charging and infotainment faults",Medium,40000,,General used-car buying-check trigger; not evidence this model has a specific known defect.,"Any battery drain, charging, warning-light, screen, camera or electrical faults?",Scan modules; test every electrical function and battery/charging health.,120,1500,DG general UK buying-check framework,,general inspection risk — NOT a model-specific known fault,General
Kia,Niro,2005,2026,Diesel,,,Diesel emissions system: DPF/EGR/NOx/AdBlue condition,Medium,50000,,General used-car buying-check trigger; not evidence this model has a specific known defect.,"Any DPF, EGR, NOx, AdBlue, forced-regeneration or emissions repairs?","Scan for emissions faults; check smoke, warning history and regeneration behaviour.",300,1800,DG general UK buying-check framework,,general inspection risk — NOT a model-specific known fault,General
Kia,Niro,2005,2026,Diesel,,,"Turbo, boost, injector and intake condition",Medium,60000,,General used-car buying-check trigger; not evidence this model has a specific known defect.,"Any turbo, injector, intercooler, boost-hose or intake repairs?","Check cold start, smoke, boost delivery, whistle and stored boost/fuelling faults.",300,2200,DG general UK buying-check framework,,general inspection risk — NOT a model-specific known fault,General
Kia,Niro,2005,2026,Petrol,,,"Ignition, oil-consumption and timing-system history",Medium,50000,,General used-car buying-check trigger; not evidence this model has a specific known defect.,"Any timing-chain/belt, coil, plug, oil-consumption or low-oil-pressure work?","Cold-start listen; check oil level/history, misfires and service invoices.",150,1800,DG general UK buying-check framework,,general inspection risk — NOT a model-specific known fault,General
Kia,Niro,2005,2026,Hybrid,,,"Hybrid battery, cooling and high-voltage warning history",Medium,70000,,General used-car buying-check trigger; not evidence this model has a specific known defect.,"Any hybrid battery, inverter or high-voltage repairs/health checks?","Check hybrid warnings, battery cooling intake and available health-check history.",300,3000,DG general UK buying-check framework,,general inspection risk — NOT a model-specific known fault,General
Kia,Niro,2005,2026,,automatic|auto|dsg|cvt|powershift|s-tronic,,Automatic transmission shift quality and service history,Medium,50000,,General used-car buying-check trigger; not evidence this model has a specific known defect.,"Any gearbox oil/service, clutch, mechatronic, valve-body or transmission repairs?","Road-test cold/hot for judder, flare, delayed engagement and harsh shifts.",350,3000,DG general UK buying-check framework,,general inspection risk — NOT a model-specific known fault,General
Kia,Niro,2005,2026,,manual,,Clutch and dual-mass flywheel condition where fitted,Medium,50000,,General used-car buying-check trigger; not evidence this model has a specific known defect.,Any clutch or dual-mass flywheel replacement?,"Check bite, slip under load, vibration/rattle and gear selection.",600,1800,DG general UK buying-check framework,,general inspection risk — NOT a model-specific known fault,General
Hyundai,i10,2005,2026,,,,"Cooling system, coolant-loss and overheating history",Medium,50000,,General used-car buying-check trigger; not evidence this model has a specific known defect.,"Any coolant loss, overheating, water-pump, thermostat or radiator work?",Pressure-check cooling system; inspect coolant level/condition and temperature stability.,200,1200,DG general UK buying-check framework,,general inspection risk — NOT a model-specific known fault,General
Hyundai,i10,2005,2026,,,,"Suspension, steering and wheel-bearing wear",Medium,50000,,General used-car buying-check trigger; not evidence this model has a specific known defect.,"Any recent arms, bushes, springs, dampers, steering or wheel-bearing work?",Road-test for knocks/play; inspect tyre wear and suspension condition.,200,1200,DG general UK buying-check framework,,general inspection risk — NOT a model-specific known fault,General
Hyundai,i10,2005,2026,,,,"Electrical, battery, charging and infotainment faults",Medium,40000,,General used-car buying-check trigger; not evidence this model has a specific known defect.,"Any battery drain, charging, warning-light, screen, camera or electrical faults?",Scan modules; test every electrical function and battery/charging health.,120,1500,DG general UK buying-check framework,,general inspection risk — NOT a model-specific known fault,General
Hyundai,i10,2005,2026,Diesel,,,Diesel emissions system: DPF/EGR/NOx/AdBlue condition,Medium,50000,,General used-car buying-check trigger; not evidence this model has a specific known defect.,"Any DPF, EGR, NOx, AdBlue, forced-regeneration or emissions repairs?","Scan for emissions faults; check smoke, warning history and regeneration behaviour.",300,1800,DG general UK buying-check framework,,general inspection risk — NOT a model-specific known fault,General
Hyundai,i10,2005,2026,Diesel,,,"Turbo, boost, injector and intake condition",Medium,60000,,General used-car buying-check trigger; not evidence this model has a specific known defect.,"Any turbo, injector, intercooler, boost-hose or intake repairs?","Check cold start, smoke, boost delivery, whistle and stored boost/fuelling faults.",300,2200,DG general UK buying-check framework,,general inspection risk — NOT a model-specific known fault,General
Hyundai,i10,2005,2026,Petrol,,,"Ignition, oil-consumption and timing-system history",Medium,50000,,General used-car buying-check trigger; not evidence this model has a specific known defect.,"Any timing-chain/belt, coil, plug, oil-consumption or low-oil-pressure work?","Cold-start listen; check oil level/history, misfires and service invoices.",150,1800,DG general UK buying-check framework,,general inspection risk — NOT a model-specific known fault,General
Hyundai,i10,2005,2026,Hybrid,,,"Hybrid battery, cooling and high-voltage warning history",Medium,70000,,General used-car buying-check trigger; not evidence this model has a specific known defect.,"Any hybrid battery, inverter or high-voltage repairs/health checks?","Check hybrid warnings, battery cooling intake and available health-check history.",300,3000,DG general UK buying-check framework,,general inspection risk — NOT a model-specific known fault,General
Hyundai,i10,2005,2026,,automatic|auto|dsg|cvt|powershift|s-tronic,,Automatic transmission shift quality and service history,Medium,50000,,General used-car buying-check trigger; not evidence this model has a specific known defect.,"Any gearbox oil/service, clutch, mechatronic, valve-body or transmission repairs?","Road-test cold/hot for judder, flare, delayed engagement and harsh shifts.",350,3000,DG general UK buying-check framework,,general inspection risk — NOT a model-specific known fault,General
Hyundai,i10,2005,2026,,manual,,Clutch and dual-mass flywheel condition where fitted,Medium,50000,,General used-car buying-check trigger; not evidence this model has a specific known defect.,Any clutch or dual-mass flywheel replacement?,"Check bite, slip under load, vibration/rattle and gear selection.",600,1800,DG general UK buying-check framework,,general inspection risk — NOT a model-specific known fault,General
Hyundai,i20,2005,2026,,,,"Cooling system, coolant-loss and overheating history",Medium,50000,,General used-car buying-check trigger; not evidence this model has a specific known defect.,"Any coolant loss, overheating, water-pump, thermostat or radiator work?",Pressure-check cooling system; inspect coolant level/condition and temperature stability.,200,1200,DG general UK buying-check framework,,general inspection risk — NOT a model-specific known fault,General
Hyundai,i20,2005,2026,,,,"Suspension, steering and wheel-bearing wear",Medium,50000,,General used-car buying-check trigger; not evidence this model has a specific known defect.,"Any recent arms, bushes, springs, dampers, steering or wheel-bearing work?",Road-test for knocks/play; inspect tyre wear and suspension condition.,200,1200,DG general UK buying-check framework,,general inspection risk — NOT a model-specific known fault,General
Hyundai,i20,2005,2026,,,,"Electrical, battery, charging and infotainment faults",Medium,40000,,General used-car buying-check trigger; not evidence this model has a specific known defect.,"Any battery drain, charging, warning-light, screen, camera or electrical faults?",Scan modules; test every electrical function and battery/charging health.,120,1500,DG general UK buying-check framework,,general inspection risk — NOT a model-specific known fault,General
Hyundai,i20,2005,2026,Diesel,,,Diesel emissions system: DPF/EGR/NOx/AdBlue condition,Medium,50000,,General used-car buying-check trigger; not evidence this model has a specific known defect.,"Any DPF, EGR, NOx, AdBlue, forced-regeneration or emissions repairs?","Scan for emissions faults; check smoke, warning history and regeneration behaviour.",300,1800,DG general UK buying-check framework,,general inspection risk — NOT a model-specific known fault,General
Hyundai,i20,2005,2026,Diesel,,,"Turbo, boost, injector and intake condition",Medium,60000,,General used-car buying-check trigger; not evidence this model has a specific known defect.,"Any turbo, injector, intercooler, boost-hose or intake repairs?","Check cold start, smoke, boost delivery, whistle and stored boost/fuelling faults.",300,2200,DG general UK buying-check framework,,general inspection risk — NOT a model-specific known fault,General
Hyundai,i20,2005,2026,Petrol,,,"Ignition, oil-consumption and timing-system history",Medium,50000,,General used-car buying-check trigger; not evidence this model has a specific known defect.,"Any timing-chain/belt, coil, plug, oil-consumption or low-oil-pressure work?","Cold-start listen; check oil level/history, misfires and service invoices.",150,1800,DG general UK buying-check framework,,general inspection risk — NOT a model-specific known fault,General
Hyundai,i20,2005,2026,Hybrid,,,"Hybrid battery, cooling and high-voltage warning history",Medium,70000,,General used-car buying-check trigger; not evidence this model has a specific known defect.,"Any hybrid battery, inverter or high-voltage repairs/health checks?","Check hybrid warnings, battery cooling intake and available health-check history.",300,3000,DG general UK buying-check framework,,general inspection risk — NOT a model-specific known fault,General
Hyundai,i20,2005,2026,,automatic|auto|dsg|cvt|powershift|s-tronic,,Automatic transmission shift quality and service history,Medium,50000,,General used-car buying-check trigger; not evidence this model has a specific known defect.,"Any gearbox oil/service, clutch, mechatronic, valve-body or transmission repairs?","Road-test cold/hot for judder, flare, delayed engagement and harsh shifts.",350,3000,DG general UK buying-check framework,,general inspection risk — NOT a model-specific known fault,General
Hyundai,i20,2005,2026,,manual,,Clutch and dual-mass flywheel condition where fitted,Medium,50000,,General used-car buying-check trigger; not evidence this model has a specific known defect.,Any clutch or dual-mass flywheel replacement?,"Check bite, slip under load, vibration/rattle and gear selection.",600,1800,DG general UK buying-check framework,,general inspection risk — NOT a model-specific known fault,General
Hyundai,i30,2005,2026,,,,"Cooling system, coolant-loss and overheating history",Medium,50000,,General used-car buying-check trigger; not evidence this model has a specific known defect.,"Any coolant loss, overheating, water-pump, thermostat or radiator work?",Pressure-check cooling system; inspect coolant level/condition and temperature stability.,200,1200,DG general UK buying-check framework,,general inspection risk — NOT a model-specific known fault,General
Hyundai,i30,2005,2026,,,,"Suspension, steering and wheel-bearing wear",Medium,50000,,General used-car buying-check trigger; not evidence this model has a specific known defect.,"Any recent arms, bushes, springs, dampers, steering or wheel-bearing work?",Road-test for knocks/play; inspect tyre wear and suspension condition.,200,1200,DG general UK buying-check framework,,general inspection risk — NOT a model-specific known fault,General
Hyundai,i30,2005,2026,,,,"Electrical, battery, charging and infotainment faults",Medium,40000,,General used-car buying-check trigger; not evidence this model has a specific known defect.,"Any battery drain, charging, warning-light, screen, camera or electrical faults?",Scan modules; test every electrical function and battery/charging health.,120,1500,DG general UK buying-check framework,,general inspection risk — NOT a model-specific known fault,General
Hyundai,i30,2005,2026,Diesel,,,Diesel emissions system: DPF/EGR/NOx/AdBlue condition,Medium,50000,,General used-car buying-check trigger; not evidence this model has a specific known defect.,"Any DPF, EGR, NOx, AdBlue, forced-regeneration or emissions repairs?","Scan for emissions faults; check smoke, warning history and regeneration behaviour.",300,1800,DG general UK buying-check framework,,general inspection risk — NOT a model-specific known fault,General
Hyundai,i30,2005,2026,Diesel,,,"Turbo, boost, injector and intake condition",Medium,60000,,General used-car buying-check trigger; not evidence this model has a specific known defect.,"Any turbo, injector, intercooler, boost-hose or intake repairs?","Check cold start, smoke, boost delivery, whistle and stored boost/fuelling faults.",300,2200,DG general UK buying-check framework,,general inspection risk — NOT a model-specific known fault,General
Hyundai,i30,2005,2026,Petrol,,,"Ignition, oil-consumption and timing-system history",Medium,50000,,General used-car buying-check trigger; not evidence this model has a specific known defect.,"Any timing-chain/belt, coil, plug, oil-consumption or low-oil-pressure work?","Cold-start listen; check oil level/history, misfires and service invoices.",150,1800,DG general UK buying-check framework,,general inspection risk — NOT a model-specific known fault,General
Hyundai,i30,2005,2026,Hybrid,,,"Hybrid battery, cooling and high-voltage warning history",Medium,70000,,General used-car buying-check trigger; not evidence this model has a specific known defect.,"Any hybrid battery, inverter or high-voltage repairs/health checks?","Check hybrid warnings, battery cooling intake and available health-check history.",300,3000,DG general UK buying-check framework,,general inspection risk — NOT a model-specific known fault,General
Hyundai,i30,2005,2026,,automatic|auto|dsg|cvt|powershift|s-tronic,,Automatic transmission shift quality and service history,Medium,50000,,General used-car buying-check trigger; not evidence this model has a specific known defect.,"Any gearbox oil/service, clutch, mechatronic, valve-body or transmission repairs?","Road-test cold/hot for judder, flare, delayed engagement and harsh shifts.",350,3000,DG general UK buying-check framework,,general inspection risk — NOT a model-specific known fault,General
Hyundai,i30,2005,2026,,manual,,Clutch and dual-mass flywheel condition where fitted,Medium,50000,,General used-car buying-check trigger; not evidence this model has a specific known defect.,Any clutch or dual-mass flywheel replacement?,"Check bite, slip under load, vibration/rattle and gear selection.",600,1800,DG general UK buying-check framework,,general inspection risk — NOT a model-specific known fault,General
Hyundai,Tucson,2005,2026,,,,"Cooling system, coolant-loss and overheating history",Medium,50000,,General used-car buying-check trigger; not evidence this model has a specific known defect.,"Any coolant loss, overheating, water-pump, thermostat or radiator work?",Pressure-check cooling system; inspect coolant level/condition and temperature stability.,200,1200,DG general UK buying-check framework,,general inspection risk — NOT a model-specific known fault,General
Hyundai,Tucson,2005,2026,,,,"Suspension, steering and wheel-bearing wear",Medium,50000,,General used-car buying-check trigger; not evidence this model has a specific known defect.,"Any recent arms, bushes, springs, dampers, steering or wheel-bearing work?",Road-test for knocks/play; inspect tyre wear and suspension condition.,200,1200,DG general UK buying-check framework,,general inspection risk — NOT a model-specific known fault,General
Hyundai,Tucson,2005,2026,,,,"Electrical, battery, charging and infotainment faults",Medium,40000,,General used-car buying-check trigger; not evidence this model has a specific known defect.,"Any battery drain, charging, warning-light, screen, camera or electrical faults?",Scan modules; test every electrical function and battery/charging health.,120,1500,DG general UK buying-check framework,,general inspection risk — NOT a model-specific known fault,General
Hyundai,Tucson,2005,2026,Diesel,,,Diesel emissions system: DPF/EGR/NOx/AdBlue condition,Medium,50000,,General used-car buying-check trigger; not evidence this model has a specific known defect.,"Any DPF, EGR, NOx, AdBlue, forced-regeneration or emissions repairs?","Scan for emissions faults; check smoke, warning history and regeneration behaviour.",300,1800,DG general UK buying-check framework,,general inspection risk — NOT a model-specific known fault,General
Hyundai,Tucson,2005,2026,Diesel,,,"Turbo, boost, injector and intake condition",Medium,60000,,General used-car buying-check trigger; not evidence this model has a specific known defect.,"Any turbo, injector, intercooler, boost-hose or intake repairs?","Check cold start, smoke, boost delivery, whistle and stored boost/fuelling faults.",300,2200,DG general UK buying-check framework,,general inspection risk — NOT a model-specific known fault,General
Hyundai,Tucson,2005,2026,Petrol,,,"Ignition, oil-consumption and timing-system history",Medium,50000,,General used-car buying-check trigger; not evidence this model has a specific known defect.,"Any timing-chain/belt, coil, plug, oil-consumption or low-oil-pressure work?","Cold-start listen; check oil level/history, misfires and service invoices.",150,1800,DG general UK buying-check framework,,general inspection risk — NOT a model-specific known fault,General
Hyundai,Tucson,2005,2026,Hybrid,,,"Hybrid battery, cooling and high-voltage warning history",Medium,70000,,General used-car buying-check trigger; not evidence this model has a specific known defect.,"Any hybrid battery, inverter or high-voltage repairs/health checks?","Check hybrid warnings, battery cooling intake and available health-check history.",300,3000,DG general UK buying-check framework,,general inspection risk — NOT a model-specific known fault,General
Hyundai,Tucson,2005,2026,,automatic|auto|dsg|cvt|powershift|s-tronic,,Automatic transmission shift quality and service history,Medium,50000,,General used-car buying-check trigger; not evidence this model has a specific known defect.,"Any gearbox oil/service, clutch, mechatronic, valve-body or transmission repairs?","Road-test cold/hot for judder, flare, delayed engagement and harsh shifts.",350,3000,DG general UK buying-check framework,,general inspection risk — NOT a model-specific known fault,General
Hyundai,Tucson,2005,2026,,manual,,Clutch and dual-mass flywheel condition where fitted,Medium,50000,,General used-car buying-check trigger; not evidence this model has a specific known defect.,Any clutch or dual-mass flywheel replacement?,"Check bite, slip under load, vibration/rattle and gear selection.",600,1800,DG general UK buying-check framework,,general inspection risk — NOT a model-specific known fault,General
Hyundai,Santa Fe,2005,2026,,,,"Cooling system, coolant-loss and overheating history",Medium,50000,,General used-car buying-check trigger; not evidence this model has a specific known defect.,"Any coolant loss, overheating, water-pump, thermostat or radiator work?",Pressure-check cooling system; inspect coolant level/condition and temperature stability.,200,1200,DG general UK buying-check framework,,general inspection risk — NOT a model-specific known fault,General
Hyundai,Santa Fe,2005,2026,,,,"Suspension, steering and wheel-bearing wear",Medium,50000,,General used-car buying-check trigger; not evidence this model has a specific known defect.,"Any recent arms, bushes, springs, dampers, steering or wheel-bearing work?",Road-test for knocks/play; inspect tyre wear and suspension condition.,200,1200,DG general UK buying-check framework,,general inspection risk — NOT a model-specific known fault,General
Hyundai,Santa Fe,2005,2026,,,,"Electrical, battery, charging and infotainment faults",Medium,40000,,General used-car buying-check trigger; not evidence this model has a specific known defect.,"Any battery drain, charging, warning-light, screen, camera or electrical faults?",Scan modules; test every electrical function and battery/charging health.,120,1500,DG general UK buying-check framework,,general inspection risk — NOT a model-specific known fault,General
Hyundai,Santa Fe,2005,2026,Diesel,,,Diesel emissions system: DPF/EGR/NOx/AdBlue condition,Medium,50000,,General used-car buying-check trigger; not evidence this model has a specific known defect.,"Any DPF, EGR, NOx, AdBlue, forced-regeneration or emissions repairs?","Scan for emissions faults; check smoke, warning history and regeneration behaviour.",300,1800,DG general UK buying-check framework,,general inspection risk — NOT a model-specific known fault,General
Hyundai,Santa Fe,2005,2026,Diesel,,,"Turbo, boost, injector and intake condition",Medium,60000,,General used-car buying-check trigger; not evidence this model has a specific known defect.,"Any turbo, injector, intercooler, boost-hose or intake repairs?","Check cold start, smoke, boost delivery, whistle and stored boost/fuelling faults.",300,2200,DG general UK buying-check framework,,general inspection risk — NOT a model-specific known fault,General
Hyundai,Santa Fe,2005,2026,Petrol,,,"Ignition, oil-consumption and timing-system history",Medium,50000,,General used-car buying-check trigger; not evidence this model has a specific known defect.,"Any timing-chain/belt, coil, plug, oil-consumption or low-oil-pressure work?","Cold-start listen; check oil level/history, misfires and service invoices.",150,1800,DG general UK buying-check framework,,general inspection risk — NOT a model-specific known fault,General
Hyundai,Santa Fe,2005,2026,Hybrid,,,"Hybrid battery, cooling and high-voltage warning history",Medium,70000,,General used-car buying-check trigger; not evidence this model has a specific known defect.,"Any hybrid battery, inverter or high-voltage repairs/health checks?","Check hybrid warnings, battery cooling intake and available health-check history.",300,3000,DG general UK buying-check framework,,general inspection risk — NOT a model-specific known fault,General
Hyundai,Santa Fe,2005,2026,,automatic|auto|dsg|cvt|powershift|s-tronic,,Automatic transmission shift quality and service history,Medium,50000,,General used-car buying-check trigger; not evidence this model has a specific known defect.,"Any gearbox oil/service, clutch, mechatronic, valve-body or transmission repairs?","Road-test cold/hot for judder, flare, delayed engagement and harsh shifts.",350,3000,DG general UK buying-check framework,,general inspection risk — NOT a model-specific known fault,General
Hyundai,Santa Fe,2005,2026,,manual,,Clutch and dual-mass flywheel condition where fitted,Medium,50000,,General used-car buying-check trigger; not evidence this model has a specific known defect.,Any clutch or dual-mass flywheel replacement?,"Check bite, slip under load, vibration/rattle and gear selection.",600,1800,DG general UK buying-check framework,,general inspection risk — NOT a model-specific known fault,General
Hyundai,Kona,2005,2026,,,,"Cooling system, coolant-loss and overheating history",Medium,50000,,General used-car buying-check trigger; not evidence this model has a specific known defect.,"Any coolant loss, overheating, water-pump, thermostat or radiator work?",Pressure-check cooling system; inspect coolant level/condition and temperature stability.,200,1200,DG general UK buying-check framework,,general inspection risk — NOT a model-specific known fault,General
Hyundai,Kona,2005,2026,,,,"Suspension, steering and wheel-bearing wear",Medium,50000,,General used-car buying-check trigger; not evidence this model has a specific known defect.,"Any recent arms, bushes, springs, dampers, steering or wheel-bearing work?",Road-test for knocks/play; inspect tyre wear and suspension condition.,200,1200,DG general UK buying-check framework,,general inspection risk — NOT a model-specific known fault,General
Hyundai,Kona,2005,2026,,,,"Electrical, battery, charging and infotainment faults",Medium,40000,,General used-car buying-check trigger; not evidence this model has a specific known defect.,"Any battery drain, charging, warning-light, screen, camera or electrical faults?",Scan modules; test every electrical function and battery/charging health.,120,1500,DG general UK buying-check framework,,general inspection risk — NOT a model-specific known fault,General
Hyundai,Kona,2005,2026,Diesel,,,Diesel emissions system: DPF/EGR/NOx/AdBlue condition,Medium,50000,,General used-car buying-check trigger; not evidence this model has a specific known defect.,"Any DPF, EGR, NOx, AdBlue, forced-regeneration or emissions repairs?","Scan for emissions faults; check smoke, warning history and regeneration behaviour.",300,1800,DG general UK buying-check framework,,general inspection risk — NOT a model-specific known fault,General
Hyundai,Kona,2005,2026,Diesel,,,"Turbo, boost, injector and intake condition",Medium,60000,,General used-car buying-check trigger; not evidence this model has a specific known defect.,"Any turbo, injector, intercooler, boost-hose or intake repairs?","Check cold start, smoke, boost delivery, whistle and stored boost/fuelling faults.",300,2200,DG general UK buying-check framework,,general inspection risk — NOT a model-specific known fault,General
Hyundai,Kona,2005,2026,Petrol,,,"Ignition, oil-consumption and timing-system history",Medium,50000,,General used-car buying-check trigger; not evidence this model has a specific known defect.,"Any timing-chain/belt, coil, plug, oil-consumption or low-oil-pressure work?","Cold-start listen; check oil level/history, misfires and service invoices.",150,1800,DG general UK buying-check framework,,general inspection risk — NOT a model-specific known fault,General
Hyundai,Kona,2005,2026,Hybrid,,,"Hybrid battery, cooling and high-voltage warning history",Medium,70000,,General used-car buying-check trigger; not evidence this model has a specific known defect.,"Any hybrid battery, inverter or high-voltage repairs/health checks?","Check hybrid warnings, battery cooling intake and available health-check history.",300,3000,DG general UK buying-check framework,,general inspection risk — NOT a model-specific known fault,General
Hyundai,Kona,2005,2026,,automatic|auto|dsg|cvt|powershift|s-tronic,,Automatic transmission shift quality and service history,Medium,50000,,General used-car buying-check trigger; not evidence this model has a specific known defect.,"Any gearbox oil/service, clutch, mechatronic, valve-body or transmission repairs?","Road-test cold/hot for judder, flare, delayed engagement and harsh shifts.",350,3000,DG general UK buying-check framework,,general inspection risk — NOT a model-specific known fault,General
Hyundai,Kona,2005,2026,,manual,,Clutch and dual-mass flywheel condition where fitted,Medium,50000,,General used-car buying-check trigger; not evidence this model has a specific known defect.,Any clutch or dual-mass flywheel replacement?,"Check bite, slip under load, vibration/rattle and gear selection.",600,1800,DG general UK buying-check framework,,general inspection risk — NOT a model-specific known fault,General
Mazda,Mazda2,2005,2026,,,,"Cooling system, coolant-loss and overheating history",Medium,50000,,General used-car buying-check trigger; not evidence this model has a specific known defect.,"Any coolant loss, overheating, water-pump, thermostat or radiator work?",Pressure-check cooling system; inspect coolant level/condition and temperature stability.,200,1200,DG general UK buying-check framework,,general inspection risk — NOT a model-specific known fault,General
Mazda,Mazda2,2005,2026,,,,"Suspension, steering and wheel-bearing wear",Medium,50000,,General used-car buying-check trigger; not evidence this model has a specific known defect.,"Any recent arms, bushes, springs, dampers, steering or wheel-bearing work?",Road-test for knocks/play; inspect tyre wear and suspension condition.,200,1200,DG general UK buying-check framework,,general inspection risk — NOT a model-specific known fault,General
Mazda,Mazda2,2005,2026,,,,"Electrical, battery, charging and infotainment faults",Medium,40000,,General used-car buying-check trigger; not evidence this model has a specific known defect.,"Any battery drain, charging, warning-light, screen, camera or electrical faults?",Scan modules; test every electrical function and battery/charging health.,120,1500,DG general UK buying-check framework,,general inspection risk — NOT a model-specific known fault,General
Mazda,Mazda2,2005,2026,Diesel,,,Diesel emissions system: DPF/EGR/NOx/AdBlue condition,Medium,50000,,General used-car buying-check trigger; not evidence this model has a specific known defect.,"Any DPF, EGR, NOx, AdBlue, forced-regeneration or emissions repairs?","Scan for emissions faults; check smoke, warning history and regeneration behaviour.",300,1800,DG general UK buying-check framework,,general inspection risk — NOT a model-specific known fault,General
Mazda,Mazda2,2005,2026,Diesel,,,"Turbo, boost, injector and intake condition",Medium,60000,,General used-car buying-check trigger; not evidence this model has a specific known defect.,"Any turbo, injector, intercooler, boost-hose or intake repairs?","Check cold start, smoke, boost delivery, whistle and stored boost/fuelling faults.",300,2200,DG general UK buying-check framework,,general inspection risk — NOT a model-specific known fault,General
Mazda,Mazda2,2005,2026,Petrol,,,"Ignition, oil-consumption and timing-system history",Medium,50000,,General used-car buying-check trigger; not evidence this model has a specific known defect.,"Any timing-chain/belt, coil, plug, oil-consumption or low-oil-pressure work?","Cold-start listen; check oil level/history, misfires and service invoices.",150,1800,DG general UK buying-check framework,,general inspection risk — NOT a model-specific known fault,General
Mazda,Mazda2,2005,2026,Hybrid,,,"Hybrid battery, cooling and high-voltage warning history",Medium,70000,,General used-car buying-check trigger; not evidence this model has a specific known defect.,"Any hybrid battery, inverter or high-voltage repairs/health checks?","Check hybrid warnings, battery cooling intake and available health-check history.",300,3000,DG general UK buying-check framework,,general inspection risk — NOT a model-specific known fault,General
Mazda,Mazda2,2005,2026,,automatic|auto|dsg|cvt|powershift|s-tronic,,Automatic transmission shift quality and service history,Medium,50000,,General used-car buying-check trigger; not evidence this model has a specific known defect.,"Any gearbox oil/service, clutch, mechatronic, valve-body or transmission repairs?","Road-test cold/hot for judder, flare, delayed engagement and harsh shifts.",350,3000,DG general UK buying-check framework,,general inspection risk — NOT a model-specific known fault,General
Mazda,Mazda2,2005,2026,,manual,,Clutch and dual-mass flywheel condition where fitted,Medium,50000,,General used-car buying-check trigger; not evidence this model has a specific known defect.,Any clutch or dual-mass flywheel replacement?,"Check bite, slip under load, vibration/rattle and gear selection.",600,1800,DG general UK buying-check framework,,general inspection risk — NOT a model-specific known fault,General
Mazda,Mazda3,2005,2026,,,,"Cooling system, coolant-loss and overheating history",Medium,50000,,General used-car buying-check trigger; not evidence this model has a specific known defect.,"Any coolant loss, overheating, water-pump, thermostat or radiator work?",Pressure-check cooling system; inspect coolant level/condition and temperature stability.,200,1200,DG general UK buying-check framework,,general inspection risk — NOT a model-specific known fault,General
Mazda,Mazda3,2005,2026,,,,"Suspension, steering and wheel-bearing wear",Medium,50000,,General used-car buying-check trigger; not evidence this model has a specific known defect.,"Any recent arms, bushes, springs, dampers, steering or wheel-bearing work?",Road-test for knocks/play; inspect tyre wear and suspension condition.,200,1200,DG general UK buying-check framework,,general inspection risk — NOT a model-specific known fault,General
Mazda,Mazda3,2005,2026,,,,"Electrical, battery, charging and infotainment faults",Medium,40000,,General used-car buying-check trigger; not evidence this model has a specific known defect.,"Any battery drain, charging, warning-light, screen, camera or electrical faults?",Scan modules; test every electrical function and battery/charging health.,120,1500,DG general UK buying-check framework,,general inspection risk — NOT a model-specific known fault,General
Mazda,Mazda3,2005,2026,Diesel,,,Diesel emissions system: DPF/EGR/NOx/AdBlue condition,Medium,50000,,General used-car buying-check trigger; not evidence this model has a specific known defect.,"Any DPF, EGR, NOx, AdBlue, forced-regeneration or emissions repairs?","Scan for emissions faults; check smoke, warning history and regeneration behaviour.",300,1800,DG general UK buying-check framework,,general inspection risk — NOT a model-specific known fault,General
Mazda,Mazda3,2005,2026,Diesel,,,"Turbo, boost, injector and intake condition",Medium,60000,,General used-car buying-check trigger; not evidence this model has a specific known defect.,"Any turbo, injector, intercooler, boost-hose or intake repairs?","Check cold start, smoke, boost delivery, whistle and stored boost/fuelling faults.",300,2200,DG general UK buying-check framework,,general inspection risk — NOT a model-specific known fault,General
Mazda,Mazda3,2005,2026,Petrol,,,"Ignition, oil-consumption and timing-system history",Medium,50000,,General used-car buying-check trigger; not evidence this model has a specific known defect.,"Any timing-chain/belt, coil, plug, oil-consumption or low-oil-pressure work?","Cold-start listen; check oil level/history, misfires and service invoices.",150,1800,DG general UK buying-check framework,,general inspection risk — NOT a model-specific known fault,General
Mazda,Mazda3,2005,2026,Hybrid,,,"Hybrid battery, cooling and high-voltage warning history",Medium,70000,,General used-car buying-check trigger; not evidence this model has a specific known defect.,"Any hybrid battery, inverter or high-voltage repairs/health checks?","Check hybrid warnings, battery cooling intake and available health-check history.",300,3000,DG general UK buying-check framework,,general inspection risk — NOT a model-specific known fault,General
Mazda,Mazda3,2005,2026,,automatic|auto|dsg|cvt|powershift|s-tronic,,Automatic transmission shift quality and service history,Medium,50000,,General used-car buying-check trigger; not evidence this model has a specific known defect.,"Any gearbox oil/service, clutch, mechatronic, valve-body or transmission repairs?","Road-test cold/hot for judder, flare, delayed engagement and harsh shifts.",350,3000,DG general UK buying-check framework,,general inspection risk — NOT a model-specific known fault,General
Mazda,Mazda3,2005,2026,,manual,,Clutch and dual-mass flywheel condition where fitted,Medium,50000,,General used-car buying-check trigger; not evidence this model has a specific known defect.,Any clutch or dual-mass flywheel replacement?,"Check bite, slip under load, vibration/rattle and gear selection.",600,1800,DG general UK buying-check framework,,general inspection risk — NOT a model-specific known fault,General
Mazda,Mazda6,2005,2026,,,,"Cooling system, coolant-loss and overheating history",Medium,50000,,General used-car buying-check trigger; not evidence this model has a specific known defect.,"Any coolant loss, overheating, water-pump, thermostat or radiator work?",Pressure-check cooling system; inspect coolant level/condition and temperature stability.,200,1200,DG general UK buying-check framework,,general inspection risk — NOT a model-specific known fault,General
Mazda,Mazda6,2005,2026,,,,"Suspension, steering and wheel-bearing wear",Medium,50000,,General used-car buying-check trigger; not evidence this model has a specific known defect.,"Any recent arms, bushes, springs, dampers, steering or wheel-bearing work?",Road-test for knocks/play; inspect tyre wear and suspension condition.,200,1200,DG general UK buying-check framework,,general inspection risk — NOT a model-specific known fault,General
Mazda,Mazda6,2005,2026,,,,"Electrical, battery, charging and infotainment faults",Medium,40000,,General used-car buying-check trigger; not evidence this model has a specific known defect.,"Any battery drain, charging, warning-light, screen, camera or electrical faults?",Scan modules; test every electrical function and battery/charging health.,120,1500,DG general UK buying-check framework,,general inspection risk — NOT a model-specific known fault,General
Mazda,Mazda6,2005,2026,Diesel,,,Diesel emissions system: DPF/EGR/NOx/AdBlue condition,Medium,50000,,General used-car buying-check trigger; not evidence this model has a specific known defect.,"Any DPF, EGR, NOx, AdBlue, forced-regeneration or emissions repairs?","Scan for emissions faults; check smoke, warning history and regeneration behaviour.",300,1800,DG general UK buying-check framework,,general inspection risk — NOT a model-specific known fault,General
Mazda,Mazda6,2005,2026,Diesel,,,"Turbo, boost, injector and intake condition",Medium,60000,,General used-car buying-check trigger; not evidence this model has a specific known defect.,"Any turbo, injector, intercooler, boost-hose or intake repairs?","Check cold start, smoke, boost delivery, whistle and stored boost/fuelling faults.",300,2200,DG general UK buying-check framework,,general inspection risk — NOT a model-specific known fault,General
Mazda,Mazda6,2005,2026,Petrol,,,"Ignition, oil-consumption and timing-system history",Medium,50000,,General used-car buying-check trigger; not evidence this model has a specific known defect.,"Any timing-chain/belt, coil, plug, oil-consumption or low-oil-pressure work?","Cold-start listen; check oil level/history, misfires and service invoices.",150,1800,DG general UK buying-check framework,,general inspection risk — NOT a model-specific known fault,General
Mazda,Mazda6,2005,2026,Hybrid,,,"Hybrid battery, cooling and high-voltage warning history",Medium,70000,,General used-car buying-check trigger; not evidence this model has a specific known defect.,"Any hybrid battery, inverter or high-voltage repairs/health checks?","Check hybrid warnings, battery cooling intake and available health-check history.",300,3000,DG general UK buying-check framework,,general inspection risk — NOT a model-specific known fault,General
Mazda,Mazda6,2005,2026,,automatic|auto|dsg|cvt|powershift|s-tronic,,Automatic transmission shift quality and service history,Medium,50000,,General used-car buying-check trigger; not evidence this model has a specific known defect.,"Any gearbox oil/service, clutch, mechatronic, valve-body or transmission repairs?","Road-test cold/hot for judder, flare, delayed engagement and harsh shifts.",350,3000,DG general UK buying-check framework,,general inspection risk — NOT a model-specific known fault,General
Mazda,Mazda6,2005,2026,,manual,,Clutch and dual-mass flywheel condition where fitted,Medium,50000,,General used-car buying-check trigger; not evidence this model has a specific known defect.,Any clutch or dual-mass flywheel replacement?,"Check bite, slip under load, vibration/rattle and gear selection.",600,1800,DG general UK buying-check framework,,general inspection risk — NOT a model-specific known fault,General
Mazda,CX-3,2005,2026,,,,"Cooling system, coolant-loss and overheating history",Medium,50000,,General used-car buying-check trigger; not evidence this model has a specific known defect.,"Any coolant loss, overheating, water-pump, thermostat or radiator work?",Pressure-check cooling system; inspect coolant level/condition and temperature stability.,200,1200,DG general UK buying-check framework,,general inspection risk — NOT a model-specific known fault,General
Mazda,CX-3,2005,2026,,,,"Suspension, steering and wheel-bearing wear",Medium,50000,,General used-car buying-check trigger; not evidence this model has a specific known defect.,"Any recent arms, bushes, springs, dampers, steering or wheel-bearing work?",Road-test for knocks/play; inspect tyre wear and suspension condition.,200,1200,DG general UK buying-check framework,,general inspection risk — NOT a model-specific known fault,General
Mazda,CX-3,2005,2026,,,,"Electrical, battery, charging and infotainment faults",Medium,40000,,General used-car buying-check trigger; not evidence this model has a specific known defect.,"Any battery drain, charging, warning-light, screen, camera or electrical faults?",Scan modules; test every electrical function and battery/charging health.,120,1500,DG general UK buying-check framework,,general inspection risk — NOT a model-specific known fault,General
Mazda,CX-3,2005,2026,Diesel,,,Diesel emissions system: DPF/EGR/NOx/AdBlue condition,Medium,50000,,General used-car buying-check trigger; not evidence this model has a specific known defect.,"Any DPF, EGR, NOx, AdBlue, forced-regeneration or emissions repairs?","Scan for emissions faults; check smoke, warning history and regeneration behaviour.",300,1800,DG general UK buying-check framework,,general inspection risk — NOT a model-specific known fault,General
Mazda,CX-3,2005,2026,Diesel,,,"Turbo, boost, injector and intake condition",Medium,60000,,General used-car buying-check trigger; not evidence this model has a specific known defect.,"Any turbo, injector, intercooler, boost-hose or intake repairs?","Check cold start, smoke, boost delivery, whistle and stored boost/fuelling faults.",300,2200,DG general UK buying-check framework,,general inspection risk — NOT a model-specific known fault,General
Mazda,CX-3,2005,2026,Petrol,,,"Ignition, oil-consumption and timing-system history",Medium,50000,,General used-car buying-check trigger; not evidence this model has a specific known defect.,"Any timing-chain/belt, coil, plug, oil-consumption or low-oil-pressure work?","Cold-start listen; check oil level/history, misfires and service invoices.",150,1800,DG general UK buying-check framework,,general inspection risk — NOT a model-specific known fault,General
Mazda,CX-3,2005,2026,Hybrid,,,"Hybrid battery, cooling and high-voltage warning history",Medium,70000,,General used-car buying-check trigger; not evidence this model has a specific known defect.,"Any hybrid battery, inverter or high-voltage repairs/health checks?","Check hybrid warnings, battery cooling intake and available health-check history.",300,3000,DG general UK buying-check framework,,general inspection risk — NOT a model-specific known fault,General
Mazda,CX-3,2005,2026,,automatic|auto|dsg|cvt|powershift|s-tronic,,Automatic transmission shift quality and service history,Medium,50000,,General used-car buying-check trigger; not evidence this model has a specific known defect.,"Any gearbox oil/service, clutch, mechatronic, valve-body or transmission repairs?","Road-test cold/hot for judder, flare, delayed engagement and harsh shifts.",350,3000,DG general UK buying-check framework,,general inspection risk — NOT a model-specific known fault,General
Mazda,CX-3,2005,2026,,manual,,Clutch and dual-mass flywheel condition where fitted,Medium,50000,,General used-car buying-check trigger; not evidence this model has a specific known defect.,Any clutch or dual-mass flywheel replacement?,"Check bite, slip under load, vibration/rattle and gear selection.",600,1800,DG general UK buying-check framework,,general inspection risk — NOT a model-specific known fault,General
Mazda,CX-5,2005,2026,,,,"Cooling system, coolant-loss and overheating history",Medium,50000,,General used-car buying-check trigger; not evidence this model has a specific known defect.,"Any coolant loss, overheating, water-pump, thermostat or radiator work?",Pressure-check cooling system; inspect coolant level/condition and temperature stability.,200,1200,DG general UK buying-check framework,,general inspection risk — NOT a model-specific known fault,General
Mazda,CX-5,2005,2026,,,,"Suspension, steering and wheel-bearing wear",Medium,50000,,General used-car buying-check trigger; not evidence this model has a specific known defect.,"Any recent arms, bushes, springs, dampers, steering or wheel-bearing work?",Road-test for knocks/play; inspect tyre wear and suspension condition.,200,1200,DG general UK buying-check framework,,general inspection risk — NOT a model-specific known fault,General
Mazda,CX-5,2005,2026,,,,"Electrical, battery, charging and infotainment faults",Medium,40000,,General used-car buying-check trigger; not evidence this model has a specific known defect.,"Any battery drain, charging, warning-light, screen, camera or electrical faults?",Scan modules; test every electrical function and battery/charging health.,120,1500,DG general UK buying-check framework,,general inspection risk — NOT a model-specific known fault,General
Mazda,CX-5,2005,2026,Diesel,,,Diesel emissions system: DPF/EGR/NOx/AdBlue condition,Medium,50000,,General used-car buying-check trigger; not evidence this model has a specific known defect.,"Any DPF, EGR, NOx, AdBlue, forced-regeneration or emissions repairs?","Scan for emissions faults; check smoke, warning history and regeneration behaviour.",300,1800,DG general UK buying-check framework,,general inspection risk — NOT a model-specific known fault,General
Mazda,CX-5,2005,2026,Diesel,,,"Turbo, boost, injector and intake condition",Medium,60000,,General used-car buying-check trigger; not evidence this model has a specific known defect.,"Any turbo, injector, intercooler, boost-hose or intake repairs?","Check cold start, smoke, boost delivery, whistle and stored boost/fuelling faults.",300,2200,DG general UK buying-check framework,,general inspection risk — NOT a model-specific known fault,General
Mazda,CX-5,2005,2026,Petrol,,,"Ignition, oil-consumption and timing-system history",Medium,50000,,General used-car buying-check trigger; not evidence this model has a specific known defect.,"Any timing-chain/belt, coil, plug, oil-consumption or low-oil-pressure work?","Cold-start listen; check oil level/history, misfires and service invoices.",150,1800,DG general UK buying-check framework,,general inspection risk — NOT a model-specific known fault,General
Mazda,CX-5,2005,2026,Hybrid,,,"Hybrid battery, cooling and high-voltage warning history",Medium,70000,,General used-car buying-check trigger; not evidence this model has a specific known defect.,"Any hybrid battery, inverter or high-voltage repairs/health checks?","Check hybrid warnings, battery cooling intake and available health-check history.",300,3000,DG general UK buying-check framework,,general inspection risk — NOT a model-specific known fault,General
Mazda,CX-5,2005,2026,,automatic|auto|dsg|cvt|powershift|s-tronic,,Automatic transmission shift quality and service history,Medium,50000,,General used-car buying-check trigger; not evidence this model has a specific known defect.,"Any gearbox oil/service, clutch, mechatronic, valve-body or transmission repairs?","Road-test cold/hot for judder, flare, delayed engagement and harsh shifts.",350,3000,DG general UK buying-check framework,,general inspection risk — NOT a model-specific known fault,General
Mazda,CX-5,2005,2026,,manual,,Clutch and dual-mass flywheel condition where fitted,Medium,50000,,General used-car buying-check trigger; not evidence this model has a specific known defect.,Any clutch or dual-mass flywheel replacement?,"Check bite, slip under load, vibration/rattle and gear selection.",600,1800,DG general UK buying-check framework,,general inspection risk — NOT a model-specific known fault,General
Mazda,MX-5,2005,2026,,,,"Cooling system, coolant-loss and overheating history",Medium,50000,,General used-car buying-check trigger; not evidence this model has a specific known defect.,"Any coolant loss, overheating, water-pump, thermostat or radiator work?",Pressure-check cooling system; inspect coolant level/condition and temperature stability.,200,1200,DG general UK buying-check framework,,general inspection risk — NOT a model-specific known fault,General
Mazda,MX-5,2005,2026,,,,"Suspension, steering and wheel-bearing wear",Medium,50000,,General used-car buying-check trigger; not evidence this model has a specific known defect.,"Any recent arms, bushes, springs, dampers, steering or wheel-bearing work?",Road-test for knocks/play; inspect tyre wear and suspension condition.,200,1200,DG general UK buying-check framework,,general inspection risk — NOT a model-specific known fault,General
Mazda,MX-5,2005,2026,,,,"Electrical, battery, charging and infotainment faults",Medium,40000,,General used-car buying-check trigger; not evidence this model has a specific known defect.,"Any battery drain, charging, warning-light, screen, camera or electrical faults?",Scan modules; test every electrical function and battery/charging health.,120,1500,DG general UK buying-check framework,,general inspection risk — NOT a model-specific known fault,General
Mazda,MX-5,2005,2026,Diesel,,,Diesel emissions system: DPF/EGR/NOx/AdBlue condition,Medium,50000,,General used-car buying-check trigger; not evidence this model has a specific known defect.,"Any DPF, EGR, NOx, AdBlue, forced-regeneration or emissions repairs?","Scan for emissions faults; check smoke, warning history and regeneration behaviour.",300,1800,DG general UK buying-check framework,,general inspection risk — NOT a model-specific known fault,General
Mazda,MX-5,2005,2026,Diesel,,,"Turbo, boost, injector and intake condition",Medium,60000,,General used-car buying-check trigger; not evidence this model has a specific known defect.,"Any turbo, injector, intercooler, boost-hose or intake repairs?","Check cold start, smoke, boost delivery, whistle and stored boost/fuelling faults.",300,2200,DG general UK buying-check framework,,general inspection risk — NOT a model-specific known fault,General
Mazda,MX-5,2005,2026,Petrol,,,"Ignition, oil-consumption and timing-system history",Medium,50000,,General used-car buying-check trigger; not evidence this model has a specific known defect.,"Any timing-chain/belt, coil, plug, oil-consumption or low-oil-pressure work?","Cold-start listen; check oil level/history, misfires and service invoices.",150,1800,DG general UK buying-check framework,,general inspection risk — NOT a model-specific known fault,General
Mazda,MX-5,2005,2026,Hybrid,,,"Hybrid battery, cooling and high-voltage warning history",Medium,70000,,General used-car buying-check trigger; not evidence this model has a specific known defect.,"Any hybrid battery, inverter or high-voltage repairs/health checks?","Check hybrid warnings, battery cooling intake and available health-check history.",300,3000,DG general UK buying-check framework,,general inspection risk — NOT a model-specific known fault,General
Mazda,MX-5,2005,2026,,automatic|auto|dsg|cvt|powershift|s-tronic,,Automatic transmission shift quality and service history,Medium,50000,,General used-car buying-check trigger; not evidence this model has a specific known defect.,"Any gearbox oil/service, clutch, mechatronic, valve-body or transmission repairs?","Road-test cold/hot for judder, flare, delayed engagement and harsh shifts.",350,3000,DG general UK buying-check framework,,general inspection risk — NOT a model-specific known fault,General
Mazda,MX-5,2005,2026,,manual,,Clutch and dual-mass flywheel condition where fitted,Medium,50000,,General used-car buying-check trigger; not evidence this model has a specific known defect.,Any clutch or dual-mass flywheel replacement?,"Check bite, slip under load, vibration/rattle and gear selection.",600,1800,DG general UK buying-check framework,,general inspection risk — NOT a model-specific known fault,General
Volvo,V40,2005,2026,,,,"Cooling system, coolant-loss and overheating history",Medium,50000,,General used-car buying-check trigger; not evidence this model has a specific known defect.,"Any coolant loss, overheating, water-pump, thermostat or radiator work?",Pressure-check cooling system; inspect coolant level/condition and temperature stability.,200,1200,DG general UK buying-check framework,,general inspection risk — NOT a model-specific known fault,General
Volvo,V40,2005,2026,,,,"Suspension, steering and wheel-bearing wear",Medium,50000,,General used-car buying-check trigger; not evidence this model has a specific known defect.,"Any recent arms, bushes, springs, dampers, steering or wheel-bearing work?",Road-test for knocks/play; inspect tyre wear and suspension condition.,200,1200,DG general UK buying-check framework,,general inspection risk — NOT a model-specific known fault,General
Volvo,V40,2005,2026,,,,"Electrical, battery, charging and infotainment faults",Medium,40000,,General used-car buying-check trigger; not evidence this model has a specific known defect.,"Any battery drain, charging, warning-light, screen, camera or electrical faults?",Scan modules; test every electrical function and battery/charging health.,120,1500,DG general UK buying-check framework,,general inspection risk — NOT a model-specific known fault,General
Volvo,V40,2005,2026,Diesel,,,Diesel emissions system: DPF/EGR/NOx/AdBlue condition,Medium,50000,,General used-car buying-check trigger; not evidence this model has a specific known defect.,"Any DPF, EGR, NOx, AdBlue, forced-regeneration or emissions repairs?","Scan for emissions faults; check smoke, warning history and regeneration behaviour.",300,1800,DG general UK buying-check framework,,general inspection risk — NOT a model-specific known fault,General
Volvo,V40,2005,2026,Diesel,,,"Turbo, boost, injector and intake condition",Medium,60000,,General used-car buying-check trigger; not evidence this model has a specific known defect.,"Any turbo, injector, intercooler, boost-hose or intake repairs?","Check cold start, smoke, boost delivery, whistle and stored boost/fuelling faults.",300,2200,DG general UK buying-check framework,,general inspection risk — NOT a model-specific known fault,General
Volvo,V40,2005,2026,Petrol,,,"Ignition, oil-consumption and timing-system history",Medium,50000,,General used-car buying-check trigger; not evidence this model has a specific known defect.,"Any timing-chain/belt, coil, plug, oil-consumption or low-oil-pressure work?","Cold-start listen; check oil level/history, misfires and service invoices.",150,1800,DG general UK buying-check framework,,general inspection risk — NOT a model-specific known fault,General
Volvo,V40,2005,2026,Hybrid,,,"Hybrid battery, cooling and high-voltage warning history",Medium,70000,,General used-car buying-check trigger; not evidence this model has a specific known defect.,"Any hybrid battery, inverter or high-voltage repairs/health checks?","Check hybrid warnings, battery cooling intake and available health-check history.",300,3000,DG general UK buying-check framework,,general inspection risk — NOT a model-specific known fault,General
Volvo,V40,2005,2026,,automatic|auto|dsg|cvt|powershift|s-tronic,,Automatic transmission shift quality and service history,Medium,50000,,General used-car buying-check trigger; not evidence this model has a specific known defect.,"Any gearbox oil/service, clutch, mechatronic, valve-body or transmission repairs?","Road-test cold/hot for judder, flare, delayed engagement and harsh shifts.",350,3000,DG general UK buying-check framework,,general inspection risk — NOT a model-specific known fault,General
Volvo,V40,2005,2026,,manual,,Clutch and dual-mass flywheel condition where fitted,Medium,50000,,General used-car buying-check trigger; not evidence this model has a specific known defect.,Any clutch or dual-mass flywheel replacement?,"Check bite, slip under load, vibration/rattle and gear selection.",600,1800,DG general UK buying-check framework,,general inspection risk — NOT a model-specific known fault,General
Volvo,V60,2005,2026,,,,"Cooling system, coolant-loss and overheating history",Medium,50000,,General used-car buying-check trigger; not evidence this model has a specific known defect.,"Any coolant loss, overheating, water-pump, thermostat or radiator work?",Pressure-check cooling system; inspect coolant level/condition and temperature stability.,200,1200,DG general UK buying-check framework,,general inspection risk — NOT a model-specific known fault,General
Volvo,V60,2005,2026,,,,"Suspension, steering and wheel-bearing wear",Medium,50000,,General used-car buying-check trigger; not evidence this model has a specific known defect.,"Any recent arms, bushes, springs, dampers, steering or wheel-bearing work?",Road-test for knocks/play; inspect tyre wear and suspension condition.,200,1200,DG general UK buying-check framework,,general inspection risk — NOT a model-specific known fault,General
Volvo,V60,2005,2026,,,,"Electrical, battery, charging and infotainment faults",Medium,40000,,General used-car buying-check trigger; not evidence this model has a specific known defect.,"Any battery drain, charging, warning-light, screen, camera or electrical faults?",Scan modules; test every electrical function and battery/charging health.,120,1500,DG general UK buying-check framework,,general inspection risk — NOT a model-specific known fault,General
Volvo,V60,2005,2026,Diesel,,,Diesel emissions system: DPF/EGR/NOx/AdBlue condition,Medium,50000,,General used-car buying-check trigger; not evidence this model has a specific known defect.,"Any DPF, EGR, NOx, AdBlue, forced-regeneration or emissions repairs?","Scan for emissions faults; check smoke, warning history and regeneration behaviour.",300,1800,DG general UK buying-check framework,,general inspection risk — NOT a model-specific known fault,General
Volvo,V60,2005,2026,Diesel,,,"Turbo, boost, injector and intake condition",Medium,60000,,General used-car buying-check trigger; not evidence this model has a specific known defect.,"Any turbo, injector, intercooler, boost-hose or intake repairs?","Check cold start, smoke, boost delivery, whistle and stored boost/fuelling faults.",300,2200,DG general UK buying-check framework,,general inspection risk — NOT a model-specific known fault,General
Volvo,V60,2005,2026,Petrol,,,"Ignition, oil-consumption and timing-system history",Medium,50000,,General used-car buying-check trigger; not evidence this model has a specific known defect.,"Any timing-chain/belt, coil, plug, oil-consumption or low-oil-pressure work?","Cold-start listen; check oil level/history, misfires and service invoices.",150,1800,DG general UK buying-check framework,,general inspection risk — NOT a model-specific known fault,General
Volvo,V60,2005,2026,Hybrid,,,"Hybrid battery, cooling and high-voltage warning history",Medium,70000,,General used-car buying-check trigger; not evidence this model has a specific known defect.,"Any hybrid battery, inverter or high-voltage repairs/health checks?","Check hybrid warnings, battery cooling intake and available health-check history.",300,3000,DG general UK buying-check framework,,general inspection risk — NOT a model-specific known fault,General
Volvo,V60,2005,2026,,automatic|auto|dsg|cvt|powershift|s-tronic,,Automatic transmission shift quality and service history,Medium,50000,,General used-car buying-check trigger; not evidence this model has a specific known defect.,"Any gearbox oil/service, clutch, mechatronic, valve-body or transmission repairs?","Road-test cold/hot for judder, flare, delayed engagement and harsh shifts.",350,3000,DG general UK buying-check framework,,general inspection risk — NOT a model-specific known fault,General
Volvo,V60,2005,2026,,manual,,Clutch and dual-mass flywheel condition where fitted,Medium,50000,,General used-car buying-check trigger; not evidence this model has a specific known defect.,Any clutch or dual-mass flywheel replacement?,"Check bite, slip under load, vibration/rattle and gear selection.",600,1800,DG general UK buying-check framework,,general inspection risk — NOT a model-specific known fault,General
Volvo,V70,2005,2026,,,,"Cooling system, coolant-loss and overheating history",Medium,50000,,General used-car buying-check trigger; not evidence this model has a specific known defect.,"Any coolant loss, overheating, water-pump, thermostat or radiator work?",Pressure-check cooling system; inspect coolant level/condition and temperature stability.,200,1200,DG general UK buying-check framework,,general inspection risk — NOT a model-specific known fault,General
Volvo,V70,2005,2026,,,,"Suspension, steering and wheel-bearing wear",Medium,50000,,General used-car buying-check trigger; not evidence this model has a specific known defect.,"Any recent arms, bushes, springs, dampers, steering or wheel-bearing work?",Road-test for knocks/play; inspect tyre wear and suspension condition.,200,1200,DG general UK buying-check framework,,general inspection risk — NOT a model-specific known fault,General
Volvo,V70,2005,2026,,,,"Electrical, battery, charging and infotainment faults",Medium,40000,,General used-car buying-check trigger; not evidence this model has a specific known defect.,"Any battery drain, charging, warning-light, screen, camera or electrical faults?",Scan modules; test every electrical function and battery/charging health.,120,1500,DG general UK buying-check framework,,general inspection risk — NOT a model-specific known fault,General
Volvo,V70,2005,2026,Diesel,,,Diesel emissions system: DPF/EGR/NOx/AdBlue condition,Medium,50000,,General used-car buying-check trigger; not evidence this model has a specific known defect.,"Any DPF, EGR, NOx, AdBlue, forced-regeneration or emissions repairs?","Scan for emissions faults; check smoke, warning history and regeneration behaviour.",300,1800,DG general UK buying-check framework,,general inspection risk — NOT a model-specific known fault,General
Volvo,V70,2005,2026,Diesel,,,"Turbo, boost, injector and intake condition",Medium,60000,,General used-car buying-check trigger; not evidence this model has a specific known defect.,"Any turbo, injector, intercooler, boost-hose or intake repairs?","Check cold start, smoke, boost delivery, whistle and stored boost/fuelling faults.",300,2200,DG general UK buying-check framework,,general inspection risk — NOT a model-specific known fault,General
Volvo,V70,2005,2026,Petrol,,,"Ignition, oil-consumption and timing-system history",Medium,50000,,General used-car buying-check trigger; not evidence this model has a specific known defect.,"Any timing-chain/belt, coil, plug, oil-consumption or low-oil-pressure work?","Cold-start listen; check oil level/history, misfires and service invoices.",150,1800,DG general UK buying-check framework,,general inspection risk — NOT a model-specific known fault,General
Volvo,V70,2005,2026,Hybrid,,,"Hybrid battery, cooling and high-voltage warning history",Medium,70000,,General used-car buying-check trigger; not evidence this model has a specific known defect.,"Any hybrid battery, inverter or high-voltage repairs/health checks?","Check hybrid warnings, battery cooling intake and available health-check history.",300,3000,DG general UK buying-check framework,,general inspection risk — NOT a model-specific known fault,General
Volvo,V70,2005,2026,,automatic|auto|dsg|cvt|powershift|s-tronic,,Automatic transmission shift quality and service history,Medium,50000,,General used-car buying-check trigger; not evidence this model has a specific known defect.,"Any gearbox oil/service, clutch, mechatronic, valve-body or transmission repairs?","Road-test cold/hot for judder, flare, delayed engagement and harsh shifts.",350,3000,DG general UK buying-check framework,,general inspection risk — NOT a model-specific known fault,General
Volvo,V70,2005,2026,,manual,,Clutch and dual-mass flywheel condition where fitted,Medium,50000,,General used-car buying-check trigger; not evidence this model has a specific known defect.,Any clutch or dual-mass flywheel replacement?,"Check bite, slip under load, vibration/rattle and gear selection.",600,1800,DG general UK buying-check framework,,general inspection risk — NOT a model-specific known fault,General
Volvo,S60,2005,2026,,,,"Cooling system, coolant-loss and overheating history",Medium,50000,,General used-car buying-check trigger; not evidence this model has a specific known defect.,"Any coolant loss, overheating, water-pump, thermostat or radiator work?",Pressure-check cooling system; inspect coolant level/condition and temperature stability.,200,1200,DG general UK buying-check framework,,general inspection risk — NOT a model-specific known fault,General
Volvo,S60,2005,2026,,,,"Suspension, steering and wheel-bearing wear",Medium,50000,,General used-car buying-check trigger; not evidence this model has a specific known defect.,"Any recent arms, bushes, springs, dampers, steering or wheel-bearing work?",Road-test for knocks/play; inspect tyre wear and suspension condition.,200,1200,DG general UK buying-check framework,,general inspection risk — NOT a model-specific known fault,General
Volvo,S60,2005,2026,,,,"Electrical, battery, charging and infotainment faults",Medium,40000,,General used-car buying-check trigger; not evidence this model has a specific known defect.,"Any battery drain, charging, warning-light, screen, camera or electrical faults?",Scan modules; test every electrical function and battery/charging health.,120,1500,DG general UK buying-check framework,,general inspection risk — NOT a model-specific known fault,General
Volvo,S60,2005,2026,Diesel,,,Diesel emissions system: DPF/EGR/NOx/AdBlue condition,Medium,50000,,General used-car buying-check trigger; not evidence this model has a specific known defect.,"Any DPF, EGR, NOx, AdBlue, forced-regeneration or emissions repairs?","Scan for emissions faults; check smoke, warning history and regeneration behaviour.",300,1800,DG general UK buying-check framework,,general inspection risk — NOT a model-specific known fault,General
Volvo,S60,2005,2026,Diesel,,,"Turbo, boost, injector and intake condition",Medium,60000,,General used-car buying-check trigger; not evidence this model has a specific known defect.,"Any turbo, injector, intercooler, boost-hose or intake repairs?","Check cold start, smoke, boost delivery, whistle and stored boost/fuelling faults.",300,2200,DG general UK buying-check framework,,general inspection risk — NOT a model-specific known fault,General
Volvo,S60,2005,2026,Petrol,,,"Ignition, oil-consumption and timing-system history",Medium,50000,,General used-car buying-check trigger; not evidence this model has a specific known defect.,"Any timing-chain/belt, coil, plug, oil-consumption or low-oil-pressure work?","Cold-start listen; check oil level/history, misfires and service invoices.",150,1800,DG general UK buying-check framework,,general inspection risk — NOT a model-specific known fault,General
Volvo,S60,2005,2026,Hybrid,,,"Hybrid battery, cooling and high-voltage warning history",Medium,70000,,General used-car buying-check trigger; not evidence this model has a specific known defect.,"Any hybrid battery, inverter or high-voltage repairs/health checks?","Check hybrid warnings, battery cooling intake and available health-check history.",300,3000,DG general UK buying-check framework,,general inspection risk — NOT a model-specific known fault,General
Volvo,S60,2005,2026,,automatic|auto|dsg|cvt|powershift|s-tronic,,Automatic transmission shift quality and service history,Medium,50000,,General used-car buying-check trigger; not evidence this model has a specific known defect.,"Any gearbox oil/service, clutch, mechatronic, valve-body or transmission repairs?","Road-test cold/hot for judder, flare, delayed engagement and harsh shifts.",350,3000,DG general UK buying-check framework,,general inspection risk — NOT a model-specific known fault,General
Volvo,S60,2005,2026,,manual,,Clutch and dual-mass flywheel condition where fitted,Medium,50000,,General used-car buying-check trigger; not evidence this model has a specific known defect.,Any clutch or dual-mass flywheel replacement?,"Check bite, slip under load, vibration/rattle and gear selection.",600,1800,DG general UK buying-check framework,,general inspection risk — NOT a model-specific known fault,General
Volvo,XC40,2005,2026,,,,"Cooling system, coolant-loss and overheating history",Medium,50000,,General used-car buying-check trigger; not evidence this model has a specific known defect.,"Any coolant loss, overheating, water-pump, thermostat or radiator work?",Pressure-check cooling system; inspect coolant level/condition and temperature stability.,200,1200,DG general UK buying-check framework,,general inspection risk — NOT a model-specific known fault,General
Volvo,XC40,2005,2026,,,,"Suspension, steering and wheel-bearing wear",Medium,50000,,General used-car buying-check trigger; not evidence this model has a specific known defect.,"Any recent arms, bushes, springs, dampers, steering or wheel-bearing work?",Road-test for knocks/play; inspect tyre wear and suspension condition.,200,1200,DG general UK buying-check framework,,general inspection risk — NOT a model-specific known fault,General
Volvo,XC40,2005,2026,,,,"Electrical, battery, charging and infotainment faults",Medium,40000,,General used-car buying-check trigger; not evidence this model has a specific known defect.,"Any battery drain, charging, warning-light, screen, camera or electrical faults?",Scan modules; test every electrical function and battery/charging health.,120,1500,DG general UK buying-check framework,,general inspection risk — NOT a model-specific known fault,General
Volvo,XC40,2005,2026,Diesel,,,Diesel emissions system: DPF/EGR/NOx/AdBlue condition,Medium,50000,,General used-car buying-check trigger; not evidence this model has a specific known defect.,"Any DPF, EGR, NOx, AdBlue, forced-regeneration or emissions repairs?","Scan for emissions faults; check smoke, warning history and regeneration behaviour.",300,1800,DG general UK buying-check framework,,general inspection risk — NOT a model-specific known fault,General
Volvo,XC40,2005,2026,Diesel,,,"Turbo, boost, injector and intake condition",Medium,60000,,General used-car buying-check trigger; not evidence this model has a specific known defect.,"Any turbo, injector, intercooler, boost-hose or intake repairs?","Check cold start, smoke, boost delivery, whistle and stored boost/fuelling faults.",300,2200,DG general UK buying-check framework,,general inspection risk — NOT a model-specific known fault,General
Volvo,XC40,2005,2026,Petrol,,,"Ignition, oil-consumption and timing-system history",Medium,50000,,General used-car buying-check trigger; not evidence this model has a specific known defect.,"Any timing-chain/belt, coil, plug, oil-consumption or low-oil-pressure work?","Cold-start listen; check oil level/history, misfires and service invoices.",150,1800,DG general UK buying-check framework,,general inspection risk — NOT a model-specific known fault,General
Volvo,XC40,2005,2026,Hybrid,,,"Hybrid battery, cooling and high-voltage warning history",Medium,70000,,General used-car buying-check trigger; not evidence this model has a specific known defect.,"Any hybrid battery, inverter or high-voltage repairs/health checks?","Check hybrid warnings, battery cooling intake and available health-check history.",300,3000,DG general UK buying-check framework,,general inspection risk — NOT a model-specific known fault,General
Volvo,XC40,2005,2026,,automatic|auto|dsg|cvt|powershift|s-tronic,,Automatic transmission shift quality and service history,Medium,50000,,General used-car buying-check trigger; not evidence this model has a specific known defect.,"Any gearbox oil/service, clutch, mechatronic, valve-body or transmission repairs?","Road-test cold/hot for judder, flare, delayed engagement and harsh shifts.",350,3000,DG general UK buying-check framework,,general inspection risk — NOT a model-specific known fault,General
Volvo,XC40,2005,2026,,manual,,Clutch and dual-mass flywheel condition where fitted,Medium,50000,,General used-car buying-check trigger; not evidence this model has a specific known defect.,Any clutch or dual-mass flywheel replacement?,"Check bite, slip under load, vibration/rattle and gear selection.",600,1800,DG general UK buying-check framework,,general inspection risk — NOT a model-specific known fault,General
Volvo,XC60,2005,2026,,,,"Cooling system, coolant-loss and overheating history",Medium,50000,,General used-car buying-check trigger; not evidence this model has a specific known defect.,"Any coolant loss, overheating, water-pump, thermostat or radiator work?",Pressure-check cooling system; inspect coolant level/condition and temperature stability.,200,1200,DG general UK buying-check framework,,general inspection risk — NOT a model-specific known fault,General
Volvo,XC60,2005,2026,,,,"Suspension, steering and wheel-bearing wear",Medium,50000,,General used-car buying-check trigger; not evidence this model has a specific known defect.,"Any recent arms, bushes, springs, dampers, steering or wheel-bearing work?",Road-test for knocks/play; inspect tyre wear and suspension condition.,200,1200,DG general UK buying-check framework,,general inspection risk — NOT a model-specific known fault,General
Volvo,XC60,2005,2026,,,,"Electrical, battery, charging and infotainment faults",Medium,40000,,General used-car buying-check trigger; not evidence this model has a specific known defect.,"Any battery drain, charging, warning-light, screen, camera or electrical faults?",Scan modules; test every electrical function and battery/charging health.,120,1500,DG general UK buying-check framework,,general inspection risk — NOT a model-specific known fault,General
Volvo,XC60,2005,2026,Diesel,,,Diesel emissions system: DPF/EGR/NOx/AdBlue condition,Medium,50000,,General used-car buying-check trigger; not evidence this model has a specific known defect.,"Any DPF, EGR, NOx, AdBlue, forced-regeneration or emissions repairs?","Scan for emissions faults; check smoke, warning history and regeneration behaviour.",300,1800,DG general UK buying-check framework,,general inspection risk — NOT a model-specific known fault,General
Volvo,XC60,2005,2026,Diesel,,,"Turbo, boost, injector and intake condition",Medium,60000,,General used-car buying-check trigger; not evidence this model has a specific known defect.,"Any turbo, injector, intercooler, boost-hose or intake repairs?","Check cold start, smoke, boost delivery, whistle and stored boost/fuelling faults.",300,2200,DG general UK buying-check framework,,general inspection risk — NOT a model-specific known fault,General
Volvo,XC60,2005,2026,Petrol,,,"Ignition, oil-consumption and timing-system history",Medium,50000,,General used-car buying-check trigger; not evidence this model has a specific known defect.,"Any timing-chain/belt, coil, plug, oil-consumption or low-oil-pressure work?","Cold-start listen; check oil level/history, misfires and service invoices.",150,1800,DG general UK buying-check framework,,general inspection risk — NOT a model-specific known fault,General
Volvo,XC60,2005,2026,Hybrid,,,"Hybrid battery, cooling and high-voltage warning history",Medium,70000,,General used-car buying-check trigger; not evidence this model has a specific known defect.,"Any hybrid battery, inverter or high-voltage repairs/health checks?","Check hybrid warnings, battery cooling intake and available health-check history.",300,3000,DG general UK buying-check framework,,general inspection risk — NOT a model-specific known fault,General
Volvo,XC60,2005,2026,,automatic|auto|dsg|cvt|powershift|s-tronic,,Automatic transmission shift quality and service history,Medium,50000,,General used-car buying-check trigger; not evidence this model has a specific known defect.,"Any gearbox oil/service, clutch, mechatronic, valve-body or transmission repairs?","Road-test cold/hot for judder, flare, delayed engagement and harsh shifts.",350,3000,DG general UK buying-check framework,,general inspection risk — NOT a model-specific known fault,General
Volvo,XC60,2005,2026,,manual,,Clutch and dual-mass flywheel condition where fitted,Medium,50000,,General used-car buying-check trigger; not evidence this model has a specific known defect.,Any clutch or dual-mass flywheel replacement?,"Check bite, slip under load, vibration/rattle and gear selection.",600,1800,DG general UK buying-check framework,,general inspection risk — NOT a model-specific known fault,General
Volvo,XC90,2005,2026,,,,"Cooling system, coolant-loss and overheating history",Medium,50000,,General used-car buying-check trigger; not evidence this model has a specific known defect.,"Any coolant loss, overheating, water-pump, thermostat or radiator work?",Pressure-check cooling system; inspect coolant level/condition and temperature stability.,200,1200,DG general UK buying-check framework,,general inspection risk — NOT a model-specific known fault,General
Volvo,XC90,2005,2026,,,,"Suspension, steering and wheel-bearing wear",Medium,50000,,General used-car buying-check trigger; not evidence this model has a specific known defect.,"Any recent arms, bushes, springs, dampers, steering or wheel-bearing work?",Road-test for knocks/play; inspect tyre wear and suspension condition.,200,1200,DG general UK buying-check framework,,general inspection risk — NOT a model-specific known fault,General
Volvo,XC90,2005,2026,,,,"Electrical, battery, charging and infotainment faults",Medium,40000,,General used-car buying-check trigger; not evidence this model has a specific known defect.,"Any battery drain, charging, warning-light, screen, camera or electrical faults?",Scan modules; test every electrical function and battery/charging health.,120,1500,DG general UK buying-check framework,,general inspection risk — NOT a model-specific known fault,General
Volvo,XC90,2005,2026,Diesel,,,Diesel emissions system: DPF/EGR/NOx/AdBlue condition,Medium,50000,,General used-car buying-check trigger; not evidence this model has a specific known defect.,"Any DPF, EGR, NOx, AdBlue, forced-regeneration or emissions repairs?","Scan for emissions faults; check smoke, warning history and regeneration behaviour.",300,1800,DG general UK buying-check framework,,general inspection risk — NOT a model-specific known fault,General
Volvo,XC90,2005,2026,Diesel,,,"Turbo, boost, injector and intake condition",Medium,60000,,General used-car buying-check trigger; not evidence this model has a specific known defect.,"Any turbo, injector, intercooler, boost-hose or intake repairs?","Check cold start, smoke, boost delivery, whistle and stored boost/fuelling faults.",300,2200,DG general UK buying-check framework,,general inspection risk — NOT a model-specific known fault,General
Volvo,XC90,2005,2026,Petrol,,,"Ignition, oil-consumption and timing-system history",Medium,50000,,General used-car buying-check trigger; not evidence this model has a specific known defect.,"Any timing-chain/belt, coil, plug, oil-consumption or low-oil-pressure work?","Cold-start listen; check oil level/history, misfires and service invoices.",150,1800,DG general UK buying-check framework,,general inspection risk — NOT a model-specific known fault,General
Volvo,XC90,2005,2026,Hybrid,,,"Hybrid battery, cooling and high-voltage warning history",Medium,70000,,General used-car buying-check trigger; not evidence this model has a specific known defect.,"Any hybrid battery, inverter or high-voltage repairs/health checks?","Check hybrid warnings, battery cooling intake and available health-check history.",300,3000,DG general UK buying-check framework,,general inspection risk — NOT a model-specific known fault,General
Volvo,XC90,2005,2026,,automatic|auto|dsg|cvt|powershift|s-tronic,,Automatic transmission shift quality and service history,Medium,50000,,General used-car buying-check trigger; not evidence this model has a specific known defect.,"Any gearbox oil/service, clutch, mechatronic, valve-body or transmission repairs?","Road-test cold/hot for judder, flare, delayed engagement and harsh shifts.",350,3000,DG general UK buying-check framework,,general inspection risk — NOT a model-specific known fault,General
Volvo,XC90,2005,2026,,manual,,Clutch and dual-mass flywheel condition where fitted,Medium,50000,,General used-car buying-check trigger; not evidence this model has a specific known defect.,Any clutch or dual-mass flywheel replacement?,"Check bite, slip under load, vibration/rattle and gear selection.",600,1800,DG general UK buying-check framework,,general inspection risk — NOT a model-specific known fault,General
MINI,Hatch,2005,2026,,,,"Cooling system, coolant-loss and overheating history",Medium,50000,,General used-car buying-check trigger; not evidence this model has a specific known defect.,"Any coolant loss, overheating, water-pump, thermostat or radiator work?",Pressure-check cooling system; inspect coolant level/condition and temperature stability.,200,1200,DG general UK buying-check framework,,general inspection risk — NOT a model-specific known fault,General
MINI,Hatch,2005,2026,,,,"Suspension, steering and wheel-bearing wear",Medium,50000,,General used-car buying-check trigger; not evidence this model has a specific known defect.,"Any recent arms, bushes, springs, dampers, steering or wheel-bearing work?",Road-test for knocks/play; inspect tyre wear and suspension condition.,200,1200,DG general UK buying-check framework,,general inspection risk — NOT a model-specific known fault,General
MINI,Hatch,2005,2026,,,,"Electrical, battery, charging and infotainment faults",Medium,40000,,General used-car buying-check trigger; not evidence this model has a specific known defect.,"Any battery drain, charging, warning-light, screen, camera or electrical faults?",Scan modules; test every electrical function and battery/charging health.,120,1500,DG general UK buying-check framework,,general inspection risk — NOT a model-specific known fault,General
MINI,Hatch,2005,2026,Diesel,,,Diesel emissions system: DPF/EGR/NOx/AdBlue condition,Medium,50000,,General used-car buying-check trigger; not evidence this model has a specific known defect.,"Any DPF, EGR, NOx, AdBlue, forced-regeneration or emissions repairs?","Scan for emissions faults; check smoke, warning history and regeneration behaviour.",300,1800,DG general UK buying-check framework,,general inspection risk — NOT a model-specific known fault,General
MINI,Hatch,2005,2026,Diesel,,,"Turbo, boost, injector and intake condition",Medium,60000,,General used-car buying-check trigger; not evidence this model has a specific known defect.,"Any turbo, injector, intercooler, boost-hose or intake repairs?","Check cold start, smoke, boost delivery, whistle and stored boost/fuelling faults.",300,2200,DG general UK buying-check framework,,general inspection risk — NOT a model-specific known fault,General
MINI,Hatch,2005,2026,Petrol,,,"Ignition, oil-consumption and timing-system history",Medium,50000,,General used-car buying-check trigger; not evidence this model has a specific known defect.,"Any timing-chain/belt, coil, plug, oil-consumption or low-oil-pressure work?","Cold-start listen; check oil level/history, misfires and service invoices.",150,1800,DG general UK buying-check framework,,general inspection risk — NOT a model-specific known fault,General
MINI,Hatch,2005,2026,Hybrid,,,"Hybrid battery, cooling and high-voltage warning history",Medium,70000,,General used-car buying-check trigger; not evidence this model has a specific known defect.,"Any hybrid battery, inverter or high-voltage repairs/health checks?","Check hybrid warnings, battery cooling intake and available health-check history.",300,3000,DG general UK buying-check framework,,general inspection risk — NOT a model-specific known fault,General
MINI,Hatch,2005,2026,,automatic|auto|dsg|cvt|powershift|s-tronic,,Automatic transmission shift quality and service history,Medium,50000,,General used-car buying-check trigger; not evidence this model has a specific known defect.,"Any gearbox oil/service, clutch, mechatronic, valve-body or transmission repairs?","Road-test cold/hot for judder, flare, delayed engagement and harsh shifts.",350,3000,DG general UK buying-check framework,,general inspection risk — NOT a model-specific known fault,General
MINI,Hatch,2005,2026,,manual,,Clutch and dual-mass flywheel condition where fitted,Medium,50000,,General used-car buying-check trigger; not evidence this model has a specific known defect.,Any clutch or dual-mass flywheel replacement?,"Check bite, slip under load, vibration/rattle and gear selection.",600,1800,DG general UK buying-check framework,,general inspection risk — NOT a model-specific known fault,General
MINI,Countryman,2005,2026,,,,"Cooling system, coolant-loss and overheating history",Medium,50000,,General used-car buying-check trigger; not evidence this model has a specific known defect.,"Any coolant loss, overheating, water-pump, thermostat or radiator work?",Pressure-check cooling system; inspect coolant level/condition and temperature stability.,200,1200,DG general UK buying-check framework,,general inspection risk — NOT a model-specific known fault,General
MINI,Countryman,2005,2026,,,,"Suspension, steering and wheel-bearing wear",Medium,50000,,General used-car buying-check trigger; not evidence this model has a specific known defect.,"Any recent arms, bushes, springs, dampers, steering or wheel-bearing work?",Road-test for knocks/play; inspect tyre wear and suspension condition.,200,1200,DG general UK buying-check framework,,general inspection risk — NOT a model-specific known fault,General
MINI,Countryman,2005,2026,,,,"Electrical, battery, charging and infotainment faults",Medium,40000,,General used-car buying-check trigger; not evidence this model has a specific known defect.,"Any battery drain, charging, warning-light, screen, camera or electrical faults?",Scan modules; test every electrical function and battery/charging health.,120,1500,DG general UK buying-check framework,,general inspection risk — NOT a model-specific known fault,General
MINI,Countryman,2005,2026,Diesel,,,Diesel emissions system: DPF/EGR/NOx/AdBlue condition,Medium,50000,,General used-car buying-check trigger; not evidence this model has a specific known defect.,"Any DPF, EGR, NOx, AdBlue, forced-regeneration or emissions repairs?","Scan for emissions faults; check smoke, warning history and regeneration behaviour.",300,1800,DG general UK buying-check framework,,general inspection risk — NOT a model-specific known fault,General
MINI,Countryman,2005,2026,Diesel,,,"Turbo, boost, injector and intake condition",Medium,60000,,General used-car buying-check trigger; not evidence this model has a specific known defect.,"Any turbo, injector, intercooler, boost-hose or intake repairs?","Check cold start, smoke, boost delivery, whistle and stored boost/fuelling faults.",300,2200,DG general UK buying-check framework,,general inspection risk — NOT a model-specific known fault,General
MINI,Countryman,2005,2026,Petrol,,,"Ignition, oil-consumption and timing-system history",Medium,50000,,General used-car buying-check trigger; not evidence this model has a specific known defect.,"Any timing-chain/belt, coil, plug, oil-consumption or low-oil-pressure work?","Cold-start listen; check oil level/history, misfires and service invoices.",150,1800,DG general UK buying-check framework,,general inspection risk — NOT a model-specific known fault,General
MINI,Countryman,2005,2026,Hybrid,,,"Hybrid battery, cooling and high-voltage warning history",Medium,70000,,General used-car buying-check trigger; not evidence this model has a specific known defect.,"Any hybrid battery, inverter or high-voltage repairs/health checks?","Check hybrid warnings, battery cooling intake and available health-check history.",300,3000,DG general UK buying-check framework,,general inspection risk — NOT a model-specific known fault,General
MINI,Countryman,2005,2026,,automatic|auto|dsg|cvt|powershift|s-tronic,,Automatic transmission shift quality and service history,Medium,50000,,General used-car buying-check trigger; not evidence this model has a specific known defect.,"Any gearbox oil/service, clutch, mechatronic, valve-body or transmission repairs?","Road-test cold/hot for judder, flare, delayed engagement and harsh shifts.",350,3000,DG general UK buying-check framework,,general inspection risk — NOT a model-specific known fault,General
MINI,Countryman,2005,2026,,manual,,Clutch and dual-mass flywheel condition where fitted,Medium,50000,,General used-car buying-check trigger; not evidence this model has a specific known defect.,Any clutch or dual-mass flywheel replacement?,"Check bite, slip under load, vibration/rattle and gear selection.",600,1800,DG general UK buying-check framework,,general inspection risk — NOT a model-specific known fault,General
MINI,Clubman,2005,2026,,,,"Cooling system, coolant-loss and overheating history",Medium,50000,,General used-car buying-check trigger; not evidence this model has a specific known defect.,"Any coolant loss, overheating, water-pump, thermostat or radiator work?",Pressure-check cooling system; inspect coolant level/condition and temperature stability.,200,1200,DG general UK buying-check framework,,general inspection risk — NOT a model-specific known fault,General
MINI,Clubman,2005,2026,,,,"Suspension, steering and wheel-bearing wear",Medium,50000,,General used-car buying-check trigger; not evidence this model has a specific known defect.,"Any recent arms, bushes, springs, dampers, steering or wheel-bearing work?",Road-test for knocks/play; inspect tyre wear and suspension condition.,200,1200,DG general UK buying-check framework,,general inspection risk — NOT a model-specific known fault,General
MINI,Clubman,2005,2026,,,,"Electrical, battery, charging and infotainment faults",Medium,40000,,General used-car buying-check trigger; not evidence this model has a specific known defect.,"Any battery drain, charging, warning-light, screen, camera or electrical faults?",Scan modules; test every electrical function and battery/charging health.,120,1500,DG general UK buying-check framework,,general inspection risk — NOT a model-specific known fault,General
MINI,Clubman,2005,2026,Diesel,,,Diesel emissions system: DPF/EGR/NOx/AdBlue condition,Medium,50000,,General used-car buying-check trigger; not evidence this model has a specific known defect.,"Any DPF, EGR, NOx, AdBlue, forced-regeneration or emissions repairs?","Scan for emissions faults; check smoke, warning history and regeneration behaviour.",300,1800,DG general UK buying-check framework,,general inspection risk — NOT a model-specific known fault,General
MINI,Clubman,2005,2026,Diesel,,,"Turbo, boost, injector and intake condition",Medium,60000,,General used-car buying-check trigger; not evidence this model has a specific known defect.,"Any turbo, injector, intercooler, boost-hose or intake repairs?","Check cold start, smoke, boost delivery, whistle and stored boost/fuelling faults.",300,2200,DG general UK buying-check framework,,general inspection risk — NOT a model-specific known fault,General
MINI,Clubman,2005,2026,Petrol,,,"Ignition, oil-consumption and timing-system history",Medium,50000,,General used-car buying-check trigger; not evidence this model has a specific known defect.,"Any timing-chain/belt, coil, plug, oil-consumption or low-oil-pressure work?","Cold-start listen; check oil level/history, misfires and service invoices.",150,1800,DG general UK buying-check framework,,general inspection risk — NOT a model-specific known fault,General
MINI,Clubman,2005,2026,Hybrid,,,"Hybrid battery, cooling and high-voltage warning history",Medium,70000,,General used-car buying-check trigger; not evidence this model has a specific known defect.,"Any hybrid battery, inverter or high-voltage repairs/health checks?","Check hybrid warnings, battery cooling intake and available health-check history.",300,3000,DG general UK buying-check framework,,general inspection risk — NOT a model-specific known fault,General
MINI,Clubman,2005,2026,,automatic|auto|dsg|cvt|powershift|s-tronic,,Automatic transmission shift quality and service history,Medium,50000,,General used-car buying-check trigger; not evidence this model has a specific known defect.,"Any gearbox oil/service, clutch, mechatronic, valve-body or transmission repairs?","Road-test cold/hot for judder, flare, delayed engagement and harsh shifts.",350,3000,DG general UK buying-check framework,,general inspection risk — NOT a model-specific known fault,General
MINI,Clubman,2005,2026,,manual,,Clutch and dual-mass flywheel condition where fitted,Medium,50000,,General used-car buying-check trigger; not evidence this model has a specific known defect.,Any clutch or dual-mass flywheel replacement?,"Check bite, slip under load, vibration/rattle and gear selection.",600,1800,DG general UK buying-check framework,,general inspection risk — NOT a model-specific known fault,General
Fiat,500,2005,2026,,,,"Cooling system, coolant-loss and overheating history",Medium,50000,,General used-car buying-check trigger; not evidence this model has a specific known defect.,"Any coolant loss, overheating, water-pump, thermostat or radiator work?",Pressure-check cooling system; inspect coolant level/condition and temperature stability.,200,1200,DG general UK buying-check framework,,general inspection risk — NOT a model-specific known fault,General
Fiat,500,2005,2026,,,,"Suspension, steering and wheel-bearing wear",Medium,50000,,General used-car buying-check trigger; not evidence this model has a specific known defect.,"Any recent arms, bushes, springs, dampers, steering or wheel-bearing work?",Road-test for knocks/play; inspect tyre wear and suspension condition.,200,1200,DG general UK buying-check framework,,general inspection risk — NOT a model-specific known fault,General
Fiat,500,2005,2026,,,,"Electrical, battery, charging and infotainment faults",Medium,40000,,General used-car buying-check trigger; not evidence this model has a specific known defect.,"Any battery drain, charging, warning-light, screen, camera or electrical faults?",Scan modules; test every electrical function and battery/charging health.,120,1500,DG general UK buying-check framework,,general inspection risk — NOT a model-specific known fault,General
Fiat,500,2005,2026,Diesel,,,Diesel emissions system: DPF/EGR/NOx/AdBlue condition,Medium,50000,,General used-car buying-check trigger; not evidence this model has a specific known defect.,"Any DPF, EGR, NOx, AdBlue, forced-regeneration or emissions repairs?","Scan for emissions faults; check smoke, warning history and regeneration behaviour.",300,1800,DG general UK buying-check framework,,general inspection risk — NOT a model-specific known fault,General
Fiat,500,2005,2026,Diesel,,,"Turbo, boost, injector and intake condition",Medium,60000,,General used-car buying-check trigger; not evidence this model has a specific known defect.,"Any turbo, injector, intercooler, boost-hose or intake repairs?","Check cold start, smoke, boost delivery, whistle and stored boost/fuelling faults.",300,2200,DG general UK buying-check framework,,general inspection risk — NOT a model-specific known fault,General
Fiat,500,2005,2026,Petrol,,,"Ignition, oil-consumption and timing-system history",Medium,50000,,General used-car buying-check trigger; not evidence this model has a specific known defect.,"Any timing-chain/belt, coil, plug, oil-consumption or low-oil-pressure work?","Cold-start listen; check oil level/history, misfires and service invoices.",150,1800,DG general UK buying-check framework,,general inspection risk — NOT a model-specific known fault,General
Fiat,500,2005,2026,Hybrid,,,"Hybrid battery, cooling and high-voltage warning history",Medium,70000,,General used-car buying-check trigger; not evidence this model has a specific known defect.,"Any hybrid battery, inverter or high-voltage repairs/health checks?","Check hybrid warnings, battery cooling intake and available health-check history.",300,3000,DG general UK buying-check framework,,general inspection risk — NOT a model-specific known fault,General
Fiat,500,2005,2026,,automatic|auto|dsg|cvt|powershift|s-tronic,,Automatic transmission shift quality and service history,Medium,50000,,General used-car buying-check trigger; not evidence this model has a specific known defect.,"Any gearbox oil/service, clutch, mechatronic, valve-body or transmission repairs?","Road-test cold/hot for judder, flare, delayed engagement and harsh shifts.",350,3000,DG general UK buying-check framework,,general inspection risk — NOT a model-specific known fault,General
Fiat,500,2005,2026,,manual,,Clutch and dual-mass flywheel condition where fitted,Medium,50000,,General used-car buying-check trigger; not evidence this model has a specific known defect.,Any clutch or dual-mass flywheel replacement?,"Check bite, slip under load, vibration/rattle and gear selection.",600,1800,DG general UK buying-check framework,,general inspection risk — NOT a model-specific known fault,General
Fiat,Panda,2005,2026,,,,"Cooling system, coolant-loss and overheating history",Medium,50000,,General used-car buying-check trigger; not evidence this model has a specific known defect.,"Any coolant loss, overheating, water-pump, thermostat or radiator work?",Pressure-check cooling system; inspect coolant level/condition and temperature stability.,200,1200,DG general UK buying-check framework,,general inspection risk — NOT a model-specific known fault,General
Fiat,Panda,2005,2026,,,,"Suspension, steering and wheel-bearing wear",Medium,50000,,General used-car buying-check trigger; not evidence this model has a specific known defect.,"Any recent arms, bushes, springs, dampers, steering or wheel-bearing work?",Road-test for knocks/play; inspect tyre wear and suspension condition.,200,1200,DG general UK buying-check framework,,general inspection risk — NOT a model-specific known fault,General
Fiat,Panda,2005,2026,,,,"Electrical, battery, charging and infotainment faults",Medium,40000,,General used-car buying-check trigger; not evidence this model has a specific known defect.,"Any battery drain, charging, warning-light, screen, camera or electrical faults?",Scan modules; test every electrical function and battery/charging health.,120,1500,DG general UK buying-check framework,,general inspection risk — NOT a model-specific known fault,General
Fiat,Panda,2005,2026,Diesel,,,Diesel emissions system: DPF/EGR/NOx/AdBlue condition,Medium,50000,,General used-car buying-check trigger; not evidence this model has a specific known defect.,"Any DPF, EGR, NOx, AdBlue, forced-regeneration or emissions repairs?","Scan for emissions faults; check smoke, warning history and regeneration behaviour.",300,1800,DG general UK buying-check framework,,general inspection risk — NOT a model-specific known fault,General
Fiat,Panda,2005,2026,Diesel,,,"Turbo, boost, injector and intake condition",Medium,60000,,General used-car buying-check trigger; not evidence this model has a specific known defect.,"Any turbo, injector, intercooler, boost-hose or intake repairs?","Check cold start, smoke, boost delivery, whistle and stored boost/fuelling faults.",300,2200,DG general UK buying-check framework,,general inspection risk — NOT a model-specific known fault,General
Fiat,Panda,2005,2026,Petrol,,,"Ignition, oil-consumption and timing-system history",Medium,50000,,General used-car buying-check trigger; not evidence this model has a specific known defect.,"Any timing-chain/belt, coil, plug, oil-consumption or low-oil-pressure work?","Cold-start listen; check oil level/history, misfires and service invoices.",150,1800,DG general UK buying-check framework,,general inspection risk — NOT a model-specific known fault,General
Fiat,Panda,2005,2026,Hybrid,,,"Hybrid battery, cooling and high-voltage warning history",Medium,70000,,General used-car buying-check trigger; not evidence this model has a specific known defect.,"Any hybrid battery, inverter or high-voltage repairs/health checks?","Check hybrid warnings, battery cooling intake and available health-check history.",300,3000,DG general UK buying-check framework,,general inspection risk — NOT a model-specific known fault,General
Fiat,Panda,2005,2026,,automatic|auto|dsg|cvt|powershift|s-tronic,,Automatic transmission shift quality and service history,Medium,50000,,General used-car buying-check trigger; not evidence this model has a specific known defect.,"Any gearbox oil/service, clutch, mechatronic, valve-body or transmission repairs?","Road-test cold/hot for judder, flare, delayed engagement and harsh shifts.",350,3000,DG general UK buying-check framework,,general inspection risk — NOT a model-specific known fault,General
Fiat,Panda,2005,2026,,manual,,Clutch and dual-mass flywheel condition where fitted,Medium,50000,,General used-car buying-check trigger; not evidence this model has a specific known defect.,Any clutch or dual-mass flywheel replacement?,"Check bite, slip under load, vibration/rattle and gear selection.",600,1800,DG general UK buying-check framework,,general inspection risk — NOT a model-specific known fault,General
Fiat,Tipo,2005,2026,,,,"Cooling system, coolant-loss and overheating history",Medium,50000,,General used-car buying-check trigger; not evidence this model has a specific known defect.,"Any coolant loss, overheating, water-pump, thermostat or radiator work?",Pressure-check cooling system; inspect coolant level/condition and temperature stability.,200,1200,DG general UK buying-check framework,,general inspection risk — NOT a model-specific known fault,General
Fiat,Tipo,2005,2026,,,,"Suspension, steering and wheel-bearing wear",Medium,50000,,General used-car buying-check trigger; not evidence this model has a specific known defect.,"Any recent arms, bushes, springs, dampers, steering or wheel-bearing work?",Road-test for knocks/play; inspect tyre wear and suspension condition.,200,1200,DG general UK buying-check framework,,general inspection risk — NOT a model-specific known fault,General
Fiat,Tipo,2005,2026,,,,"Electrical, battery, charging and infotainment faults",Medium,40000,,General used-car buying-check trigger; not evidence this model has a specific known defect.,"Any battery drain, charging, warning-light, screen, camera or electrical faults?",Scan modules; test every electrical function and battery/charging health.,120,1500,DG general UK buying-check framework,,general inspection risk — NOT a model-specific known fault,General
Fiat,Tipo,2005,2026,Diesel,,,Diesel emissions system: DPF/EGR/NOx/AdBlue condition,Medium,50000,,General used-car buying-check trigger; not evidence this model has a specific known defect.,"Any DPF, EGR, NOx, AdBlue, forced-regeneration or emissions repairs?","Scan for emissions faults; check smoke, warning history and regeneration behaviour.",300,1800,DG general UK buying-check framework,,general inspection risk — NOT a model-specific known fault,General
Fiat,Tipo,2005,2026,Diesel,,,"Turbo, boost, injector and intake condition",Medium,60000,,General used-car buying-check trigger; not evidence this model has a specific known defect.,"Any turbo, injector, intercooler, boost-hose or intake repairs?","Check cold start, smoke, boost delivery, whistle and stored boost/fuelling faults.",300,2200,DG general UK buying-check framework,,general inspection risk — NOT a model-specific known fault,General
Fiat,Tipo,2005,2026,Petrol,,,"Ignition, oil-consumption and timing-system history",Medium,50000,,General used-car buying-check trigger; not evidence this model has a specific known defect.,"Any timing-chain/belt, coil, plug, oil-consumption or low-oil-pressure work?","Cold-start listen; check oil level/history, misfires and service invoices.",150,1800,DG general UK buying-check framework,,general inspection risk — NOT a model-specific known fault,General
Fiat,Tipo,2005,2026,Hybrid,,,"Hybrid battery, cooling and high-voltage warning history",Medium,70000,,General used-car buying-check trigger; not evidence this model has a specific known defect.,"Any hybrid battery, inverter or high-voltage repairs/health checks?","Check hybrid warnings, battery cooling intake and available health-check history.",300,3000,DG general UK buying-check framework,,general inspection risk — NOT a model-specific known fault,General
Fiat,Tipo,2005,2026,,automatic|auto|dsg|cvt|powershift|s-tronic,,Automatic transmission shift quality and service history,Medium,50000,,General used-car buying-check trigger; not evidence this model has a specific known defect.,"Any gearbox oil/service, clutch, mechatronic, valve-body or transmission repairs?","Road-test cold/hot for judder, flare, delayed engagement and harsh shifts.",350,3000,DG general UK buying-check framework,,general inspection risk — NOT a model-specific known fault,General
Fiat,Tipo,2005,2026,,manual,,Clutch and dual-mass flywheel condition where fitted,Medium,50000,,General used-car buying-check trigger; not evidence this model has a specific known defect.,Any clutch or dual-mass flywheel replacement?,"Check bite, slip under load, vibration/rattle and gear selection.",600,1800,DG general UK buying-check framework,,general inspection risk — NOT a model-specific known fault,General
Fiat,Punto,2005,2026,,,,"Cooling system, coolant-loss and overheating history",Medium,50000,,General used-car buying-check trigger; not evidence this model has a specific known defect.,"Any coolant loss, overheating, water-pump, thermostat or radiator work?",Pressure-check cooling system; inspect coolant level/condition and temperature stability.,200,1200,DG general UK buying-check framework,,general inspection risk — NOT a model-specific known fault,General
Fiat,Punto,2005,2026,,,,"Suspension, steering and wheel-bearing wear",Medium,50000,,General used-car buying-check trigger; not evidence this model has a specific known defect.,"Any recent arms, bushes, springs, dampers, steering or wheel-bearing work?",Road-test for knocks/play; inspect tyre wear and suspension condition.,200,1200,DG general UK buying-check framework,,general inspection risk — NOT a model-specific known fault,General
Fiat,Punto,2005,2026,,,,"Electrical, battery, charging and infotainment faults",Medium,40000,,General used-car buying-check trigger; not evidence this model has a specific known defect.,"Any battery drain, charging, warning-light, screen, camera or electrical faults?",Scan modules; test every electrical function and battery/charging health.,120,1500,DG general UK buying-check framework,,general inspection risk — NOT a model-specific known fault,General
Fiat,Punto,2005,2026,Diesel,,,Diesel emissions system: DPF/EGR/NOx/AdBlue condition,Medium,50000,,General used-car buying-check trigger; not evidence this model has a specific known defect.,"Any DPF, EGR, NOx, AdBlue, forced-regeneration or emissions repairs?","Scan for emissions faults; check smoke, warning history and regeneration behaviour.",300,1800,DG general UK buying-check framework,,general inspection risk — NOT a model-specific known fault,General
Fiat,Punto,2005,2026,Diesel,,,"Turbo, boost, injector and intake condition",Medium,60000,,General used-car buying-check trigger; not evidence this model has a specific known defect.,"Any turbo, injector, intercooler, boost-hose or intake repairs?","Check cold start, smoke, boost delivery, whistle and stored boost/fuelling faults.",300,2200,DG general UK buying-check framework,,general inspection risk — NOT a model-specific known fault,General
Fiat,Punto,2005,2026,Petrol,,,"Ignition, oil-consumption and timing-system history",Medium,50000,,General used-car buying-check trigger; not evidence this model has a specific known defect.,"Any timing-chain/belt, coil, plug, oil-consumption or low-oil-pressure work?","Cold-start listen; check oil level/history, misfires and service invoices.",150,1800,DG general UK buying-check framework,,general inspection risk — NOT a model-specific known fault,General
Fiat,Punto,2005,2026,Hybrid,,,"Hybrid battery, cooling and high-voltage warning history",Medium,70000,,General used-car buying-check trigger; not evidence this model has a specific known defect.,"Any hybrid battery, inverter or high-voltage repairs/health checks?","Check hybrid warnings, battery cooling intake and available health-check history.",300,3000,DG general UK buying-check framework,,general inspection risk — NOT a model-specific known fault,General
Fiat,Punto,2005,2026,,automatic|auto|dsg|cvt|powershift|s-tronic,,Automatic transmission shift quality and service history,Medium,50000,,General used-car buying-check trigger; not evidence this model has a specific known defect.,"Any gearbox oil/service, clutch, mechatronic, valve-body or transmission repairs?","Road-test cold/hot for judder, flare, delayed engagement and harsh shifts.",350,3000,DG general UK buying-check framework,,general inspection risk — NOT a model-specific known fault,General
Fiat,Punto,2005,2026,,manual,,Clutch and dual-mass flywheel condition where fitted,Medium,50000,,General used-car buying-check trigger; not evidence this model has a specific known defect.,Any clutch or dual-mass flywheel replacement?,"Check bite, slip under load, vibration/rattle and gear selection.",600,1800,DG general UK buying-check framework,,general inspection risk — NOT a model-specific known fault,General
Dacia,Sandero,2005,2026,,,,"Cooling system, coolant-loss and overheating history",Medium,50000,,General used-car buying-check trigger; not evidence this model has a specific known defect.,"Any coolant loss, overheating, water-pump, thermostat or radiator work?",Pressure-check cooling system; inspect coolant level/condition and temperature stability.,200,1200,DG general UK buying-check framework,,general inspection risk — NOT a model-specific known fault,General
Dacia,Sandero,2005,2026,,,,"Suspension, steering and wheel-bearing wear",Medium,50000,,General used-car buying-check trigger; not evidence this model has a specific known defect.,"Any recent arms, bushes, springs, dampers, steering or wheel-bearing work?",Road-test for knocks/play; inspect tyre wear and suspension condition.,200,1200,DG general UK buying-check framework,,general inspection risk — NOT a model-specific known fault,General
Dacia,Sandero,2005,2026,,,,"Electrical, battery, charging and infotainment faults",Medium,40000,,General used-car buying-check trigger; not evidence this model has a specific known defect.,"Any battery drain, charging, warning-light, screen, camera or electrical faults?",Scan modules; test every electrical function and battery/charging health.,120,1500,DG general UK buying-check framework,,general inspection risk — NOT a model-specific known fault,General
Dacia,Sandero,2005,2026,Diesel,,,Diesel emissions system: DPF/EGR/NOx/AdBlue condition,Medium,50000,,General used-car buying-check trigger; not evidence this model has a specific known defect.,"Any DPF, EGR, NOx, AdBlue, forced-regeneration or emissions repairs?","Scan for emissions faults; check smoke, warning history and regeneration behaviour.",300,1800,DG general UK buying-check framework,,general inspection risk — NOT a model-specific known fault,General
Dacia,Sandero,2005,2026,Diesel,,,"Turbo, boost, injector and intake condition",Medium,60000,,General used-car buying-check trigger; not evidence this model has a specific known defect.,"Any turbo, injector, intercooler, boost-hose or intake repairs?","Check cold start, smoke, boost delivery, whistle and stored boost/fuelling faults.",300,2200,DG general UK buying-check framework,,general inspection risk — NOT a model-specific known fault,General
Dacia,Sandero,2005,2026,Petrol,,,"Ignition, oil-consumption and timing-system history",Medium,50000,,General used-car buying-check trigger; not evidence this model has a specific known defect.,"Any timing-chain/belt, coil, plug, oil-consumption or low-oil-pressure work?","Cold-start listen; check oil level/history, misfires and service invoices.",150,1800,DG general UK buying-check framework,,general inspection risk — NOT a model-specific known fault,General
Dacia,Sandero,2005,2026,Hybrid,,,"Hybrid battery, cooling and high-voltage warning history",Medium,70000,,General used-car buying-check trigger; not evidence this model has a specific known defect.,"Any hybrid battery, inverter or high-voltage repairs/health checks?","Check hybrid warnings, battery cooling intake and available health-check history.",300,3000,DG general UK buying-check framework,,general inspection risk — NOT a model-specific known fault,General
Dacia,Sandero,2005,2026,,automatic|auto|dsg|cvt|powershift|s-tronic,,Automatic transmission shift quality and service history,Medium,50000,,General used-car buying-check trigger; not evidence this model has a specific known defect.,"Any gearbox oil/service, clutch, mechatronic, valve-body or transmission repairs?","Road-test cold/hot for judder, flare, delayed engagement and harsh shifts.",350,3000,DG general UK buying-check framework,,general inspection risk — NOT a model-specific known fault,General
Dacia,Sandero,2005,2026,,manual,,Clutch and dual-mass flywheel condition where fitted,Medium,50000,,General used-car buying-check trigger; not evidence this model has a specific known defect.,Any clutch or dual-mass flywheel replacement?,"Check bite, slip under load, vibration/rattle and gear selection.",600,1800,DG general UK buying-check framework,,general inspection risk — NOT a model-specific known fault,General
Dacia,Duster,2005,2026,,,,"Cooling system, coolant-loss and overheating history",Medium,50000,,General used-car buying-check trigger; not evidence this model has a specific known defect.,"Any coolant loss, overheating, water-pump, thermostat or radiator work?",Pressure-check cooling system; inspect coolant level/condition and temperature stability.,200,1200,DG general UK buying-check framework,,general inspection risk — NOT a model-specific known fault,General
Dacia,Duster,2005,2026,,,,"Suspension, steering and wheel-bearing wear",Medium,50000,,General used-car buying-check trigger; not evidence this model has a specific known defect.,"Any recent arms, bushes, springs, dampers, steering or wheel-bearing work?",Road-test for knocks/play; inspect tyre wear and suspension condition.,200,1200,DG general UK buying-check framework,,general inspection risk — NOT a model-specific known fault,General
Dacia,Duster,2005,2026,,,,"Electrical, battery, charging and infotainment faults",Medium,40000,,General used-car buying-check trigger; not evidence this model has a specific known defect.,"Any battery drain, charging, warning-light, screen, camera or electrical faults?",Scan modules; test every electrical function and battery/charging health.,120,1500,DG general UK buying-check framework,,general inspection risk — NOT a model-specific known fault,General
Dacia,Duster,2005,2026,Diesel,,,Diesel emissions system: DPF/EGR/NOx/AdBlue condition,Medium,50000,,General used-car buying-check trigger; not evidence this model has a specific known defect.,"Any DPF, EGR, NOx, AdBlue, forced-regeneration or emissions repairs?","Scan for emissions faults; check smoke, warning history and regeneration behaviour.",300,1800,DG general UK buying-check framework,,general inspection risk — NOT a model-specific known fault,General
Dacia,Duster,2005,2026,Diesel,,,"Turbo, boost, injector and intake condition",Medium,60000,,General used-car buying-check trigger; not evidence this model has a specific known defect.,"Any turbo, injector, intercooler, boost-hose or intake repairs?","Check cold start, smoke, boost delivery, whistle and stored boost/fuelling faults.",300,2200,DG general UK buying-check framework,,general inspection risk — NOT a model-specific known fault,General
Dacia,Duster,2005,2026,Petrol,,,"Ignition, oil-consumption and timing-system history",Medium,50000,,General used-car buying-check trigger; not evidence this model has a specific known defect.,"Any timing-chain/belt, coil, plug, oil-consumption or low-oil-pressure work?","Cold-start listen; check oil level/history, misfires and service invoices.",150,1800,DG general UK buying-check framework,,general inspection risk — NOT a model-specific known fault,General
Dacia,Duster,2005,2026,Hybrid,,,"Hybrid battery, cooling and high-voltage warning history",Medium,70000,,General used-car buying-check trigger; not evidence this model has a specific known defect.,"Any hybrid battery, inverter or high-voltage repairs/health checks?","Check hybrid warnings, battery cooling intake and available health-check history.",300,3000,DG general UK buying-check framework,,general inspection risk — NOT a model-specific known fault,General
Dacia,Duster,2005,2026,,automatic|auto|dsg|cvt|powershift|s-tronic,,Automatic transmission shift quality and service history,Medium,50000,,General used-car buying-check trigger; not evidence this model has a specific known defect.,"Any gearbox oil/service, clutch, mechatronic, valve-body or transmission repairs?","Road-test cold/hot for judder, flare, delayed engagement and harsh shifts.",350,3000,DG general UK buying-check framework,,general inspection risk — NOT a model-specific known fault,General
Dacia,Duster,2005,2026,,manual,,Clutch and dual-mass flywheel condition where fitted,Medium,50000,,General used-car buying-check trigger; not evidence this model has a specific known defect.,Any clutch or dual-mass flywheel replacement?,"Check bite, slip under load, vibration/rattle and gear selection.",600,1800,DG general UK buying-check framework,,general inspection risk — NOT a model-specific known fault,General
Dacia,Logan,2005,2026,,,,"Cooling system, coolant-loss and overheating history",Medium,50000,,General used-car buying-check trigger; not evidence this model has a specific known defect.,"Any coolant loss, overheating, water-pump, thermostat or radiator work?",Pressure-check cooling system; inspect coolant level/condition and temperature stability.,200,1200,DG general UK buying-check framework,,general inspection risk — NOT a model-specific known fault,General
Dacia,Logan,2005,2026,,,,"Suspension, steering and wheel-bearing wear",Medium,50000,,General used-car buying-check trigger; not evidence this model has a specific known defect.,"Any recent arms, bushes, springs, dampers, steering or wheel-bearing work?",Road-test for knocks/play; inspect tyre wear and suspension condition.,200,1200,DG general UK buying-check framework,,general inspection risk — NOT a model-specific known fault,General
Dacia,Logan,2005,2026,,,,"Electrical, battery, charging and infotainment faults",Medium,40000,,General used-car buying-check trigger; not evidence this model has a specific known defect.,"Any battery drain, charging, warning-light, screen, camera or electrical faults?",Scan modules; test every electrical function and battery/charging health.,120,1500,DG general UK buying-check framework,,general inspection risk — NOT a model-specific known fault,General
Dacia,Logan,2005,2026,Diesel,,,Diesel emissions system: DPF/EGR/NOx/AdBlue condition,Medium,50000,,General used-car buying-check trigger; not evidence this model has a specific known defect.,"Any DPF, EGR, NOx, AdBlue, forced-regeneration or emissions repairs?","Scan for emissions faults; check smoke, warning history and regeneration behaviour.",300,1800,DG general UK buying-check framework,,general inspection risk — NOT a model-specific known fault,General
Dacia,Logan,2005,2026,Diesel,,,"Turbo, boost, injector and intake condition",Medium,60000,,General used-car buying-check trigger; not evidence this model has a specific known defect.,"Any turbo, injector, intercooler, boost-hose or intake repairs?","Check cold start, smoke, boost delivery, whistle and stored boost/fuelling faults.",300,2200,DG general UK buying-check framework,,general inspection risk — NOT a model-specific known fault,General
Dacia,Logan,2005,2026,Petrol,,,"Ignition, oil-consumption and timing-system history",Medium,50000,,General used-car buying-check trigger; not evidence this model has a specific known defect.,"Any timing-chain/belt, coil, plug, oil-consumption or low-oil-pressure work?","Cold-start listen; check oil level/history, misfires and service invoices.",150,1800,DG general UK buying-check framework,,general inspection risk — NOT a model-specific known fault,General
Dacia,Logan,2005,2026,Hybrid,,,"Hybrid battery, cooling and high-voltage warning history",Medium,70000,,General used-car buying-check trigger; not evidence this model has a specific known defect.,"Any hybrid battery, inverter or high-voltage repairs/health checks?","Check hybrid warnings, battery cooling intake and available health-check history.",300,3000,DG general UK buying-check framework,,general inspection risk — NOT a model-specific known fault,General
Dacia,Logan,2005,2026,,automatic|auto|dsg|cvt|powershift|s-tronic,,Automatic transmission shift quality and service history,Medium,50000,,General used-car buying-check trigger; not evidence this model has a specific known defect.,"Any gearbox oil/service, clutch, mechatronic, valve-body or transmission repairs?","Road-test cold/hot for judder, flare, delayed engagement and harsh shifts.",350,3000,DG general UK buying-check framework,,general inspection risk — NOT a model-specific known fault,General
Dacia,Logan,2005,2026,,manual,,Clutch and dual-mass flywheel condition where fitted,Medium,50000,,General used-car buying-check trigger; not evidence this model has a specific known defect.,Any clutch or dual-mass flywheel replacement?,"Check bite, slip under load, vibration/rattle and gear selection.",600,1800,DG general UK buying-check framework,,general inspection risk — NOT a model-specific known fault,General
Lexus,CT,2005,2026,,,,"Cooling system, coolant-loss and overheating history",Medium,50000,,General used-car buying-check trigger; not evidence this model has a specific known defect.,"Any coolant loss, overheating, water-pump, thermostat or radiator work?",Pressure-check cooling system; inspect coolant level/condition and temperature stability.,200,1200,DG general UK buying-check framework,,general inspection risk — NOT a model-specific known fault,General
Lexus,CT,2005,2026,,,,"Suspension, steering and wheel-bearing wear",Medium,50000,,General used-car buying-check trigger; not evidence this model has a specific known defect.,"Any recent arms, bushes, springs, dampers, steering or wheel-bearing work?",Road-test for knocks/play; inspect tyre wear and suspension condition.,200,1200,DG general UK buying-check framework,,general inspection risk — NOT a model-specific known fault,General
Lexus,CT,2005,2026,,,,"Electrical, battery, charging and infotainment faults",Medium,40000,,General used-car buying-check trigger; not evidence this model has a specific known defect.,"Any battery drain, charging, warning-light, screen, camera or electrical faults?",Scan modules; test every electrical function and battery/charging health.,120,1500,DG general UK buying-check framework,,general inspection risk — NOT a model-specific known fault,General
Lexus,CT,2005,2026,Diesel,,,Diesel emissions system: DPF/EGR/NOx/AdBlue condition,Medium,50000,,General used-car buying-check trigger; not evidence this model has a specific known defect.,"Any DPF, EGR, NOx, AdBlue, forced-regeneration or emissions repairs?","Scan for emissions faults; check smoke, warning history and regeneration behaviour.",300,1800,DG general UK buying-check framework,,general inspection risk — NOT a model-specific known fault,General
Lexus,CT,2005,2026,Diesel,,,"Turbo, boost, injector and intake condition",Medium,60000,,General used-car buying-check trigger; not evidence this model has a specific known defect.,"Any turbo, injector, intercooler, boost-hose or intake repairs?","Check cold start, smoke, boost delivery, whistle and stored boost/fuelling faults.",300,2200,DG general UK buying-check framework,,general inspection risk — NOT a model-specific known fault,General
Lexus,CT,2005,2026,Petrol,,,"Ignition, oil-consumption and timing-system history",Medium,50000,,General used-car buying-check trigger; not evidence this model has a specific known defect.,"Any timing-chain/belt, coil, plug, oil-consumption or low-oil-pressure work?","Cold-start listen; check oil level/history, misfires and service invoices.",150,1800,DG general UK buying-check framework,,general inspection risk — NOT a model-specific known fault,General
Lexus,CT,2005,2026,Hybrid,,,"Hybrid battery, cooling and high-voltage warning history",Medium,70000,,General used-car buying-check trigger; not evidence this model has a specific known defect.,"Any hybrid battery, inverter or high-voltage repairs/health checks?","Check hybrid warnings, battery cooling intake and available health-check history.",300,3000,DG general UK buying-check framework,,general inspection risk — NOT a model-specific known fault,General
Lexus,CT,2005,2026,,automatic|auto|dsg|cvt|powershift|s-tronic,,Automatic transmission shift quality and service history,Medium,50000,,General used-car buying-check trigger; not evidence this model has a specific known defect.,"Any gearbox oil/service, clutch, mechatronic, valve-body or transmission repairs?","Road-test cold/hot for judder, flare, delayed engagement and harsh shifts.",350,3000,DG general UK buying-check framework,,general inspection risk — NOT a model-specific known fault,General
Lexus,CT,2005,2026,,manual,,Clutch and dual-mass flywheel condition where fitted,Medium,50000,,General used-car buying-check trigger; not evidence this model has a specific known defect.,Any clutch or dual-mass flywheel replacement?,"Check bite, slip under load, vibration/rattle and gear selection.",600,1800,DG general UK buying-check framework,,general inspection risk — NOT a model-specific known fault,General
Lexus,IS,2005,2026,,,,"Cooling system, coolant-loss and overheating history",Medium,50000,,General used-car buying-check trigger; not evidence this model has a specific known defect.,"Any coolant loss, overheating, water-pump, thermostat or radiator work?",Pressure-check cooling system; inspect coolant level/condition and temperature stability.,200,1200,DG general UK buying-check framework,,general inspection risk — NOT a model-specific known fault,General
Lexus,IS,2005,2026,,,,"Suspension, steering and wheel-bearing wear",Medium,50000,,General used-car buying-check trigger; not evidence this model has a specific known defect.,"Any recent arms, bushes, springs, dampers, steering or wheel-bearing work?",Road-test for knocks/play; inspect tyre wear and suspension condition.,200,1200,DG general UK buying-check framework,,general inspection risk — NOT a model-specific known fault,General
Lexus,IS,2005,2026,,,,"Electrical, battery, charging and infotainment faults",Medium,40000,,General used-car buying-check trigger; not evidence this model has a specific known defect.,"Any battery drain, charging, warning-light, screen, camera or electrical faults?",Scan modules; test every electrical function and battery/charging health.,120,1500,DG general UK buying-check framework,,general inspection risk — NOT a model-specific known fault,General
Lexus,IS,2005,2026,Diesel,,,Diesel emissions system: DPF/EGR/NOx/AdBlue condition,Medium,50000,,General used-car buying-check trigger; not evidence this model has a specific known defect.,"Any DPF, EGR, NOx, AdBlue, forced-regeneration or emissions repairs?","Scan for emissions faults; check smoke, warning history and regeneration behaviour.",300,1800,DG general UK buying-check framework,,general inspection risk — NOT a model-specific known fault,General
Lexus,IS,2005,2026,Diesel,,,"Turbo, boost, injector and intake condition",Medium,60000,,General used-car buying-check trigger; not evidence this model has a specific known defect.,"Any turbo, injector, intercooler, boost-hose or intake repairs?","Check cold start, smoke, boost delivery, whistle and stored boost/fuelling faults.",300,2200,DG general UK buying-check framework,,general inspection risk — NOT a model-specific known fault,General
Lexus,IS,2005,2026,Petrol,,,"Ignition, oil-consumption and timing-system history",Medium,50000,,General used-car buying-check trigger; not evidence this model has a specific known defect.,"Any timing-chain/belt, coil, plug, oil-consumption or low-oil-pressure work?","Cold-start listen; check oil level/history, misfires and service invoices.",150,1800,DG general UK buying-check framework,,general inspection risk — NOT a model-specific known fault,General
Lexus,IS,2005,2026,Hybrid,,,"Hybrid battery, cooling and high-voltage warning history",Medium,70000,,General used-car buying-check trigger; not evidence this model has a specific known defect.,"Any hybrid battery, inverter or high-voltage repairs/health checks?","Check hybrid warnings, battery cooling intake and available health-check history.",300,3000,DG general UK buying-check framework,,general inspection risk — NOT a model-specific known fault,General
Lexus,IS,2005,2026,,automatic|auto|dsg|cvt|powershift|s-tronic,,Automatic transmission shift quality and service history,Medium,50000,,General used-car buying-check trigger; not evidence this model has a specific known defect.,"Any gearbox oil/service, clutch, mechatronic, valve-body or transmission repairs?","Road-test cold/hot for judder, flare, delayed engagement and harsh shifts.",350,3000,DG general UK buying-check framework,,general inspection risk — NOT a model-specific known fault,General
Lexus,IS,2005,2026,,manual,,Clutch and dual-mass flywheel condition where fitted,Medium,50000,,General used-car buying-check trigger; not evidence this model has a specific known defect.,Any clutch or dual-mass flywheel replacement?,"Check bite, slip under load, vibration/rattle and gear selection.",600,1800,DG general UK buying-check framework,,general inspection risk — NOT a model-specific known fault,General
Lexus,NX,2005,2026,,,,"Cooling system, coolant-loss and overheating history",Medium,50000,,General used-car buying-check trigger; not evidence this model has a specific known defect.,"Any coolant loss, overheating, water-pump, thermostat or radiator work?",Pressure-check cooling system; inspect coolant level/condition and temperature stability.,200,1200,DG general UK buying-check framework,,general inspection risk — NOT a model-specific known fault,General
Lexus,NX,2005,2026,,,,"Suspension, steering and wheel-bearing wear",Medium,50000,,General used-car buying-check trigger; not evidence this model has a specific known defect.,"Any recent arms, bushes, springs, dampers, steering or wheel-bearing work?",Road-test for knocks/play; inspect tyre wear and suspension condition.,200,1200,DG general UK buying-check framework,,general inspection risk — NOT a model-specific known fault,General
Lexus,NX,2005,2026,,,,"Electrical, battery, charging and infotainment faults",Medium,40000,,General used-car buying-check trigger; not evidence this model has a specific known defect.,"Any battery drain, charging, warning-light, screen, camera or electrical faults?",Scan modules; test every electrical function and battery/charging health.,120,1500,DG general UK buying-check framework,,general inspection risk — NOT a model-specific known fault,General
Lexus,NX,2005,2026,Diesel,,,Diesel emissions system: DPF/EGR/NOx/AdBlue condition,Medium,50000,,General used-car buying-check trigger; not evidence this model has a specific known defect.,"Any DPF, EGR, NOx, AdBlue, forced-regeneration or emissions repairs?","Scan for emissions faults; check smoke, warning history and regeneration behaviour.",300,1800,DG general UK buying-check framework,,general inspection risk — NOT a model-specific known fault,General
Lexus,NX,2005,2026,Diesel,,,"Turbo, boost, injector and intake condition",Medium,60000,,General used-car buying-check trigger; not evidence this model has a specific known defect.,"Any turbo, injector, intercooler, boost-hose or intake repairs?","Check cold start, smoke, boost delivery, whistle and stored boost/fuelling faults.",300,2200,DG general UK buying-check framework,,general inspection risk — NOT a model-specific known fault,General
Lexus,NX,2005,2026,Petrol,,,"Ignition, oil-consumption and timing-system history",Medium,50000,,General used-car buying-check trigger; not evidence this model has a specific known defect.,"Any timing-chain/belt, coil, plug, oil-consumption or low-oil-pressure work?","Cold-start listen; check oil level/history, misfires and service invoices.",150,1800,DG general UK buying-check framework,,general inspection risk — NOT a model-specific known fault,General
Lexus,NX,2005,2026,Hybrid,,,"Hybrid battery, cooling and high-voltage warning history",Medium,70000,,General used-car buying-check trigger; not evidence this model has a specific known defect.,"Any hybrid battery, inverter or high-voltage repairs/health checks?","Check hybrid warnings, battery cooling intake and available health-check history.",300,3000,DG general UK buying-check framework,,general inspection risk — NOT a model-specific known fault,General
Lexus,NX,2005,2026,,automatic|auto|dsg|cvt|powershift|s-tronic,,Automatic transmission shift quality and service history,Medium,50000,,General used-car buying-check trigger; not evidence this model has a specific known defect.,"Any gearbox oil/service, clutch, mechatronic, valve-body or transmission repairs?","Road-test cold/hot for judder, flare, delayed engagement and harsh shifts.",350,3000,DG general UK buying-check framework,,general inspection risk — NOT a model-specific known fault,General
Lexus,NX,2005,2026,,manual,,Clutch and dual-mass flywheel condition where fitted,Medium,50000,,General used-car buying-check trigger; not evidence this model has a specific known defect.,Any clutch or dual-mass flywheel replacement?,"Check bite, slip under load, vibration/rattle and gear selection.",600,1800,DG general UK buying-check framework,,general inspection risk — NOT a model-specific known fault,General
Lexus,RX,2005,2026,,,,"Cooling system, coolant-loss and overheating history",Medium,50000,,General used-car buying-check trigger; not evidence this model has a specific known defect.,"Any coolant loss, overheating, water-pump, thermostat or radiator work?",Pressure-check cooling system; inspect coolant level/condition and temperature stability.,200,1200,DG general UK buying-check framework,,general inspection risk — NOT a model-specific known fault,General
Lexus,RX,2005,2026,,,,"Suspension, steering and wheel-bearing wear",Medium,50000,,General used-car buying-check trigger; not evidence this model has a specific known defect.,"Any recent arms, bushes, springs, dampers, steering or wheel-bearing work?",Road-test for knocks/play; inspect tyre wear and suspension condition.,200,1200,DG general UK buying-check framework,,general inspection risk — NOT a model-specific known fault,General
Lexus,RX,2005,2026,,,,"Electrical, battery, charging and infotainment faults",Medium,40000,,General used-car buying-check trigger; not evidence this model has a specific known defect.,"Any battery drain, charging, warning-light, screen, camera or electrical faults?",Scan modules; test every electrical function and battery/charging health.,120,1500,DG general UK buying-check framework,,general inspection risk — NOT a model-specific known fault,General
Lexus,RX,2005,2026,Diesel,,,Diesel emissions system: DPF/EGR/NOx/AdBlue condition,Medium,50000,,General used-car buying-check trigger; not evidence this model has a specific known defect.,"Any DPF, EGR, NOx, AdBlue, forced-regeneration or emissions repairs?","Scan for emissions faults; check smoke, warning history and regeneration behaviour.",300,1800,DG general UK buying-check framework,,general inspection risk — NOT a model-specific known fault,General
Lexus,RX,2005,2026,Diesel,,,"Turbo, boost, injector and intake condition",Medium,60000,,General used-car buying-check trigger; not evidence this model has a specific known defect.,"Any turbo, injector, intercooler, boost-hose or intake repairs?","Check cold start, smoke, boost delivery, whistle and stored boost/fuelling faults.",300,2200,DG general UK buying-check framework,,general inspection risk — NOT a model-specific known fault,General
Lexus,RX,2005,2026,Petrol,,,"Ignition, oil-consumption and timing-system history",Medium,50000,,General used-car buying-check trigger; not evidence this model has a specific known defect.,"Any timing-chain/belt, coil, plug, oil-consumption or low-oil-pressure work?","Cold-start listen; check oil level/history, misfires and service invoices.",150,1800,DG general UK buying-check framework,,general inspection risk — NOT a model-specific known fault,General
Lexus,RX,2005,2026,Hybrid,,,"Hybrid battery, cooling and high-voltage warning history",Medium,70000,,General used-car buying-check trigger; not evidence this model has a specific known defect.,"Any hybrid battery, inverter or high-voltage repairs/health checks?","Check hybrid warnings, battery cooling intake and available health-check history.",300,3000,DG general UK buying-check framework,,general inspection risk — NOT a model-specific known fault,General
Lexus,RX,2005,2026,,automatic|auto|dsg|cvt|powershift|s-tronic,,Automatic transmission shift quality and service history,Medium,50000,,General used-car buying-check trigger; not evidence this model has a specific known defect.,"Any gearbox oil/service, clutch, mechatronic, valve-body or transmission repairs?","Road-test cold/hot for judder, flare, delayed engagement and harsh shifts.",350,3000,DG general UK buying-check framework,,general inspection risk — NOT a model-specific known fault,General
Lexus,RX,2005,2026,,manual,,Clutch and dual-mass flywheel condition where fitted,Medium,50000,,General used-car buying-check trigger; not evidence this model has a specific known defect.,Any clutch or dual-mass flywheel replacement?,"Check bite, slip under load, vibration/rattle and gear selection.",600,1800,DG general UK buying-check framework,,general inspection risk — NOT a model-specific known fault,General
Jaguar,XE,2005,2026,,,,"Cooling system, coolant-loss and overheating history",Medium,50000,,General used-car buying-check trigger; not evidence this model has a specific known defect.,"Any coolant loss, overheating, water-pump, thermostat or radiator work?",Pressure-check cooling system; inspect coolant level/condition and temperature stability.,200,1200,DG general UK buying-check framework,,general inspection risk — NOT a model-specific known fault,General
Jaguar,XE,2005,2026,,,,"Suspension, steering and wheel-bearing wear",Medium,50000,,General used-car buying-check trigger; not evidence this model has a specific known defect.,"Any recent arms, bushes, springs, dampers, steering or wheel-bearing work?",Road-test for knocks/play; inspect tyre wear and suspension condition.,200,1200,DG general UK buying-check framework,,general inspection risk — NOT a model-specific known fault,General
Jaguar,XE,2005,2026,,,,"Electrical, battery, charging and infotainment faults",Medium,40000,,General used-car buying-check trigger; not evidence this model has a specific known defect.,"Any battery drain, charging, warning-light, screen, camera or electrical faults?",Scan modules; test every electrical function and battery/charging health.,120,1500,DG general UK buying-check framework,,general inspection risk — NOT a model-specific known fault,General
Jaguar,XE,2005,2026,Diesel,,,Diesel emissions system: DPF/EGR/NOx/AdBlue condition,Medium,50000,,General used-car buying-check trigger; not evidence this model has a specific known defect.,"Any DPF, EGR, NOx, AdBlue, forced-regeneration or emissions repairs?","Scan for emissions faults; check smoke, warning history and regeneration behaviour.",300,1800,DG general UK buying-check framework,,general inspection risk — NOT a model-specific known fault,General
Jaguar,XE,2005,2026,Diesel,,,"Turbo, boost, injector and intake condition",Medium,60000,,General used-car buying-check trigger; not evidence this model has a specific known defect.,"Any turbo, injector, intercooler, boost-hose or intake repairs?","Check cold start, smoke, boost delivery, whistle and stored boost/fuelling faults.",300,2200,DG general UK buying-check framework,,general inspection risk — NOT a model-specific known fault,General
Jaguar,XE,2005,2026,Petrol,,,"Ignition, oil-consumption and timing-system history",Medium,50000,,General used-car buying-check trigger; not evidence this model has a specific known defect.,"Any timing-chain/belt, coil, plug, oil-consumption or low-oil-pressure work?","Cold-start listen; check oil level/history, misfires and service invoices.",150,1800,DG general UK buying-check framework,,general inspection risk — NOT a model-specific known fault,General
Jaguar,XE,2005,2026,Hybrid,,,"Hybrid battery, cooling and high-voltage warning history",Medium,70000,,General used-car buying-check trigger; not evidence this model has a specific known defect.,"Any hybrid battery, inverter or high-voltage repairs/health checks?","Check hybrid warnings, battery cooling intake and available health-check history.",300,3000,DG general UK buying-check framework,,general inspection risk — NOT a model-specific known fault,General
Jaguar,XE,2005,2026,,automatic|auto|dsg|cvt|powershift|s-tronic,,Automatic transmission shift quality and service history,Medium,50000,,General used-car buying-check trigger; not evidence this model has a specific known defect.,"Any gearbox oil/service, clutch, mechatronic, valve-body or transmission repairs?","Road-test cold/hot for judder, flare, delayed engagement and harsh shifts.",350,3000,DG general UK buying-check framework,,general inspection risk — NOT a model-specific known fault,General
Jaguar,XE,2005,2026,,manual,,Clutch and dual-mass flywheel condition where fitted,Medium,50000,,General used-car buying-check trigger; not evidence this model has a specific known defect.,Any clutch or dual-mass flywheel replacement?,"Check bite, slip under load, vibration/rattle and gear selection.",600,1800,DG general UK buying-check framework,,general inspection risk — NOT a model-specific known fault,General
Jaguar,XF,2005,2026,,,,"Cooling system, coolant-loss and overheating history",Medium,50000,,General used-car buying-check trigger; not evidence this model has a specific known defect.,"Any coolant loss, overheating, water-pump, thermostat or radiator work?",Pressure-check cooling system; inspect coolant level/condition and temperature stability.,200,1200,DG general UK buying-check framework,,general inspection risk — NOT a model-specific known fault,General
Jaguar,XF,2005,2026,,,,"Suspension, steering and wheel-bearing wear",Medium,50000,,General used-car buying-check trigger; not evidence this model has a specific known defect.,"Any recent arms, bushes, springs, dampers, steering or wheel-bearing work?",Road-test for knocks/play; inspect tyre wear and suspension condition.,200,1200,DG general UK buying-check framework,,general inspection risk — NOT a model-specific known fault,General
Jaguar,XF,2005,2026,,,,"Electrical, battery, charging and infotainment faults",Medium,40000,,General used-car buying-check trigger; not evidence this model has a specific known defect.,"Any battery drain, charging, warning-light, screen, camera or electrical faults?",Scan modules; test every electrical function and battery/charging health.,120,1500,DG general UK buying-check framework,,general inspection risk — NOT a model-specific known fault,General
Jaguar,XF,2005,2026,Diesel,,,Diesel emissions system: DPF/EGR/NOx/AdBlue condition,Medium,50000,,General used-car buying-check trigger; not evidence this model has a specific known defect.,"Any DPF, EGR, NOx, AdBlue, forced-regeneration or emissions repairs?","Scan for emissions faults; check smoke, warning history and regeneration behaviour.",300,1800,DG general UK buying-check framework,,general inspection risk — NOT a model-specific known fault,General
Jaguar,XF,2005,2026,Diesel,,,"Turbo, boost, injector and intake condition",Medium,60000,,General used-car buying-check trigger; not evidence this model has a specific known defect.,"Any turbo, injector, intercooler, boost-hose or intake repairs?","Check cold start, smoke, boost delivery, whistle and stored boost/fuelling faults.",300,2200,DG general UK buying-check framework,,general inspection risk — NOT a model-specific known fault,General
Jaguar,XF,2005,2026,Petrol,,,"Ignition, oil-consumption and timing-system history",Medium,50000,,General used-car buying-check trigger; not evidence this model has a specific known defect.,"Any timing-chain/belt, coil, plug, oil-consumption or low-oil-pressure work?","Cold-start listen; check oil level/history, misfires and service invoices.",150,1800,DG general UK buying-check framework,,general inspection risk — NOT a model-specific known fault,General
Jaguar,XF,2005,2026,Hybrid,,,"Hybrid battery, cooling and high-voltage warning history",Medium,70000,,General used-car buying-check trigger; not evidence this model has a specific known defect.,"Any hybrid battery, inverter or high-voltage repairs/health checks?","Check hybrid warnings, battery cooling intake and available health-check history.",300,3000,DG general UK buying-check framework,,general inspection risk — NOT a model-specific known fault,General
Jaguar,XF,2005,2026,,automatic|auto|dsg|cvt|powershift|s-tronic,,Automatic transmission shift quality and service history,Medium,50000,,General used-car buying-check trigger; not evidence this model has a specific known defect.,"Any gearbox oil/service, clutch, mechatronic, valve-body or transmission repairs?","Road-test cold/hot for judder, flare, delayed engagement and harsh shifts.",350,3000,DG general UK buying-check framework,,general inspection risk — NOT a model-specific known fault,General
Jaguar,XF,2005,2026,,manual,,Clutch and dual-mass flywheel condition where fitted,Medium,50000,,General used-car buying-check trigger; not evidence this model has a specific known defect.,Any clutch or dual-mass flywheel replacement?,"Check bite, slip under load, vibration/rattle and gear selection.",600,1800,DG general UK buying-check framework,,general inspection risk — NOT a model-specific known fault,General
Jaguar,E-Pace,2005,2026,,,,"Cooling system, coolant-loss and overheating history",Medium,50000,,General used-car buying-check trigger; not evidence this model has a specific known defect.,"Any coolant loss, overheating, water-pump, thermostat or radiator work?",Pressure-check cooling system; inspect coolant level/condition and temperature stability.,200,1200,DG general UK buying-check framework,,general inspection risk — NOT a model-specific known fault,General
Jaguar,E-Pace,2005,2026,,,,"Suspension, steering and wheel-bearing wear",Medium,50000,,General used-car buying-check trigger; not evidence this model has a specific known defect.,"Any recent arms, bushes, springs, dampers, steering or wheel-bearing work?",Road-test for knocks/play; inspect tyre wear and suspension condition.,200,1200,DG general UK buying-check framework,,general inspection risk — NOT a model-specific known fault,General
Jaguar,E-Pace,2005,2026,,,,"Electrical, battery, charging and infotainment faults",Medium,40000,,General used-car buying-check trigger; not evidence this model has a specific known defect.,"Any battery drain, charging, warning-light, screen, camera or electrical faults?",Scan modules; test every electrical function and battery/charging health.,120,1500,DG general UK buying-check framework,,general inspection risk — NOT a model-specific known fault,General
Jaguar,E-Pace,2005,2026,Diesel,,,Diesel emissions system: DPF/EGR/NOx/AdBlue condition,Medium,50000,,General used-car buying-check trigger; not evidence this model has a specific known defect.,"Any DPF, EGR, NOx, AdBlue, forced-regeneration or emissions repairs?","Scan for emissions faults; check smoke, warning history and regeneration behaviour.",300,1800,DG general UK buying-check framework,,general inspection risk — NOT a model-specific known fault,General
Jaguar,E-Pace,2005,2026,Diesel,,,"Turbo, boost, injector and intake condition",Medium,60000,,General used-car buying-check trigger; not evidence this model has a specific known defect.,"Any turbo, injector, intercooler, boost-hose or intake repairs?","Check cold start, smoke, boost delivery, whistle and stored boost/fuelling faults.",300,2200,DG general UK buying-check framework,,general inspection risk — NOT a model-specific known fault,General
Jaguar,E-Pace,2005,2026,Petrol,,,"Ignition, oil-consumption and timing-system history",Medium,50000,,General used-car buying-check trigger; not evidence this model has a specific known defect.,"Any timing-chain/belt, coil, plug, oil-consumption or low-oil-pressure work?","Cold-start listen; check oil level/history, misfires and service invoices.",150,1800,DG general UK buying-check framework,,general inspection risk — NOT a model-specific known fault,General
Jaguar,E-Pace,2005,2026,Hybrid,,,"Hybrid battery, cooling and high-voltage warning history",Medium,70000,,General used-car buying-check trigger; not evidence this model has a specific known defect.,"Any hybrid battery, inverter or high-voltage repairs/health checks?","Check hybrid warnings, battery cooling intake and available health-check history.",300,3000,DG general UK buying-check framework,,general inspection risk — NOT a model-specific known fault,General
Jaguar,E-Pace,2005,2026,,automatic|auto|dsg|cvt|powershift|s-tronic,,Automatic transmission shift quality and service history,Medium,50000,,General used-car buying-check trigger; not evidence this model has a specific known defect.,"Any gearbox oil/service, clutch, mechatronic, valve-body or transmission repairs?","Road-test cold/hot for judder, flare, delayed engagement and harsh shifts.",350,3000,DG general UK buying-check framework,,general inspection risk — NOT a model-specific known fault,General
Jaguar,E-Pace,2005,2026,,manual,,Clutch and dual-mass flywheel condition where fitted,Medium,50000,,General used-car buying-check trigger; not evidence this model has a specific known defect.,Any clutch or dual-mass flywheel replacement?,"Check bite, slip under load, vibration/rattle and gear selection.",600,1800,DG general UK buying-check framework,,general inspection risk — NOT a model-specific known fault,General
Jaguar,F-Pace,2005,2026,,,,"Cooling system, coolant-loss and overheating history",Medium,50000,,General used-car buying-check trigger; not evidence this model has a specific known defect.,"Any coolant loss, overheating, water-pump, thermostat or radiator work?",Pressure-check cooling system; inspect coolant level/condition and temperature stability.,200,1200,DG general UK buying-check framework,,general inspection risk — NOT a model-specific known fault,General
Jaguar,F-Pace,2005,2026,,,,"Suspension, steering and wheel-bearing wear",Medium,50000,,General used-car buying-check trigger; not evidence this model has a specific known defect.,"Any recent arms, bushes, springs, dampers, steering or wheel-bearing work?",Road-test for knocks/play; inspect tyre wear and suspension condition.,200,1200,DG general UK buying-check framework,,general inspection risk — NOT a model-specific known fault,General
Jaguar,F-Pace,2005,2026,,,,"Electrical, battery, charging and infotainment faults",Medium,40000,,General used-car buying-check trigger; not evidence this model has a specific known defect.,"Any battery drain, charging, warning-light, screen, camera or electrical faults?",Scan modules; test every electrical function and battery/charging health.,120,1500,DG general UK buying-check framework,,general inspection risk — NOT a model-specific known fault,General
Jaguar,F-Pace,2005,2026,Diesel,,,Diesel emissions system: DPF/EGR/NOx/AdBlue condition,Medium,50000,,General used-car buying-check trigger; not evidence this model has a specific known defect.,"Any DPF, EGR, NOx, AdBlue, forced-regeneration or emissions repairs?","Scan for emissions faults; check smoke, warning history and regeneration behaviour.",300,1800,DG general UK buying-check framework,,general inspection risk — NOT a model-specific known fault,General
Jaguar,F-Pace,2005,2026,Diesel,,,"Turbo, boost, injector and intake condition",Medium,60000,,General used-car buying-check trigger; not evidence this model has a specific known defect.,"Any turbo, injector, intercooler, boost-hose or intake repairs?","Check cold start, smoke, boost delivery, whistle and stored boost/fuelling faults.",300,2200,DG general UK buying-check framework,,general inspection risk — NOT a model-specific known fault,General
Jaguar,F-Pace,2005,2026,Petrol,,,"Ignition, oil-consumption and timing-system history",Medium,50000,,General used-car buying-check trigger; not evidence this model has a specific known defect.,"Any timing-chain/belt, coil, plug, oil-consumption or low-oil-pressure work?","Cold-start listen; check oil level/history, misfires and service invoices.",150,1800,DG general UK buying-check framework,,general inspection risk — NOT a model-specific known fault,General
Jaguar,F-Pace,2005,2026,Hybrid,,,"Hybrid battery, cooling and high-voltage warning history",Medium,70000,,General used-car buying-check trigger; not evidence this model has a specific known defect.,"Any hybrid battery, inverter or high-voltage repairs/health checks?","Check hybrid warnings, battery cooling intake and available health-check history.",300,3000,DG general UK buying-check framework,,general inspection risk — NOT a model-specific known fault,General
Jaguar,F-Pace,2005,2026,,automatic|auto|dsg|cvt|powershift|s-tronic,,Automatic transmission shift quality and service history,Medium,50000,,General used-car buying-check trigger; not evidence this model has a specific known defect.,"Any gearbox oil/service, clutch, mechatronic, valve-body or transmission repairs?","Road-test cold/hot for judder, flare, delayed engagement and harsh shifts.",350,3000,DG general UK buying-check framework,,general inspection risk — NOT a model-specific known fault,General
Jaguar,F-Pace,2005,2026,,manual,,Clutch and dual-mass flywheel condition where fitted,Medium,50000,,General used-car buying-check trigger; not evidence this model has a specific known defect.,Any clutch or dual-mass flywheel replacement?,"Check bite, slip under load, vibration/rattle and gear selection.",600,1800,DG general UK buying-check framework,,general inspection risk — NOT a model-specific known fault,General
Land Rover,Discovery Sport,2005,2026,,,,"Cooling system, coolant-loss and overheating history",Medium,50000,,General used-car buying-check trigger; not evidence this model has a specific known defect.,"Any coolant loss, overheating, water-pump, thermostat or radiator work?",Pressure-check cooling system; inspect coolant level/condition and temperature stability.,200,1200,DG general UK buying-check framework,,general inspection risk — NOT a model-specific known fault,General
Land Rover,Discovery Sport,2005,2026,,,,"Suspension, steering and wheel-bearing wear",Medium,50000,,General used-car buying-check trigger; not evidence this model has a specific known defect.,"Any recent arms, bushes, springs, dampers, steering or wheel-bearing work?",Road-test for knocks/play; inspect tyre wear and suspension condition.,200,1200,DG general UK buying-check framework,,general inspection risk — NOT a model-specific known fault,General
Land Rover,Discovery Sport,2005,2026,,,,"Electrical, battery, charging and infotainment faults",Medium,40000,,General used-car buying-check trigger; not evidence this model has a specific known defect.,"Any battery drain, charging, warning-light, screen, camera or electrical faults?",Scan modules; test every electrical function and battery/charging health.,120,1500,DG general UK buying-check framework,,general inspection risk — NOT a model-specific known fault,General
Land Rover,Discovery Sport,2005,2026,Diesel,,,Diesel emissions system: DPF/EGR/NOx/AdBlue condition,Medium,50000,,General used-car buying-check trigger; not evidence this model has a specific known defect.,"Any DPF, EGR, NOx, AdBlue, forced-regeneration or emissions repairs?","Scan for emissions faults; check smoke, warning history and regeneration behaviour.",300,1800,DG general UK buying-check framework,,general inspection risk — NOT a model-specific known fault,General
Land Rover,Discovery Sport,2005,2026,Diesel,,,"Turbo, boost, injector and intake condition",Medium,60000,,General used-car buying-check trigger; not evidence this model has a specific known defect.,"Any turbo, injector, intercooler, boost-hose or intake repairs?","Check cold start, smoke, boost delivery, whistle and stored boost/fuelling faults.",300,2200,DG general UK buying-check framework,,general inspection risk — NOT a model-specific known fault,General
Land Rover,Discovery Sport,2005,2026,Petrol,,,"Ignition, oil-consumption and timing-system history",Medium,50000,,General used-car buying-check trigger; not evidence this model has a specific known defect.,"Any timing-chain/belt, coil, plug, oil-consumption or low-oil-pressure work?","Cold-start listen; check oil level/history, misfires and service invoices.",150,1800,DG general UK buying-check framework,,general inspection risk — NOT a model-specific known fault,General
Land Rover,Discovery Sport,2005,2026,Hybrid,,,"Hybrid battery, cooling and high-voltage warning history",Medium,70000,,General used-car buying-check trigger; not evidence this model has a specific known defect.,"Any hybrid battery, inverter or high-voltage repairs/health checks?","Check hybrid warnings, battery cooling intake and available health-check history.",300,3000,DG general UK buying-check framework,,general inspection risk — NOT a model-specific known fault,General
Land Rover,Discovery Sport,2005,2026,,automatic|auto|dsg|cvt|powershift|s-tronic,,Automatic transmission shift quality and service history,Medium,50000,,General used-car buying-check trigger; not evidence this model has a specific known defect.,"Any gearbox oil/service, clutch, mechatronic, valve-body or transmission repairs?","Road-test cold/hot for judder, flare, delayed engagement and harsh shifts.",350,3000,DG general UK buying-check framework,,general inspection risk — NOT a model-specific known fault,General
Land Rover,Discovery Sport,2005,2026,,manual,,Clutch and dual-mass flywheel condition where fitted,Medium,50000,,General used-car buying-check trigger; not evidence this model has a specific known defect.,Any clutch or dual-mass flywheel replacement?,"Check bite, slip under load, vibration/rattle and gear selection.",600,1800,DG general UK buying-check framework,,general inspection risk — NOT a model-specific known fault,General
Land Rover,Discovery,2005,2026,,,,"Cooling system, coolant-loss and overheating history",Medium,50000,,General used-car buying-check trigger; not evidence this model has a specific known defect.,"Any coolant loss, overheating, water-pump, thermostat or radiator work?",Pressure-check cooling system; inspect coolant level/condition and temperature stability.,200,1200,DG general UK buying-check framework,,general inspection risk — NOT a model-specific known fault,General
Land Rover,Discovery,2005,2026,,,,"Suspension, steering and wheel-bearing wear",Medium,50000,,General used-car buying-check trigger; not evidence this model has a specific known defect.,"Any recent arms, bushes, springs, dampers, steering or wheel-bearing work?",Road-test for knocks/play; inspect tyre wear and suspension condition.,200,1200,DG general UK buying-check framework,,general inspection risk — NOT a model-specific known fault,General
Land Rover,Discovery,2005,2026,,,,"Electrical, battery, charging and infotainment faults",Medium,40000,,General used-car buying-check trigger; not evidence this model has a specific known defect.,"Any battery drain, charging, warning-light, screen, camera or electrical faults?",Scan modules; test every electrical function and battery/charging health.,120,1500,DG general UK buying-check framework,,general inspection risk — NOT a model-specific known fault,General
Land Rover,Discovery,2005,2026,Diesel,,,Diesel emissions system: DPF/EGR/NOx/AdBlue condition,Medium,50000,,General used-car buying-check trigger; not evidence this model has a specific known defect.,"Any DPF, EGR, NOx, AdBlue, forced-regeneration or emissions repairs?","Scan for emissions faults; check smoke, warning history and regeneration behaviour.",300,1800,DG general UK buying-check framework,,general inspection risk — NOT a model-specific known fault,General
Land Rover,Discovery,2005,2026,Diesel,,,"Turbo, boost, injector and intake condition",Medium,60000,,General used-car buying-check trigger; not evidence this model has a specific known defect.,"Any turbo, injector, intercooler, boost-hose or intake repairs?","Check cold start, smoke, boost delivery, whistle and stored boost/fuelling faults.",300,2200,DG general UK buying-check framework,,general inspection risk — NOT a model-specific known fault,General
Land Rover,Discovery,2005,2026,Petrol,,,"Ignition, oil-consumption and timing-system history",Medium,50000,,General used-car buying-check trigger; not evidence this model has a specific known defect.,"Any timing-chain/belt, coil, plug, oil-consumption or low-oil-pressure work?","Cold-start listen; check oil level/history, misfires and service invoices.",150,1800,DG general UK buying-check framework,,general inspection risk — NOT a model-specific known fault,General
Land Rover,Discovery,2005,2026,Hybrid,,,"Hybrid battery, cooling and high-voltage warning history",Medium,70000,,General used-car buying-check trigger; not evidence this model has a specific known defect.,"Any hybrid battery, inverter or high-voltage repairs/health checks?","Check hybrid warnings, battery cooling intake and available health-check history.",300,3000,DG general UK buying-check framework,,general inspection risk — NOT a model-specific known fault,General
Land Rover,Discovery,2005,2026,,automatic|auto|dsg|cvt|powershift|s-tronic,,Automatic transmission shift quality and service history,Medium,50000,,General used-car buying-check trigger; not evidence this model has a specific known defect.,"Any gearbox oil/service, clutch, mechatronic, valve-body or transmission repairs?","Road-test cold/hot for judder, flare, delayed engagement and harsh shifts.",350,3000,DG general UK buying-check framework,,general inspection risk — NOT a model-specific known fault,General
Land Rover,Discovery,2005,2026,,manual,,Clutch and dual-mass flywheel condition where fitted,Medium,50000,,General used-car buying-check trigger; not evidence this model has a specific known defect.,Any clutch or dual-mass flywheel replacement?,"Check bite, slip under load, vibration/rattle and gear selection.",600,1800,DG general UK buying-check framework,,general inspection risk — NOT a model-specific known fault,General
Land Rover,Range Rover Sport,2005,2026,,,,"Cooling system, coolant-loss and overheating history",Medium,50000,,General used-car buying-check trigger; not evidence this model has a specific known defect.,"Any coolant loss, overheating, water-pump, thermostat or radiator work?",Pressure-check cooling system; inspect coolant level/condition and temperature stability.,200,1200,DG general UK buying-check framework,,general inspection risk — NOT a model-specific known fault,General
Land Rover,Range Rover Sport,2005,2026,,,,"Suspension, steering and wheel-bearing wear",Medium,50000,,General used-car buying-check trigger; not evidence this model has a specific known defect.,"Any recent arms, bushes, springs, dampers, steering or wheel-bearing work?",Road-test for knocks/play; inspect tyre wear and suspension condition.,200,1200,DG general UK buying-check framework,,general inspection risk — NOT a model-specific known fault,General
Land Rover,Range Rover Sport,2005,2026,,,,"Electrical, battery, charging and infotainment faults",Medium,40000,,General used-car buying-check trigger; not evidence this model has a specific known defect.,"Any battery drain, charging, warning-light, screen, camera or electrical faults?",Scan modules; test every electrical function and battery/charging health.,120,1500,DG general UK buying-check framework,,general inspection risk — NOT a model-specific known fault,General
Land Rover,Range Rover Sport,2005,2026,Diesel,,,Diesel emissions system: DPF/EGR/NOx/AdBlue condition,Medium,50000,,General used-car buying-check trigger; not evidence this model has a specific known defect.,"Any DPF, EGR, NOx, AdBlue, forced-regeneration or emissions repairs?","Scan for emissions faults; check smoke, warning history and regeneration behaviour.",300,1800,DG general UK buying-check framework,,general inspection risk — NOT a model-specific known fault,General
Land Rover,Range Rover Sport,2005,2026,Diesel,,,"Turbo, boost, injector and intake condition",Medium,60000,,General used-car buying-check trigger; not evidence this model has a specific known defect.,"Any turbo, injector, intercooler, boost-hose or intake repairs?","Check cold start, smoke, boost delivery, whistle and stored boost/fuelling faults.",300,2200,DG general UK buying-check framework,,general inspection risk — NOT a model-specific known fault,General
Land Rover,Range Rover Sport,2005,2026,Petrol,,,"Ignition, oil-consumption and timing-system history",Medium,50000,,General used-car buying-check trigger; not evidence this model has a specific known defect.,"Any timing-chain/belt, coil, plug, oil-consumption or low-oil-pressure work?","Cold-start listen; check oil level/history, misfires and service invoices.",150,1800,DG general UK buying-check framework,,general inspection risk — NOT a model-specific known fault,General
Land Rover,Range Rover Sport,2005,2026,Hybrid,,,"Hybrid battery, cooling and high-voltage warning history",Medium,70000,,General used-car buying-check trigger; not evidence this model has a specific known defect.,"Any hybrid battery, inverter or high-voltage repairs/health checks?","Check hybrid warnings, battery cooling intake and available health-check history.",300,3000,DG general UK buying-check framework,,general inspection risk — NOT a model-specific known fault,General
Land Rover,Range Rover Sport,2005,2026,,automatic|auto|dsg|cvt|powershift|s-tronic,,Automatic transmission shift quality and service history,Medium,50000,,General used-car buying-check trigger; not evidence this model has a specific known defect.,"Any gearbox oil/service, clutch, mechatronic, valve-body or transmission repairs?","Road-test cold/hot for judder, flare, delayed engagement and harsh shifts.",350,3000,DG general UK buying-check framework,,general inspection risk — NOT a model-specific known fault,General
Land Rover,Range Rover Sport,2005,2026,,manual,,Clutch and dual-mass flywheel condition where fitted,Medium,50000,,General used-car buying-check trigger; not evidence this model has a specific known defect.,Any clutch or dual-mass flywheel replacement?,"Check bite, slip under load, vibration/rattle and gear selection.",600,1800,DG general UK buying-check framework,,general inspection risk — NOT a model-specific known fault,General
Land Rover,Range Rover Evoque,2005,2026,,,,"Cooling system, coolant-loss and overheating history",Medium,50000,,General used-car buying-check trigger; not evidence this model has a specific known defect.,"Any coolant loss, overheating, water-pump, thermostat or radiator work?",Pressure-check cooling system; inspect coolant level/condition and temperature stability.,200,1200,DG general UK buying-check framework,,general inspection risk — NOT a model-specific known fault,General
Land Rover,Range Rover Evoque,2005,2026,,,,"Suspension, steering and wheel-bearing wear",Medium,50000,,General used-car buying-check trigger; not evidence this model has a specific known defect.,"Any recent arms, bushes, springs, dampers, steering or wheel-bearing work?",Road-test for knocks/play; inspect tyre wear and suspension condition.,200,1200,DG general UK buying-check framework,,general inspection risk — NOT a model-specific known fault,General
Land Rover,Range Rover Evoque,2005,2026,,,,"Electrical, battery, charging and infotainment faults",Medium,40000,,General used-car buying-check trigger; not evidence this model has a specific known defect.,"Any battery drain, charging, warning-light, screen, camera or electrical faults?",Scan modules; test every electrical function and battery/charging health.,120,1500,DG general UK buying-check framework,,general inspection risk — NOT a model-specific known fault,General
Land Rover,Range Rover Evoque,2005,2026,Diesel,,,Diesel emissions system: DPF/EGR/NOx/AdBlue condition,Medium,50000,,General used-car buying-check trigger; not evidence this model has a specific known defect.,"Any DPF, EGR, NOx, AdBlue, forced-regeneration or emissions repairs?","Scan for emissions faults; check smoke, warning history and regeneration behaviour.",300,1800,DG general UK buying-check framework,,general inspection risk — NOT a model-specific known fault,General
Land Rover,Range Rover Evoque,2005,2026,Diesel,,,"Turbo, boost, injector and intake condition",Medium,60000,,General used-car buying-check trigger; not evidence this model has a specific known defect.,"Any turbo, injector, intercooler, boost-hose or intake repairs?","Check cold start, smoke, boost delivery, whistle and stored boost/fuelling faults.",300,2200,DG general UK buying-check framework,,general inspection risk — NOT a model-specific known fault,General
Land Rover,Range Rover Evoque,2005,2026,Petrol,,,"Ignition, oil-consumption and timing-system history",Medium,50000,,General used-car buying-check trigger; not evidence this model has a specific known defect.,"Any timing-chain/belt, coil, plug, oil-consumption or low-oil-pressure work?","Cold-start listen; check oil level/history, misfires and service invoices.",150,1800,DG general UK buying-check framework,,general inspection risk — NOT a model-specific known fault,General
Land Rover,Range Rover Evoque,2005,2026,Hybrid,,,"Hybrid battery, cooling and high-voltage warning history",Medium,70000,,General used-car buying-check trigger; not evidence this model has a specific known defect.,"Any hybrid battery, inverter or high-voltage repairs/health checks?","Check hybrid warnings, battery cooling intake and available health-check history.",300,3000,DG general UK buying-check framework,,general inspection risk — NOT a model-specific known fault,General
Land Rover,Range Rover Evoque,2005,2026,,automatic|auto|dsg|cvt|powershift|s-tronic,,Automatic transmission shift quality and service history,Medium,50000,,General used-car buying-check trigger; not evidence this model has a specific known defect.,"Any gearbox oil/service, clutch, mechatronic, valve-body or transmission repairs?","Road-test cold/hot for judder, flare, delayed engagement and harsh shifts.",350,3000,DG general UK buying-check framework,,general inspection risk — NOT a model-specific known fault,General
Land Rover,Range Rover Evoque,2005,2026,,manual,,Clutch and dual-mass flywheel condition where fitted,Medium,50000,,General used-car buying-check trigger; not evidence this model has a specific known defect.,Any clutch or dual-mass flywheel replacement?,"Check bite, slip under load, vibration/rattle and gear selection.",600,1800,DG general UK buying-check framework,,general inspection risk — NOT a model-specific known fault,General
