make,model,year,spec,engine,fuel,gearbox,source,confidence
Abarth,124 Spider,,,,,,DG UK seed catalogue,broad
Abarth,500,,,,,,DG UK seed catalogue,broad
Abarth,595,,,,,,DG UK seed catalogue,broad
Abarth,695,,,,,,DG UK seed catalogue,broad
Alfa Romeo,Giulia,,,,,,DG UK seed catalogue,broad
Alfa Romeo,Giulietta,,,,,,DG UK seed catalogue,broad
Alfa Romeo,MiTo,,,,,,DG UK seed catalogue,broad
Alfa Romeo,Stelvio,,,,,,DG UK seed catalogue,broad
Alfa Romeo,Tonale,,,,,,DG UK seed catalogue,broad
Audi,A1,,,,,,DG UK seed catalogue,broad
Audi,A3,,,,,,DG UK seed catalogue,broad
Audi,A4,,,,,,DG UK seed catalogue,broad
Audi,A5,,,,,,DG UK seed catalogue,broad
Audi,A6,,,,,,DG UK seed catalogue,broad
Audi,A7,,,,,,DG UK seed catalogue,broad
Audi,A8,,,,,,DG UK seed catalogue,broad
Audi,Q2,,,,,,DG UK seed catalogue,broad
Audi,Q3,,,,,,DG UK seed catalogue,broad
Audi,Q5,,,,,,DG UK seed catalogue,broad
Audi,Q7,,,,,,DG UK seed catalogue,broad
Audi,Q8,,,,,,DG UK seed catalogue,broad
Audi,TT,,,,,,DG UK seed catalogue,broad
BMW,1 Series,,,,,,DG UK seed catalogue,broad
BMW,2 Series,,,,,,DG UK seed catalogue,broad
BMW,3 Series,,,,,,DG UK seed catalogue,broad
BMW,4 Series,,,,,,DG UK seed catalogue,broad
BMW,5 Series,,,,,,DG UK seed catalogue,broad
BMW,6 Series,,,,,,DG UK seed catalogue,broad
BMW,7 Series,,,,,,DG UK seed catalogue,broad
BMW,8 Series,,,,,,DG UK seed catalogue,broad
BMW,X1,,,,,,DG UK seed catalogue,broad
BMW,X2,,,,,,DG UK seed catalogue,broad
BMW,X3,,,,,,DG UK seed catalogue,broad
BMW,X4,,,,,,DG UK seed catalogue,broad
BMW,X5,,,,,,DG UK seed catalogue,broad
BMW,X6,,,,,,DG UK seed catalogue,broad
BMW,X7,,,,,,DG UK seed catalogue,broad
BMW,Z4,,,,,,DG UK seed catalogue,broad
BMW,i3,,,,,,DG UK seed catalogue,broad
BMW,i4,,,,,,DG UK seed catalogue,broad
BMW,iX,,,,,,DG UK seed catalogue,broad
Citroen,Berlingo,,,,,,DG UK seed catalogue,broad
Citroen,C1,,,,,,DG UK seed catalogue,broad
Citroen,C2,,,,,,DG UK seed catalogue,broad
Citroen,C3,,,,,,DG UK seed catalogue,broad
Citroen,C3 Aircross,,,,,,DG UK seed catalogue,broad
Citroen,C4,,,,,,DG UK seed catalogue,broad
Citroen,C4 Cactus,,,,,,DG UK seed catalogue,broad
Citroen,C5,,,,,,DG UK seed catalogue,broad
Citroen,C5 Aircross,,,,,,DG UK seed catalogue,broad
Citroen,DS3,,,,,,DG UK seed catalogue,broad
Cupra,Ateca,,,,,,DG UK seed catalogue,broad
Cupra,Born,,,,,,DG UK seed catalogue,broad
Cupra,Formentor,,,,,,DG UK seed catalogue,broad
Cupra,Leon,,,,,,DG UK seed catalogue,broad
Cupra,Tavascan,,,,,,DG UK seed catalogue,broad
Dacia,Duster,,,,,,DG UK seed catalogue,broad
Dacia,Jogger,,,,,,DG UK seed catalogue,broad
Dacia,Logan,,,,,,DG UK seed catalogue,broad
Dacia,Sandero,,,,,,DG UK seed catalogue,broad
Fiat,124 Spider,,,,,,DG UK seed catalogue,broad
Fiat,500,,,,,,DG UK seed catalogue,broad
Fiat,500L,,,,,,DG UK seed catalogue,broad
Fiat,500X,,,,,,DG UK seed catalogue,broad
Fiat,Bravo,,,,,,DG UK seed catalogue,broad
Fiat,Panda,,,,,,DG UK seed catalogue,broad
Fiat,Punto,,,,,,DG UK seed catalogue,broad
Fiat,Tipo,,,,,,DG UK seed catalogue,broad
Ford,B-Max,,,,,,DG UK seed catalogue,broad
Ford,C-Max,,,,,,DG UK seed catalogue,broad
Ford,EcoSport,,,,,,DG UK seed catalogue,broad
Ford,Edge,,,,,,DG UK seed catalogue,broad
Ford,Fiesta,,,,,,DG UK seed catalogue,broad
Ford,Focus,,,,,,DG UK seed catalogue,broad
Ford,Galaxy,,,,,,DG UK seed catalogue,broad
Ford,Grand C-Max,,,,,,DG UK seed catalogue,broad
Ford,Ka,,,,,,DG UK seed catalogue,broad
Ford,Ka+,,,,,,DG UK seed catalogue,broad
Ford,Kuga,,,,,,DG UK seed catalogue,broad
Ford,Mondeo,,,,,,DG UK seed catalogue,broad
Ford,Mustang,,,,,,DG UK seed catalogue,broad
Ford,Puma,,,,,,DG UK seed catalogue,broad
Ford,Ranger,,,,,,DG UK seed catalogue,broad
Ford,S-Max,,,,,,DG UK seed catalogue,broad
Ford,Tourneo Connect,,,,,,DG UK seed catalogue,broad
Ford,Transit Connect,,,,,,DG UK seed catalogue,broad
Honda,Accord,,,,,,DG UK seed catalogue,broad
Honda,Civic,,,,,,DG UK seed catalogue,broad
Honda,CR-V,,,,,,DG UK seed catalogue,broad
Honda,HR-V,,,,,,DG UK seed catalogue,broad
Honda,Jazz,,,,,,DG UK seed catalogue,broad
Hyundai,i10,,,,,,DG UK seed catalogue,broad
Hyundai,i20,,,,,,DG UK seed catalogue,broad
Hyundai,i30,,,,,,DG UK seed catalogue,broad
Hyundai,i40,,,,,,DG UK seed catalogue,broad
Hyundai,IONIQ,,,,,,DG UK seed catalogue,broad
Hyundai,IONIQ 5,,,,,,DG UK seed catalogue,broad
Hyundai,Kona,,,,,,DG UK seed catalogue,broad
Hyundai,Santa Fe,,,,,,DG UK seed catalogue,broad
Hyundai,Tucson,,,,,,DG UK seed catalogue,broad
Jaguar,E-Pace,,,,,,DG UK seed catalogue,broad
Jaguar,F-Pace,,,,,,DG UK seed catalogue,broad
Jaguar,F-Type,,,,,,DG UK seed catalogue,broad
Jaguar,I-Pace,,,,,,DG UK seed catalogue,broad
Jaguar,XE,,,,,,DG UK seed catalogue,broad
Jaguar,XF,,,,,,DG UK seed catalogue,broad
Jaguar,XJ,,,,,,DG UK seed catalogue,broad
Jaguar,XK,,,,,,DG UK seed catalogue,broad
Jeep,Avenger,,,,,,DG UK seed catalogue,broad
Jeep,Cherokee,,,,,,DG UK seed catalogue,broad
Jeep,Compass,,,,,,DG UK seed catalogue,broad
Jeep,Grand Cherokee,,,,,,DG UK seed catalogue,broad
Jeep,Renegade,,,,,,DG UK seed catalogue,broad
Jeep,Wrangler,,,,,,DG UK seed catalogue,broad
Kia,Ceed,,,,,,DG UK seed catalogue,broad
Kia,Niro,,,,,,DG UK seed catalogue,broad
Kia,Optima,,,,,,DG UK seed catalogue,broad
Kia,Picanto,,,,,,DG UK seed catalogue,broad
Kia,ProCeed,,,,,,DG UK seed catalogue,broad
Kia,Rio,,,,,,DG UK seed catalogue,broad
Kia,Sorento,,,,,,DG UK seed catalogue,broad
Kia,Soul,,,,,,DG UK seed catalogue,broad
Kia,Sportage,,,,,,DG UK seed catalogue,broad
Kia,Stinger,,,,,,DG UK seed catalogue,broad
Kia,Stonic,,,,,,DG UK seed catalogue,broad
Kia,XCeed,,,,,,DG UK seed catalogue,broad
Land Rover,Defender,,,,,,DG UK seed catalogue,broad
Land Rover,Discovery,,,,,,DG UK seed catalogue,broad
Land Rover,Discovery Sport,,,,,,DG UK seed catalogue,broad
Land Rover,Freelander,,,,,,DG UK seed catalogue,broad
Land Rover,Range Rover,,,,,,DG UK seed catalogue,broad
Land Rover,Range Rover Evoque,,,,,,DG UK seed catalogue,broad
Land Rover,Range Rover Sport,,,,,,DG UK seed catalogue,broad
Land Rover,Range Rover Velar,,,,,,DG UK seed catalogue,broad
Lexus,CT,,,,,,DG UK seed catalogue,broad
Lexus,ES,,,,,,DG UK seed catalogue,broad
Lexus,GS,,,,,,DG UK seed catalogue,broad
Lexus,IS,,,,,,DG UK seed catalogue,broad
Lexus,LC,,,,,,DG UK seed catalogue,broad
Lexus,LS,,,,,,DG UK seed catalogue,broad
Lexus,NX,,,,,,DG UK seed catalogue,broad
Lexus,RC,,,,,,DG UK seed catalogue,broad
Lexus,RX,,,,,,DG UK seed catalogue,broad
Lexus,UX,,,,,,DG UK seed catalogue,broad
Mazda,2,,,,,,DG UK seed catalogue,broad
Mazda,3,,,,,,DG UK seed catalogue,broad
Mazda,6,,,,,,DG UK seed catalogue,broad
Mazda,CX-3,,,,,,DG UK seed catalogue,broad
Mazda,CX-30,,,,,,DG UK seed catalogue,broad
Mazda,CX-5,,,,,,DG UK seed catalogue,broad
Mazda,MX-5,,,,,,DG UK seed catalogue,broad
Mercedes-Benz,A-Class,,,,,,DG UK seed catalogue,broad
Mercedes-Benz,B-Class,,,,,,DG UK seed catalogue,broad
Mercedes-Benz,C-Class,,,,,,DG UK seed catalogue,broad
Mercedes-Benz,CLA,,,,,,DG UK seed catalogue,broad
Mercedes-Benz,CLS,,,,,,DG UK seed catalogue,broad
Mercedes-Benz,E-Class,,,,,,DG UK seed catalogue,broad
Mercedes-Benz,GLA,,,,,,DG UK seed catalogue,broad
Mercedes-Benz,GLB,,,,,,DG UK seed catalogue,broad
Mercedes-Benz,GLC,,,,,,DG UK seed catalogue,broad
Mercedes-Benz,GLE,,,,,,DG UK seed catalogue,broad
Mercedes-Benz,GLS,,,,,,DG UK seed catalogue,broad
Mercedes-Benz,S-Class,,,,,,DG UK seed catalogue,broad
Mercedes-Benz,SL,,,,,,DG UK seed catalogue,broad
Mercedes-Benz,SLK,,,,,,DG UK seed catalogue,broad
MG,3,,,,,,DG UK seed catalogue,broad
MG,4,,,,,,DG UK seed catalogue,broad
MG,5,,,,,,DG UK seed catalogue,broad
MG,GS,,,,,,DG UK seed catalogue,broad
MG,HS,,,,,,DG UK seed catalogue,broad
MG,MG ZS,,,,,,DG UK seed catalogue,broad
MG,ZS EV,,,,,,DG UK seed catalogue,broad
MINI,Clubman,,,,,,DG UK seed catalogue,broad
MINI,Convertible,,,,,,DG UK seed catalogue,broad
MINI,Countryman,,,,,,DG UK seed catalogue,broad
MINI,Hatch,,,,,,DG UK seed catalogue,broad
Mitsubishi,ASX,,,,,,DG UK seed catalogue,broad
Mitsubishi,Eclipse Cross,,,,,,DG UK seed catalogue,broad
Mitsubishi,L200,,,,,,DG UK seed catalogue,broad
Mitsubishi,Mirage,,,,,,DG UK seed catalogue,broad
Mitsubishi,Outlander,,,,,,DG UK seed catalogue,broad
Mitsubishi,Shogun,,,,,,DG UK seed catalogue,broad
Nissan,Juke,,,,,,DG UK seed catalogue,broad
Nissan,Leaf,,,,,,DG UK seed catalogue,broad
Nissan,Micra,,,,,,DG UK seed catalogue,broad
Nissan,Note,,,,,,DG UK seed catalogue,broad
Nissan,Pathfinder,,,,,,DG UK seed catalogue,broad
Nissan,Pulsar,,,,,,DG UK seed catalogue,broad
Nissan,Qashqai,,,,,,DG UK seed catalogue,broad
Nissan,X-Trail,,,,,,DG UK seed catalogue,broad
Peugeot,107,,,,,,DG UK seed catalogue,broad
Peugeot,108,,,,,,DG UK seed catalogue,broad
Peugeot,2008,,,,,,DG UK seed catalogue,broad
Peugeot,207,,,,,,DG UK seed catalogue,broad
Peugeot,208,,,,,,DG UK seed catalogue,broad
Peugeot,3008,,,,,,DG UK seed catalogue,broad
Peugeot,308,,,,,,DG UK seed catalogue,broad
Peugeot,5008,,,,,,DG UK seed catalogue,broad
Peugeot,508,,,,,,DG UK seed catalogue,broad
Peugeot,RCZ,,,,,,DG UK seed catalogue,broad
Porsche,718 Boxster,,,,,,DG UK seed catalogue,broad
Porsche,718 Cayman,,,,,,DG UK seed catalogue,broad
Porsche,911,,,,,,DG UK seed catalogue,broad
Porsche,Cayenne,,,,,,DG UK seed catalogue,broad
Porsche,Macan,,,,,,DG UK seed catalogue,broad
Porsche,Panamera,,,,,,DG UK seed catalogue,broad
Porsche,Taycan,,,,,,DG UK seed catalogue,broad
Renault,Captur,,,,,,DG UK seed catalogue,broad
Renault,Clio,,,,,,DG UK seed catalogue,broad
Renault,Kadjar,,,,,,DG UK seed catalogue,broad
Renault,Koleos,,,,,,DG UK seed catalogue,broad
Renault,Megane,,,,,,DG UK seed catalogue,broad
Renault,Scenic,,,,,,DG UK seed catalogue,broad
Renault,Twingo,,,,,,DG UK seed catalogue,broad
Renault,Zoe,,,,,,DG UK seed catalogue,broad
SEAT,Alhambra,,,,,,DG UK seed catalogue,broad
SEAT,Arona,,,,,,DG UK seed catalogue,broad
SEAT,Ateca,,,,,,DG UK seed catalogue,broad
SEAT,Ibiza,,,,,,DG UK seed catalogue,broad
SEAT,Leon,,,,,,DG UK seed catalogue,broad
SEAT,Mii,,,,,,DG UK seed catalogue,broad
SEAT,Tarraco,,,,,,DG UK seed catalogue,broad
Skoda,Citigo,,,,,,DG UK seed catalogue,broad
Skoda,Fabia,,,,,,DG UK seed catalogue,broad
Skoda,Kamiq,,,,,,DG UK seed catalogue,broad
Skoda,Karoq,,,,,,DG UK seed catalogue,broad
Skoda,Kodiaq,,,,,,DG UK seed catalogue,broad
Skoda,Octavia,,,,,,DG UK seed catalogue,broad
Skoda,Rapid,,,,,,DG UK seed catalogue,broad
Skoda,Scala,,,,,,DG UK seed catalogue,broad
Skoda,Superb,,,,,,DG UK seed catalogue,broad
Skoda,Yeti,,,,,,DG UK seed catalogue,broad
Smart,ForFour,,,,,,DG UK seed catalogue,broad
Smart,ForTwo,,,,,,DG UK seed catalogue,broad
Subaru,BRZ,,,,,,DG UK seed catalogue,broad
Subaru,Forester,,,,,,DG UK seed catalogue,broad
Subaru,Impreza,,,,,,DG UK seed catalogue,broad
Subaru,Legacy,,,,,,DG UK seed catalogue,broad
Subaru,Outback,,,,,,DG UK seed catalogue,broad
Subaru,XV,,,,,,DG UK seed catalogue,broad
Suzuki,Alto,,,,,,DG UK seed catalogue,broad
Suzuki,Baleno,,,,,,DG UK seed catalogue,broad
Suzuki,Celerio,,,,,,DG UK seed catalogue,broad
Suzuki,Ignis,,,,,,DG UK seed catalogue,broad
Suzuki,Jimny,,,,,,DG UK seed catalogue,broad
Suzuki,S-Cross,,,,,,DG UK seed catalogue,broad
Suzuki,Swift,,,,,,DG UK seed catalogue,broad
Suzuki,Vitara,,,,,,DG UK seed catalogue,broad
Tesla,Model 3,,,,,,DG UK seed catalogue,broad
Tesla,Model S,,,,,,DG UK seed catalogue,broad
Tesla,Model X,,,,,,DG UK seed catalogue,broad
Tesla,Model Y,,,,,,DG UK seed catalogue,broad
Toyota,Auris,,,,,,DG UK seed catalogue,broad
Toyota,Aygo,,,,,,DG UK seed catalogue,broad
Toyota,C-HR,,,,,,DG UK seed catalogue,broad
Toyota,Corolla,,,,,,DG UK seed catalogue,broad
Toyota,GT86,,,,,,DG UK seed catalogue,broad
Toyota,Prius,,,,,,DG UK seed catalogue,broad
Toyota,RAV4,,,,,,DG UK seed catalogue,broad
Toyota,Supra,,,,,,DG UK seed catalogue,broad
Toyota,Yaris,,,,,,DG UK seed catalogue,broad
Toyota,Yaris Cross,,,,,,DG UK seed catalogue,broad
Vauxhall,Adam,,,,,,DG UK seed catalogue,broad
Vauxhall,Astra,,,,,,DG UK seed catalogue,broad
Vauxhall,Corsa,,,,,,DG UK seed catalogue,broad
Vauxhall,Crossland,,,,,,DG UK seed catalogue,broad
Vauxhall,Grandland,,,,,,DG UK seed catalogue,broad
Vauxhall,Insignia,,,,,,DG UK seed catalogue,broad
Vauxhall,Meriva,,,,,,DG UK seed catalogue,broad
Vauxhall,Mokka,,,,,,DG UK seed catalogue,broad
Vauxhall,Viva,,,,,,DG UK seed catalogue,broad
Vauxhall,Zafira,,,,,,DG UK seed catalogue,broad
Volkswagen,Arteon,,,,,,DG UK seed catalogue,broad
Volkswagen,Beetle,,,,,,DG UK seed catalogue,broad
Volkswagen,Caddy,,,,,,DG UK seed catalogue,broad
Volkswagen,Golf,,,,,,DG UK seed catalogue,broad
Volkswagen,ID.3,,,,,,DG UK seed catalogue,broad
Volkswagen,ID.4,,,,,,DG UK seed catalogue,broad
Volkswagen,Passat,,,,,,DG UK seed catalogue,broad
Volkswagen,Polo,,,,,,DG UK seed catalogue,broad
Volkswagen,Scirocco,,,,,,DG UK seed catalogue,broad
Volkswagen,Sharan,,,,,,DG UK seed catalogue,broad
Volkswagen,T-Cross,,,,,,DG UK seed catalogue,broad
Volkswagen,T-Roc,,,,,,DG UK seed catalogue,broad
Volkswagen,Tiguan,,,,,,DG UK seed catalogue,broad
Volkswagen,Touareg,,,,,,DG UK seed catalogue,broad
Volkswagen,Touran,,,,,,DG UK seed catalogue,broad
Volkswagen,Up,,,,,,DG UK seed catalogue,broad
Volvo,C30,,,,,,DG UK seed catalogue,broad
Volvo,C40,,,,,,DG UK seed catalogue,broad
Volvo,S40,,,,,,DG UK seed catalogue,broad
Volvo,S60,,,,,,DG UK seed catalogue,broad
Volvo,S80,,,,,,DG UK seed catalogue,broad
Volvo,S90,,,,,,DG UK seed catalogue,broad
Volvo,V40,,,,,,DG UK seed catalogue,broad
Volvo,V50,,,,,,DG UK seed catalogue,broad
Volvo,V60,,,,,,DG UK seed catalogue,broad
Volvo,V70,,,,,,DG UK seed catalogue,broad
Volvo,V90,,,,,,DG UK seed catalogue,broad
Volvo,XC40,,,,,,DG UK seed catalogue,broad
Volvo,XC60,,,,,,DG UK seed catalogue,broad
Volvo,XC70,,,,,,DG UK seed catalogue,broad
Volvo,XC90,,,,,,DG UK seed catalogue,broad
Porsche,911,,Carrera,3.0L Twin-Turbo Flat-6,Petrol,Automatic,DG curated powertrain seed,broad
Porsche,911,,Carrera S,3.0L Twin-Turbo Flat-6,Petrol,Automatic,DG curated powertrain seed,broad
Porsche,911,,Carrera 4,3.0L Twin-Turbo Flat-6,Petrol,Automatic,DG curated powertrain seed,broad
Porsche,911,,Carrera 4S,3.0L Twin-Turbo Flat-6,Petrol,Automatic,DG curated powertrain seed,broad
Porsche,911,,Targa 4,3.0L Twin-Turbo Flat-6,Petrol,Automatic,DG curated powertrain seed,broad
Porsche,911,,Targa 4S,3.0L Twin-Turbo Flat-6,Petrol,Automatic,DG curated powertrain seed,broad
Porsche,911,,Carrera T,3.0L Twin-Turbo Flat-6,Petrol,Automatic,DG curated powertrain seed,broad
Porsche,911,,Carrera GTS,3.0L Twin-Turbo Flat-6,Petrol,Automatic,DG curated powertrain seed,broad
Porsche,911,,Carrera 4 GTS,3.0L Twin-Turbo Flat-6,Petrol,Automatic,DG curated powertrain seed,broad
Porsche,911,,Turbo,3.0L Twin-Turbo Flat-6,Petrol,Automatic,DG curated powertrain seed,broad
Porsche,911,,Turbo S,3.0L Twin-Turbo Flat-6,Petrol,Automatic,DG curated powertrain seed,broad
Porsche,911,,GT3,3.0L Twin-Turbo Flat-6,Petrol,Automatic,DG curated powertrain seed,broad
Porsche,911,,GT3 Touring,3.0L Twin-Turbo Flat-6,Petrol,Automatic,DG curated powertrain seed,broad
Porsche,911,,GT3 RS,3.0L Twin-Turbo Flat-6,Petrol,Automatic,DG curated powertrain seed,broad
Porsche,911,,Carrera,3.0L Twin-Turbo Flat-6,Petrol,Manual,DG curated powertrain seed,broad
Porsche,911,,Carrera S,3.0L Twin-Turbo Flat-6,Petrol,Manual,DG curated powertrain seed,broad
Porsche,911,,Carrera 4,3.0L Twin-Turbo Flat-6,Petrol,Manual,DG curated powertrain seed,broad
Porsche,911,,Carrera 4S,3.0L Twin-Turbo Flat-6,Petrol,Manual,DG curated powertrain seed,broad
Porsche,911,,Targa 4,3.0L Twin-Turbo Flat-6,Petrol,Manual,DG curated powertrain seed,broad
Porsche,911,,Targa 4S,3.0L Twin-Turbo Flat-6,Petrol,Manual,DG curated powertrain seed,broad
Porsche,911,,Carrera T,3.0L Twin-Turbo Flat-6,Petrol,Manual,DG curated powertrain seed,broad
Porsche,911,,Carrera GTS,3.0L Twin-Turbo Flat-6,Petrol,Manual,DG curated powertrain seed,broad
Porsche,911,,Carrera 4 GTS,3.0L Twin-Turbo Flat-6,Petrol,Manual,DG curated powertrain seed,broad
Porsche,911,,Turbo,3.0L Twin-Turbo Flat-6,Petrol,Manual,DG curated powertrain seed,broad
Porsche,911,,Turbo S,3.0L Twin-Turbo Flat-6,Petrol,Manual,DG curated powertrain seed,broad
Porsche,911,,GT3,3.0L Twin-Turbo Flat-6,Petrol,Manual,DG curated powertrain seed,broad
Porsche,911,,GT3 Touring,3.0L Twin-Turbo Flat-6,Petrol,Manual,DG curated powertrain seed,broad
Porsche,911,,GT3 RS,3.0L Twin-Turbo Flat-6,Petrol,Manual,DG curated powertrain seed,broad
Porsche,911,,Carrera,3.8L Twin-Turbo Flat-6,Petrol,Automatic,DG curated powertrain seed,broad
Porsche,911,,Carrera S,3.8L Twin-Turbo Flat-6,Petrol,Automatic,DG curated powertrain seed,broad
Porsche,911,,Carrera 4,3.8L Twin-Turbo Flat-6,Petrol,Automatic,DG curated powertrain seed,broad
Porsche,911,,Carrera 4S,3.8L Twin-Turbo Flat-6,Petrol,Automatic,DG curated powertrain seed,broad
Porsche,911,,Targa 4,3.8L Twin-Turbo Flat-6,Petrol,Automatic,DG curated powertrain seed,broad
Porsche,911,,Targa 4S,3.8L Twin-Turbo Flat-6,Petrol,Automatic,DG curated powertrain seed,broad
Porsche,911,,Carrera T,3.8L Twin-Turbo Flat-6,Petrol,Automatic,DG curated powertrain seed,broad
Porsche,911,,Carrera GTS,3.8L Twin-Turbo Flat-6,Petrol,Automatic,DG curated powertrain seed,broad
Porsche,911,,Carrera 4 GTS,3.8L Twin-Turbo Flat-6,Petrol,Automatic,DG curated powertrain seed,broad
Porsche,911,,Turbo,3.8L Twin-Turbo Flat-6,Petrol,Automatic,DG curated powertrain seed,broad
Porsche,911,,Turbo S,3.8L Twin-Turbo Flat-6,Petrol,Automatic,DG curated powertrain seed,broad
Porsche,911,,GT3,3.8L Twin-Turbo Flat-6,Petrol,Automatic,DG curated powertrain seed,broad
Porsche,911,,GT3 Touring,3.8L Twin-Turbo Flat-6,Petrol,Automatic,DG curated powertrain seed,broad
Porsche,911,,GT3 RS,3.8L Twin-Turbo Flat-6,Petrol,Automatic,DG curated powertrain seed,broad
Porsche,911,,Carrera,3.8L Twin-Turbo Flat-6,Petrol,Manual,DG curated powertrain seed,broad
Porsche,911,,Carrera S,3.8L Twin-Turbo Flat-6,Petrol,Manual,DG curated powertrain seed,broad
Porsche,911,,Carrera 4,3.8L Twin-Turbo Flat-6,Petrol,Manual,DG curated powertrain seed,broad
Porsche,911,,Carrera 4S,3.8L Twin-Turbo Flat-6,Petrol,Manual,DG curated powertrain seed,broad
Porsche,911,,Targa 4,3.8L Twin-Turbo Flat-6,Petrol,Manual,DG curated powertrain seed,broad
Porsche,911,,Targa 4S,3.8L Twin-Turbo Flat-6,Petrol,Manual,DG curated powertrain seed,broad
Porsche,911,,Carrera T,3.8L Twin-Turbo Flat-6,Petrol,Manual,DG curated powertrain seed,broad
Porsche,911,,Carrera GTS,3.8L Twin-Turbo Flat-6,Petrol,Manual,DG curated powertrain seed,broad
Porsche,911,,Carrera 4 GTS,3.8L Twin-Turbo Flat-6,Petrol,Manual,DG curated powertrain seed,broad
Porsche,911,,Turbo,3.8L Twin-Turbo Flat-6,Petrol,Manual,DG curated powertrain seed,broad
Porsche,911,,Turbo S,3.8L Twin-Turbo Flat-6,Petrol,Manual,DG curated powertrain seed,broad
Porsche,911,,GT3,3.8L Twin-Turbo Flat-6,Petrol,Manual,DG curated powertrain seed,broad
Porsche,911,,GT3 Touring,3.8L Twin-Turbo Flat-6,Petrol,Manual,DG curated powertrain seed,broad
Porsche,911,,GT3 RS,3.8L Twin-Turbo Flat-6,Petrol,Manual,DG curated powertrain seed,broad
Porsche,911,,Carrera,4.0L Flat-6,Petrol,Automatic,DG curated powertrain seed,broad
Porsche,911,,Carrera S,4.0L Flat-6,Petrol,Automatic,DG curated powertrain seed,broad
Porsche,911,,Carrera 4,4.0L Flat-6,Petrol,Automatic,DG curated powertrain seed,broad
Porsche,911,,Carrera 4S,4.0L Flat-6,Petrol,Automatic,DG curated powertrain seed,broad
Porsche,911,,Targa 4,4.0L Flat-6,Petrol,Automatic,DG curated powertrain seed,broad
Porsche,911,,Targa 4S,4.0L Flat-6,Petrol,Automatic,DG curated powertrain seed,broad
Porsche,911,,Carrera T,4.0L Flat-6,Petrol,Automatic,DG curated powertrain seed,broad
Porsche,911,,Carrera GTS,4.0L Flat-6,Petrol,Automatic,DG curated powertrain seed,broad
Porsche,911,,Carrera 4 GTS,4.0L Flat-6,Petrol,Automatic,DG curated powertrain seed,broad
Porsche,911,,Turbo,4.0L Flat-6,Petrol,Automatic,DG curated powertrain seed,broad
Porsche,911,,Turbo S,4.0L Flat-6,Petrol,Automatic,DG curated powertrain seed,broad
Porsche,911,,GT3,4.0L Flat-6,Petrol,Automatic,DG curated powertrain seed,broad
Porsche,911,,GT3 Touring,4.0L Flat-6,Petrol,Automatic,DG curated powertrain seed,broad
Porsche,911,,GT3 RS,4.0L Flat-6,Petrol,Automatic,DG curated powertrain seed,broad
Porsche,911,,Carrera,4.0L Flat-6,Petrol,Manual,DG curated powertrain seed,broad
Porsche,911,,Carrera S,4.0L Flat-6,Petrol,Manual,DG curated powertrain seed,broad
Porsche,911,,Carrera 4,4.0L Flat-6,Petrol,Manual,DG curated powertrain seed,broad
Porsche,911,,Carrera 4S,4.0L Flat-6,Petrol,Manual,DG curated powertrain seed,broad
Porsche,911,,Targa 4,4.0L Flat-6,Petrol,Manual,DG curated powertrain seed,broad
Porsche,911,,Targa 4S,4.0L Flat-6,Petrol,Manual,DG curated powertrain seed,broad
Porsche,911,,Carrera T,4.0L Flat-6,Petrol,Manual,DG curated powertrain seed,broad
Porsche,911,,Carrera GTS,4.0L Flat-6,Petrol,Manual,DG curated powertrain seed,broad
Porsche,911,,Carrera 4 GTS,4.0L Flat-6,Petrol,Manual,DG curated powertrain seed,broad
Porsche,911,,Turbo,4.0L Flat-6,Petrol,Manual,DG curated powertrain seed,broad
Porsche,911,,Turbo S,4.0L Flat-6,Petrol,Manual,DG curated powertrain seed,broad
Porsche,911,,GT3,4.0L Flat-6,Petrol,Manual,DG curated powertrain seed,broad
Porsche,911,,GT3 Touring,4.0L Flat-6,Petrol,Manual,DG curated powertrain seed,broad
Porsche,911,,GT3 RS,4.0L Flat-6,Petrol,Manual,DG curated powertrain seed,broad
Porsche,718 Cayman,,Cayman,2.0L Turbo,Petrol,Manual,DG curated powertrain seed,broad
Porsche,718 Cayman,,Cayman T,2.0L Turbo,Petrol,Manual,DG curated powertrain seed,broad
Porsche,718 Cayman,,Cayman S,2.0L Turbo,Petrol,Manual,DG curated powertrain seed,broad
Porsche,718 Cayman,,Cayman GTS,2.0L Turbo,Petrol,Manual,DG curated powertrain seed,broad
Porsche,718 Cayman,,GTS 4.0,2.0L Turbo,Petrol,Manual,DG curated powertrain seed,broad
Porsche,718 Cayman,,GT4,2.0L Turbo,Petrol,Manual,DG curated powertrain seed,broad
Porsche,718 Cayman,,GT4 RS,2.0L Turbo,Petrol,Manual,DG curated powertrain seed,broad
Porsche,718 Cayman,,Cayman,2.0L Turbo,Petrol,Automatic,DG curated powertrain seed,broad
Porsche,718 Cayman,,Cayman T,2.0L Turbo,Petrol,Automatic,DG curated powertrain seed,broad
Porsche,718 Cayman,,Cayman S,2.0L Turbo,Petrol,Automatic,DG curated powertrain seed,broad
Porsche,718 Cayman,,Cayman GTS,2.0L Turbo,Petrol,Automatic,DG curated powertrain seed,broad
Porsche,718 Cayman,,GTS 4.0,2.0L Turbo,Petrol,Automatic,DG curated powertrain seed,broad
Porsche,718 Cayman,,GT4,2.0L Turbo,Petrol,Automatic,DG curated powertrain seed,broad
Porsche,718 Cayman,,GT4 RS,2.0L Turbo,Petrol,Automatic,DG curated powertrain seed,broad
Porsche,718 Cayman,,Cayman,2.5L Turbo,Petrol,Manual,DG curated powertrain seed,broad
Porsche,718 Cayman,,Cayman T,2.5L Turbo,Petrol,Manual,DG curated powertrain seed,broad
Porsche,718 Cayman,,Cayman S,2.5L Turbo,Petrol,Manual,DG curated powertrain seed,broad
Porsche,718 Cayman,,Cayman GTS,2.5L Turbo,Petrol,Manual,DG curated powertrain seed,broad
Porsche,718 Cayman,,GTS 4.0,2.5L Turbo,Petrol,Manual,DG curated powertrain seed,broad
Porsche,718 Cayman,,GT4,2.5L Turbo,Petrol,Manual,DG curated powertrain seed,broad
Porsche,718 Cayman,,GT4 RS,2.5L Turbo,Petrol,Manual,DG curated powertrain seed,broad
Porsche,718 Cayman,,Cayman,2.5L Turbo,Petrol,Automatic,DG curated powertrain seed,broad
Porsche,718 Cayman,,Cayman T,2.5L Turbo,Petrol,Automatic,DG curated powertrain seed,broad
Porsche,718 Cayman,,Cayman S,2.5L Turbo,Petrol,Automatic,DG curated powertrain seed,broad
Porsche,718 Cayman,,Cayman GTS,2.5L Turbo,Petrol,Automatic,DG curated powertrain seed,broad
Porsche,718 Cayman,,GTS 4.0,2.5L Turbo,Petrol,Automatic,DG curated powertrain seed,broad
Porsche,718 Cayman,,GT4,2.5L Turbo,Petrol,Automatic,DG curated powertrain seed,broad
Porsche,718 Cayman,,GT4 RS,2.5L Turbo,Petrol,Automatic,DG curated powertrain seed,broad
Porsche,718 Cayman,,Cayman,4.0L Flat-6,Petrol,Manual,DG curated powertrain seed,broad
Porsche,718 Cayman,,Cayman T,4.0L Flat-6,Petrol,Manual,DG curated powertrain seed,broad
Porsche,718 Cayman,,Cayman S,4.0L Flat-6,Petrol,Manual,DG curated powertrain seed,broad
Porsche,718 Cayman,,Cayman GTS,4.0L Flat-6,Petrol,Manual,DG curated powertrain seed,broad
Porsche,718 Cayman,,GTS 4.0,4.0L Flat-6,Petrol,Manual,DG curated powertrain seed,broad
Porsche,718 Cayman,,GT4,4.0L Flat-6,Petrol,Manual,DG curated powertrain seed,broad
Porsche,718 Cayman,,GT4 RS,4.0L Flat-6,Petrol,Manual,DG curated powertrain seed,broad
Porsche,718 Cayman,,Cayman,4.0L Flat-6,Petrol,Automatic,DG curated powertrain seed,broad
Porsche,718 Cayman,,Cayman T,4.0L Flat-6,Petrol,Automatic,DG curated powertrain seed,broad
Porsche,718 Cayman,,Cayman S,4.0L Flat-6,Petrol,Automatic,DG curated powertrain seed,broad
Porsche,718 Cayman,,Cayman GTS,4.0L Flat-6,Petrol,Automatic,DG curated powertrain seed,broad
Porsche,718 Cayman,,GTS 4.0,4.0L Flat-6,Petrol,Automatic,DG curated powertrain seed,broad
Porsche,718 Cayman,,GT4,4.0L Flat-6,Petrol,Automatic,DG curated powertrain seed,broad
Porsche,718 Cayman,,GT4 RS,4.0L Flat-6,Petrol,Automatic,DG curated powertrain seed,broad
Porsche,718 Boxster,,Boxster,2.0L Turbo,Petrol,Manual,DG curated powertrain seed,broad
Porsche,718 Boxster,,Boxster T,2.0L Turbo,Petrol,Manual,DG curated powertrain seed,broad
Porsche,718 Boxster,,Boxster S,2.0L Turbo,Petrol,Manual,DG curated powertrain seed,broad
Porsche,718 Boxster,,Boxster GTS,2.0L Turbo,Petrol,Manual,DG curated powertrain seed,broad
Porsche,718 Boxster,,GTS 4.0,2.0L Turbo,Petrol,Manual,DG curated powertrain seed,broad
Porsche,718 Boxster,,Spyder,2.0L Turbo,Petrol,Manual,DG curated powertrain seed,broad
Porsche,718 Boxster,,Spyder RS,2.0L Turbo,Petrol,Manual,DG curated powertrain seed,broad
Porsche,718 Boxster,,Boxster,2.0L Turbo,Petrol,Automatic,DG curated powertrain seed,broad
Porsche,718 Boxster,,Boxster T,2.0L Turbo,Petrol,Automatic,DG curated powertrain seed,broad
Porsche,718 Boxster,,Boxster S,2.0L Turbo,Petrol,Automatic,DG curated powertrain seed,broad
Porsche,718 Boxster,,Boxster GTS,2.0L Turbo,Petrol,Automatic,DG curated powertrain seed,broad
Porsche,718 Boxster,,GTS 4.0,2.0L Turbo,Petrol,Automatic,DG curated powertrain seed,broad
Porsche,718 Boxster,,Spyder,2.0L Turbo,Petrol,Automatic,DG curated powertrain seed,broad
Porsche,718 Boxster,,Spyder RS,2.0L Turbo,Petrol,Automatic,DG curated powertrain seed,broad
Porsche,718 Boxster,,Boxster,2.5L Turbo,Petrol,Manual,DG curated powertrain seed,broad
Porsche,718 Boxster,,Boxster T,2.5L Turbo,Petrol,Manual,DG curated powertrain seed,broad
Porsche,718 Boxster,,Boxster S,2.5L Turbo,Petrol,Manual,DG curated powertrain seed,broad
Porsche,718 Boxster,,Boxster GTS,2.5L Turbo,Petrol,Manual,DG curated powertrain seed,broad
Porsche,718 Boxster,,GTS 4.0,2.5L Turbo,Petrol,Manual,DG curated powertrain seed,broad
Porsche,718 Boxster,,Spyder,2.5L Turbo,Petrol,Manual,DG curated powertrain seed,broad
Porsche,718 Boxster,,Spyder RS,2.5L Turbo,Petrol,Manual,DG curated powertrain seed,broad
Porsche,718 Boxster,,Boxster,2.5L Turbo,Petrol,Automatic,DG curated powertrain seed,broad
Porsche,718 Boxster,,Boxster T,2.5L Turbo,Petrol,Automatic,DG curated powertrain seed,broad
Porsche,718 Boxster,,Boxster S,2.5L Turbo,Petrol,Automatic,DG curated powertrain seed,broad
Porsche,718 Boxster,,Boxster GTS,2.5L Turbo,Petrol,Automatic,DG curated powertrain seed,broad
Porsche,718 Boxster,,GTS 4.0,2.5L Turbo,Petrol,Automatic,DG curated powertrain seed,broad
Porsche,718 Boxster,,Spyder,2.5L Turbo,Petrol,Automatic,DG curated powertrain seed,broad
Porsche,718 Boxster,,Spyder RS,2.5L Turbo,Petrol,Automatic,DG curated powertrain seed,broad
Porsche,718 Boxster,,Boxster,4.0L Flat-6,Petrol,Manual,DG curated powertrain seed,broad
Porsche,718 Boxster,,Boxster T,4.0L Flat-6,Petrol,Manual,DG curated powertrain seed,broad
Porsche,718 Boxster,,Boxster S,4.0L Flat-6,Petrol,Manual,DG curated powertrain seed,broad
Porsche,718 Boxster,,Boxster GTS,4.0L Flat-6,Petrol,Manual,DG curated powertrain seed,broad
Porsche,718 Boxster,,GTS 4.0,4.0L Flat-6,Petrol,Manual,DG curated powertrain seed,broad
Porsche,718 Boxster,,Spyder,4.0L Flat-6,Petrol,Manual,DG curated powertrain seed,broad
Porsche,718 Boxster,,Spyder RS,4.0L Flat-6,Petrol,Manual,DG curated powertrain seed,broad
Porsche,718 Boxster,,Boxster,4.0L Flat-6,Petrol,Automatic,DG curated powertrain seed,broad
Porsche,718 Boxster,,Boxster T,4.0L Flat-6,Petrol,Automatic,DG curated powertrain seed,broad
Porsche,718 Boxster,,Boxster S,4.0L Flat-6,Petrol,Automatic,DG curated powertrain seed,broad
Porsche,718 Boxster,,Boxster GTS,4.0L Flat-6,Petrol,Automatic,DG curated powertrain seed,broad
Porsche,718 Boxster,,GTS 4.0,4.0L Flat-6,Petrol,Automatic,DG curated powertrain seed,broad
Porsche,718 Boxster,,Spyder,4.0L Flat-6,Petrol,Automatic,DG curated powertrain seed,broad
Porsche,718 Boxster,,Spyder RS,4.0L Flat-6,Petrol,Automatic,DG curated powertrain seed,broad
Porsche,Macan,,Macan,2.0L,Petrol,Automatic,DG curated powertrain seed,broad
Porsche,Macan,,S,2.0L,Petrol,Automatic,DG curated powertrain seed,broad
Porsche,Macan,,GTS,2.0L,Petrol,Automatic,DG curated powertrain seed,broad
Porsche,Macan,,Turbo,2.0L,Petrol,Automatic,DG curated powertrain seed,broad
Porsche,Macan,,Macan,3.0L,Petrol,Automatic,DG curated powertrain seed,broad
Porsche,Macan,,S,3.0L,Petrol,Automatic,DG curated powertrain seed,broad
Porsche,Macan,,GTS,3.0L,Petrol,Automatic,DG curated powertrain seed,broad
Porsche,Macan,,Turbo,3.0L,Petrol,Automatic,DG curated powertrain seed,broad
Porsche,Macan,,Macan,3.6L,Petrol,Automatic,DG curated powertrain seed,broad
Porsche,Macan,,S,3.6L,Petrol,Automatic,DG curated powertrain seed,broad
Porsche,Macan,,GTS,3.6L,Petrol,Automatic,DG curated powertrain seed,broad
Porsche,Macan,,Turbo,3.6L,Petrol,Automatic,DG curated powertrain seed,broad
Porsche,Macan,,Macan,2.0L,Diesel,Automatic,DG curated powertrain seed,broad
Porsche,Macan,,S,2.0L,Diesel,Automatic,DG curated powertrain seed,broad
Porsche,Macan,,GTS,2.0L,Diesel,Automatic,DG curated powertrain seed,broad
Porsche,Macan,,Turbo,2.0L,Diesel,Automatic,DG curated powertrain seed,broad
Porsche,Macan,,Macan,3.0L,Diesel,Automatic,DG curated powertrain seed,broad
Porsche,Macan,,S,3.0L,Diesel,Automatic,DG curated powertrain seed,broad
Porsche,Macan,,GTS,3.0L,Diesel,Automatic,DG curated powertrain seed,broad
Porsche,Macan,,Turbo,3.0L,Diesel,Automatic,DG curated powertrain seed,broad
Porsche,Macan,,Macan,3.6L,Diesel,Automatic,DG curated powertrain seed,broad
Porsche,Macan,,S,3.6L,Diesel,Automatic,DG curated powertrain seed,broad
Porsche,Macan,,GTS,3.6L,Diesel,Automatic,DG curated powertrain seed,broad
Porsche,Macan,,Turbo,3.6L,Diesel,Automatic,DG curated powertrain seed,broad
Porsche,Cayenne,,Cayenne,3.0L,Petrol,Automatic,DG curated powertrain seed,broad
Porsche,Cayenne,,S,3.0L,Petrol,Automatic,DG curated powertrain seed,broad
Porsche,Cayenne,,GTS,3.0L,Petrol,Automatic,DG curated powertrain seed,broad
Porsche,Cayenne,,Turbo,3.0L,Petrol,Automatic,DG curated powertrain seed,broad
Porsche,Cayenne,,Turbo S,3.0L,Petrol,Automatic,DG curated powertrain seed,broad
Porsche,Cayenne,,E-Hybrid,3.0L,Petrol,Automatic,DG curated powertrain seed,broad
Porsche,Cayenne,,Cayenne,3.6L,Petrol,Automatic,DG curated powertrain seed,broad
Porsche,Cayenne,,S,3.6L,Petrol,Automatic,DG curated powertrain seed,broad
Porsche,Cayenne,,GTS,3.6L,Petrol,Automatic,DG curated powertrain seed,broad
Porsche,Cayenne,,Turbo,3.6L,Petrol,Automatic,DG curated powertrain seed,broad
Porsche,Cayenne,,Turbo S,3.6L,Petrol,Automatic,DG curated powertrain seed,broad
Porsche,Cayenne,,E-Hybrid,3.6L,Petrol,Automatic,DG curated powertrain seed,broad
Porsche,Cayenne,,Cayenne,4.0L,Petrol,Automatic,DG curated powertrain seed,broad
Porsche,Cayenne,,S,4.0L,Petrol,Automatic,DG curated powertrain seed,broad
Porsche,Cayenne,,GTS,4.0L,Petrol,Automatic,DG curated powertrain seed,broad
Porsche,Cayenne,,Turbo,4.0L,Petrol,Automatic,DG curated powertrain seed,broad
Porsche,Cayenne,,Turbo S,4.0L,Petrol,Automatic,DG curated powertrain seed,broad
Porsche,Cayenne,,E-Hybrid,4.0L,Petrol,Automatic,DG curated powertrain seed,broad
Porsche,Cayenne,,Cayenne,4.2L,Petrol,Automatic,DG curated powertrain seed,broad
Porsche,Cayenne,,S,4.2L,Petrol,Automatic,DG curated powertrain seed,broad
Porsche,Cayenne,,GTS,4.2L,Petrol,Automatic,DG curated powertrain seed,broad
Porsche,Cayenne,,Turbo,4.2L,Petrol,Automatic,DG curated powertrain seed,broad
Porsche,Cayenne,,Turbo S,4.2L,Petrol,Automatic,DG curated powertrain seed,broad
Porsche,Cayenne,,E-Hybrid,4.2L,Petrol,Automatic,DG curated powertrain seed,broad
Porsche,Cayenne,,Cayenne,3.0L,Diesel,Automatic,DG curated powertrain seed,broad
Porsche,Cayenne,,S,3.0L,Diesel,Automatic,DG curated powertrain seed,broad
Porsche,Cayenne,,GTS,3.0L,Diesel,Automatic,DG curated powertrain seed,broad
Porsche,Cayenne,,Turbo,3.0L,Diesel,Automatic,DG curated powertrain seed,broad
Porsche,Cayenne,,Turbo S,3.0L,Diesel,Automatic,DG curated powertrain seed,broad
Porsche,Cayenne,,E-Hybrid,3.0L,Diesel,Automatic,DG curated powertrain seed,broad
Porsche,Cayenne,,Cayenne,3.6L,Diesel,Automatic,DG curated powertrain seed,broad
Porsche,Cayenne,,S,3.6L,Diesel,Automatic,DG curated powertrain seed,broad
Porsche,Cayenne,,GTS,3.6L,Diesel,Automatic,DG curated powertrain seed,broad
Porsche,Cayenne,,Turbo,3.6L,Diesel,Automatic,DG curated powertrain seed,broad
Porsche,Cayenne,,Turbo S,3.6L,Diesel,Automatic,DG curated powertrain seed,broad
Porsche,Cayenne,,E-Hybrid,3.6L,Diesel,Automatic,DG curated powertrain seed,broad
Porsche,Cayenne,,Cayenne,4.0L,Diesel,Automatic,DG curated powertrain seed,broad
Porsche,Cayenne,,S,4.0L,Diesel,Automatic,DG curated powertrain seed,broad
Porsche,Cayenne,,GTS,4.0L,Diesel,Automatic,DG curated powertrain seed,broad
Porsche,Cayenne,,Turbo,4.0L,Diesel,Automatic,DG curated powertrain seed,broad
Porsche,Cayenne,,Turbo S,4.0L,Diesel,Automatic,DG curated powertrain seed,broad
Porsche,Cayenne,,E-Hybrid,4.0L,Diesel,Automatic,DG curated powertrain seed,broad
Porsche,Cayenne,,Cayenne,4.2L,Diesel,Automatic,DG curated powertrain seed,broad
Porsche,Cayenne,,S,4.2L,Diesel,Automatic,DG curated powertrain seed,broad
Porsche,Cayenne,,GTS,4.2L,Diesel,Automatic,DG curated powertrain seed,broad
Porsche,Cayenne,,Turbo,4.2L,Diesel,Automatic,DG curated powertrain seed,broad
Porsche,Cayenne,,Turbo S,4.2L,Diesel,Automatic,DG curated powertrain seed,broad
Porsche,Cayenne,,E-Hybrid,4.2L,Diesel,Automatic,DG curated powertrain seed,broad
Porsche,Cayenne,,Cayenne,3.0L,Hybrid,Automatic,DG curated powertrain seed,broad
Porsche,Cayenne,,S,3.0L,Hybrid,Automatic,DG curated powertrain seed,broad
Porsche,Cayenne,,GTS,3.0L,Hybrid,Automatic,DG curated powertrain seed,broad
Porsche,Cayenne,,Turbo,3.0L,Hybrid,Automatic,DG curated powertrain seed,broad
Porsche,Cayenne,,Turbo S,3.0L,Hybrid,Automatic,DG curated powertrain seed,broad
Porsche,Cayenne,,E-Hybrid,3.0L,Hybrid,Automatic,DG curated powertrain seed,broad
Porsche,Cayenne,,Cayenne,3.6L,Hybrid,Automatic,DG curated powertrain seed,broad
Porsche,Cayenne,,S,3.6L,Hybrid,Automatic,DG curated powertrain seed,broad
Porsche,Cayenne,,GTS,3.6L,Hybrid,Automatic,DG curated powertrain seed,broad
Porsche,Cayenne,,Turbo,3.6L,Hybrid,Automatic,DG curated powertrain seed,broad
Porsche,Cayenne,,Turbo S,3.6L,Hybrid,Automatic,DG curated powertrain seed,broad
Porsche,Cayenne,,E-Hybrid,3.6L,Hybrid,Automatic,DG curated powertrain seed,broad
Porsche,Cayenne,,Cayenne,4.0L,Hybrid,Automatic,DG curated powertrain seed,broad
Porsche,Cayenne,,S,4.0L,Hybrid,Automatic,DG curated powertrain seed,broad
Porsche,Cayenne,,GTS,4.0L,Hybrid,Automatic,DG curated powertrain seed,broad
Porsche,Cayenne,,Turbo,4.0L,Hybrid,Automatic,DG curated powertrain seed,broad
Porsche,Cayenne,,Turbo S,4.0L,Hybrid,Automatic,DG curated powertrain seed,broad
Porsche,Cayenne,,E-Hybrid,4.0L,Hybrid,Automatic,DG curated powertrain seed,broad
Porsche,Cayenne,,Cayenne,4.2L,Hybrid,Automatic,DG curated powertrain seed,broad
Porsche,Cayenne,,S,4.2L,Hybrid,Automatic,DG curated powertrain seed,broad
Porsche,Cayenne,,GTS,4.2L,Hybrid,Automatic,DG curated powertrain seed,broad
Porsche,Cayenne,,Turbo,4.2L,Hybrid,Automatic,DG curated powertrain seed,broad
Porsche,Cayenne,,Turbo S,4.2L,Hybrid,Automatic,DG curated powertrain seed,broad
Porsche,Cayenne,,E-Hybrid,4.2L,Hybrid,Automatic,DG curated powertrain seed,broad
Mazda,MX-5,,SE,1.5 SKYACTIV-G,Petrol,Manual,DG curated powertrain seed,broad
Mazda,MX-5,,SE-L,1.5 SKYACTIV-G,Petrol,Manual,DG curated powertrain seed,broad
Mazda,MX-5,,Sport,1.5 SKYACTIV-G,Petrol,Manual,DG curated powertrain seed,broad
Mazda,MX-5,,Sport Nav,1.5 SKYACTIV-G,Petrol,Manual,DG curated powertrain seed,broad
Mazda,MX-5,,Sport Tech,1.5 SKYACTIV-G,Petrol,Manual,DG curated powertrain seed,broad
Mazda,MX-5,,RF,1.5 SKYACTIV-G,Petrol,Manual,DG curated powertrain seed,broad
Mazda,MX-5,,GT Sport Tech,1.5 SKYACTIV-G,Petrol,Manual,DG curated powertrain seed,broad
Mazda,MX-5,,Prime-Line,1.5 SKYACTIV-G,Petrol,Manual,DG curated powertrain seed,broad
Mazda,MX-5,,Exclusive-Line,1.5 SKYACTIV-G,Petrol,Manual,DG curated powertrain seed,broad
Mazda,MX-5,,Homura,1.5 SKYACTIV-G,Petrol,Manual,DG curated powertrain seed,broad
Mazda,MX-5,,SE,1.5 SKYACTIV-G,Petrol,Automatic,DG curated powertrain seed,broad
Mazda,MX-5,,SE-L,1.5 SKYACTIV-G,Petrol,Automatic,DG curated powertrain seed,broad
Mazda,MX-5,,Sport,1.5 SKYACTIV-G,Petrol,Automatic,DG curated powertrain seed,broad
Mazda,MX-5,,Sport Nav,1.5 SKYACTIV-G,Petrol,Automatic,DG curated powertrain seed,broad
Mazda,MX-5,,Sport Tech,1.5 SKYACTIV-G,Petrol,Automatic,DG curated powertrain seed,broad
Mazda,MX-5,,RF,1.5 SKYACTIV-G,Petrol,Automatic,DG curated powertrain seed,broad
Mazda,MX-5,,GT Sport Tech,1.5 SKYACTIV-G,Petrol,Automatic,DG curated powertrain seed,broad
Mazda,MX-5,,Prime-Line,1.5 SKYACTIV-G,Petrol,Automatic,DG curated powertrain seed,broad
Mazda,MX-5,,Exclusive-Line,1.5 SKYACTIV-G,Petrol,Automatic,DG curated powertrain seed,broad
Mazda,MX-5,,Homura,1.5 SKYACTIV-G,Petrol,Automatic,DG curated powertrain seed,broad
Mazda,MX-5,,SE,2.0 SKYACTIV-G,Petrol,Manual,DG curated powertrain seed,broad
Mazda,MX-5,,SE-L,2.0 SKYACTIV-G,Petrol,Manual,DG curated powertrain seed,broad
Mazda,MX-5,,Sport,2.0 SKYACTIV-G,Petrol,Manual,DG curated powertrain seed,broad
Mazda,MX-5,,Sport Nav,2.0 SKYACTIV-G,Petrol,Manual,DG curated powertrain seed,broad
Mazda,MX-5,,Sport Tech,2.0 SKYACTIV-G,Petrol,Manual,DG curated powertrain seed,broad
Mazda,MX-5,,RF,2.0 SKYACTIV-G,Petrol,Manual,DG curated powertrain seed,broad
Mazda,MX-5,,GT Sport Tech,2.0 SKYACTIV-G,Petrol,Manual,DG curated powertrain seed,broad
Mazda,MX-5,,Prime-Line,2.0 SKYACTIV-G,Petrol,Manual,DG curated powertrain seed,broad
Mazda,MX-5,,Exclusive-Line,2.0 SKYACTIV-G,Petrol,Manual,DG curated powertrain seed,broad
Mazda,MX-5,,Homura,2.0 SKYACTIV-G,Petrol,Manual,DG curated powertrain seed,broad
Mazda,MX-5,,SE,2.0 SKYACTIV-G,Petrol,Automatic,DG curated powertrain seed,broad
Mazda,MX-5,,SE-L,2.0 SKYACTIV-G,Petrol,Automatic,DG curated powertrain seed,broad
Mazda,MX-5,,Sport,2.0 SKYACTIV-G,Petrol,Automatic,DG curated powertrain seed,broad
Mazda,MX-5,,Sport Nav,2.0 SKYACTIV-G,Petrol,Automatic,DG curated powertrain seed,broad
Mazda,MX-5,,Sport Tech,2.0 SKYACTIV-G,Petrol,Automatic,DG curated powertrain seed,broad
Mazda,MX-5,,RF,2.0 SKYACTIV-G,Petrol,Automatic,DG curated powertrain seed,broad
Mazda,MX-5,,GT Sport Tech,2.0 SKYACTIV-G,Petrol,Automatic,DG curated powertrain seed,broad
Mazda,MX-5,,Prime-Line,2.0 SKYACTIV-G,Petrol,Automatic,DG curated powertrain seed,broad
Mazda,MX-5,,Exclusive-Line,2.0 SKYACTIV-G,Petrol,Automatic,DG curated powertrain seed,broad
Mazda,MX-5,,Homura,2.0 SKYACTIV-G,Petrol,Automatic,DG curated powertrain seed,broad
Skoda,Octavia,,S,1.0L,Petrol,Manual,DG curated powertrain seed,broad
Skoda,Octavia,,SE,1.0L,Petrol,Manual,DG curated powertrain seed,broad
Skoda,Octavia,,SE Plus,1.0L,Petrol,Manual,DG curated powertrain seed,broad
Skoda,Octavia,,Elegance,1.0L,Petrol,Manual,DG curated powertrain seed,broad
Skoda,Octavia,,Laurin & Klement,1.0L,Petrol,Manual,DG curated powertrain seed,broad
Skoda,Octavia,,vRS,1.0L,Petrol,Manual,DG curated powertrain seed,broad
Skoda,Octavia,,SportLine,1.0L,Petrol,Manual,DG curated powertrain seed,broad
Skoda,Octavia,,S,1.0L,Petrol,Automatic,DG curated powertrain seed,broad
Skoda,Octavia,,SE,1.0L,Petrol,Automatic,DG curated powertrain seed,broad
Skoda,Octavia,,SE Plus,1.0L,Petrol,Automatic,DG curated powertrain seed,broad
Skoda,Octavia,,Elegance,1.0L,Petrol,Automatic,DG curated powertrain seed,broad
Skoda,Octavia,,Laurin & Klement,1.0L,Petrol,Automatic,DG curated powertrain seed,broad
Skoda,Octavia,,vRS,1.0L,Petrol,Automatic,DG curated powertrain seed,broad
Skoda,Octavia,,SportLine,1.0L,Petrol,Automatic,DG curated powertrain seed,broad
Skoda,Octavia,,S,1.0L,Petrol,DSG,DG curated powertrain seed,broad
Skoda,Octavia,,SE,1.0L,Petrol,DSG,DG curated powertrain seed,broad
Skoda,Octavia,,SE Plus,1.0L,Petrol,DSG,DG curated powertrain seed,broad
Skoda,Octavia,,Elegance,1.0L,Petrol,DSG,DG curated powertrain seed,broad
Skoda,Octavia,,Laurin & Klement,1.0L,Petrol,DSG,DG curated powertrain seed,broad
Skoda,Octavia,,vRS,1.0L,Petrol,DSG,DG curated powertrain seed,broad
Skoda,Octavia,,SportLine,1.0L,Petrol,DSG,DG curated powertrain seed,broad
Skoda,Octavia,,S,1.2L,Petrol,Manual,DG curated powertrain seed,broad
Skoda,Octavia,,SE,1.2L,Petrol,Manual,DG curated powertrain seed,broad
Skoda,Octavia,,SE Plus,1.2L,Petrol,Manual,DG curated powertrain seed,broad
Skoda,Octavia,,Elegance,1.2L,Petrol,Manual,DG curated powertrain seed,broad
Skoda,Octavia,,Laurin & Klement,1.2L,Petrol,Manual,DG curated powertrain seed,broad
Skoda,Octavia,,vRS,1.2L,Petrol,Manual,DG curated powertrain seed,broad
Skoda,Octavia,,SportLine,1.2L,Petrol,Manual,DG curated powertrain seed,broad
Skoda,Octavia,,S,1.2L,Petrol,Automatic,DG curated powertrain seed,broad
Skoda,Octavia,,SE,1.2L,Petrol,Automatic,DG curated powertrain seed,broad
Skoda,Octavia,,SE Plus,1.2L,Petrol,Automatic,DG curated powertrain seed,broad
Skoda,Octavia,,Elegance,1.2L,Petrol,Automatic,DG curated powertrain seed,broad
Skoda,Octavia,,Laurin & Klement,1.2L,Petrol,Automatic,DG curated powertrain seed,broad
Skoda,Octavia,,vRS,1.2L,Petrol,Automatic,DG curated powertrain seed,broad
Skoda,Octavia,,SportLine,1.2L,Petrol,Automatic,DG curated powertrain seed,broad
Skoda,Octavia,,S,1.2L,Petrol,DSG,DG curated powertrain seed,broad
Skoda,Octavia,,SE,1.2L,Petrol,DSG,DG curated powertrain seed,broad
Skoda,Octavia,,SE Plus,1.2L,Petrol,DSG,DG curated powertrain seed,broad
Skoda,Octavia,,Elegance,1.2L,Petrol,DSG,DG curated powertrain seed,broad
Skoda,Octavia,,Laurin & Klement,1.2L,Petrol,DSG,DG curated powertrain seed,broad
Skoda,Octavia,,vRS,1.2L,Petrol,DSG,DG curated powertrain seed,broad
Skoda,Octavia,,SportLine,1.2L,Petrol,DSG,DG curated powertrain seed,broad
Skoda,Octavia,,S,1.4L,Petrol,Manual,DG curated powertrain seed,broad
Skoda,Octavia,,SE,1.4L,Petrol,Manual,DG curated powertrain seed,broad
Skoda,Octavia,,SE Plus,1.4L,Petrol,Manual,DG curated powertrain seed,broad
Skoda,Octavia,,Elegance,1.4L,Petrol,Manual,DG curated powertrain seed,broad
Skoda,Octavia,,Laurin & Klement,1.4L,Petrol,Manual,DG curated powertrain seed,broad
Skoda,Octavia,,vRS,1.4L,Petrol,Manual,DG curated powertrain seed,broad
Skoda,Octavia,,SportLine,1.4L,Petrol,Manual,DG curated powertrain seed,broad
Skoda,Octavia,,S,1.4L,Petrol,Automatic,DG curated powertrain seed,broad
Skoda,Octavia,,SE,1.4L,Petrol,Automatic,DG curated powertrain seed,broad
Skoda,Octavia,,SE Plus,1.4L,Petrol,Automatic,DG curated powertrain seed,broad
Skoda,Octavia,,Elegance,1.4L,Petrol,Automatic,DG curated powertrain seed,broad
Skoda,Octavia,,Laurin & Klement,1.4L,Petrol,Automatic,DG curated powertrain seed,broad
Skoda,Octavia,,vRS,1.4L,Petrol,Automatic,DG curated powertrain seed,broad
Skoda,Octavia,,SportLine,1.4L,Petrol,Automatic,DG curated powertrain seed,broad
Skoda,Octavia,,S,1.4L,Petrol,DSG,DG curated powertrain seed,broad
Skoda,Octavia,,SE,1.4L,Petrol,DSG,DG curated powertrain seed,broad
Skoda,Octavia,,SE Plus,1.4L,Petrol,DSG,DG curated powertrain seed,broad
Skoda,Octavia,,Elegance,1.4L,Petrol,DSG,DG curated powertrain seed,broad
Skoda,Octavia,,Laurin & Klement,1.4L,Petrol,DSG,DG curated powertrain seed,broad
Skoda,Octavia,,vRS,1.4L,Petrol,DSG,DG curated powertrain seed,broad
Skoda,Octavia,,SportLine,1.4L,Petrol,DSG,DG curated powertrain seed,broad
Skoda,Octavia,,S,1.5L,Petrol,Manual,DG curated powertrain seed,broad
Skoda,Octavia,,SE,1.5L,Petrol,Manual,DG curated powertrain seed,broad
Skoda,Octavia,,SE Plus,1.5L,Petrol,Manual,DG curated powertrain seed,broad
Skoda,Octavia,,Elegance,1.5L,Petrol,Manual,DG curated powertrain seed,broad
Skoda,Octavia,,Laurin & Klement,1.5L,Petrol,Manual,DG curated powertrain seed,broad
Skoda,Octavia,,vRS,1.5L,Petrol,Manual,DG curated powertrain seed,broad
Skoda,Octavia,,SportLine,1.5L,Petrol,Manual,DG curated powertrain seed,broad
Skoda,Octavia,,S,1.5L,Petrol,Automatic,DG curated powertrain seed,broad
Skoda,Octavia,,SE,1.5L,Petrol,Automatic,DG curated powertrain seed,broad
Skoda,Octavia,,SE Plus,1.5L,Petrol,Automatic,DG curated powertrain seed,broad
Skoda,Octavia,,Elegance,1.5L,Petrol,Automatic,DG curated powertrain seed,broad
Skoda,Octavia,,Laurin & Klement,1.5L,Petrol,Automatic,DG curated powertrain seed,broad
Skoda,Octavia,,vRS,1.5L,Petrol,Automatic,DG curated powertrain seed,broad
Skoda,Octavia,,SportLine,1.5L,Petrol,Automatic,DG curated powertrain seed,broad
Skoda,Octavia,,S,1.5L,Petrol,DSG,DG curated powertrain seed,broad
Skoda,Octavia,,SE,1.5L,Petrol,DSG,DG curated powertrain seed,broad
Skoda,Octavia,,SE Plus,1.5L,Petrol,DSG,DG curated powertrain seed,broad
Skoda,Octavia,,Elegance,1.5L,Petrol,DSG,DG curated powertrain seed,broad
Skoda,Octavia,,Laurin & Klement,1.5L,Petrol,DSG,DG curated powertrain seed,broad
Skoda,Octavia,,vRS,1.5L,Petrol,DSG,DG curated powertrain seed,broad
Skoda,Octavia,,SportLine,1.5L,Petrol,DSG,DG curated powertrain seed,broad
Skoda,Octavia,,S,1.6L,Petrol,Manual,DG curated powertrain seed,broad
Skoda,Octavia,,SE,1.6L,Petrol,Manual,DG curated powertrain seed,broad
Skoda,Octavia,,SE Plus,1.6L,Petrol,Manual,DG curated powertrain seed,broad
Skoda,Octavia,,Elegance,1.6L,Petrol,Manual,DG curated powertrain seed,broad
Skoda,Octavia,,Laurin & Klement,1.6L,Petrol,Manual,DG curated powertrain seed,broad
Skoda,Octavia,,vRS,1.6L,Petrol,Manual,DG curated powertrain seed,broad
Skoda,Octavia,,SportLine,1.6L,Petrol,Manual,DG curated powertrain seed,broad
Skoda,Octavia,,S,1.6L,Petrol,Automatic,DG curated powertrain seed,broad
Skoda,Octavia,,SE,1.6L,Petrol,Automatic,DG curated powertrain seed,broad
Skoda,Octavia,,SE Plus,1.6L,Petrol,Automatic,DG curated powertrain seed,broad
Skoda,Octavia,,Elegance,1.6L,Petrol,Automatic,DG curated powertrain seed,broad
Skoda,Octavia,,Laurin & Klement,1.6L,Petrol,Automatic,DG curated powertrain seed,broad
Skoda,Octavia,,vRS,1.6L,Petrol,Automatic,DG curated powertrain seed,broad
Skoda,Octavia,,SportLine,1.6L,Petrol,Automatic,DG curated powertrain seed,broad
Skoda,Octavia,,S,1.6L,Petrol,DSG,DG curated powertrain seed,broad
Skoda,Octavia,,SE,1.6L,Petrol,DSG,DG curated powertrain seed,broad
Skoda,Octavia,,SE Plus,1.6L,Petrol,DSG,DG curated powertrain seed,broad
Skoda,Octavia,,Elegance,1.6L,Petrol,DSG,DG curated powertrain seed,broad
Skoda,Octavia,,Laurin & Klement,1.6L,Petrol,DSG,DG curated powertrain seed,broad
Skoda,Octavia,,vRS,1.6L,Petrol,DSG,DG curated powertrain seed,broad
Skoda,Octavia,,SportLine,1.6L,Petrol,DSG,DG curated powertrain seed,broad
Skoda,Octavia,,S,1.8L,Petrol,Manual,DG curated powertrain seed,broad
Skoda,Octavia,,SE,1.8L,Petrol,Manual,DG curated powertrain seed,broad
Skoda,Octavia,,SE Plus,1.8L,Petrol,Manual,DG curated powertrain seed,broad
Skoda,Octavia,,Elegance,1.8L,Petrol,Manual,DG curated powertrain seed,broad
Skoda,Octavia,,Laurin & Klement,1.8L,Petrol,Manual,DG curated powertrain seed,broad
Skoda,Octavia,,vRS,1.8L,Petrol,Manual,DG curated powertrain seed,broad
Skoda,Octavia,,SportLine,1.8L,Petrol,Manual,DG curated powertrain seed,broad
Skoda,Octavia,,S,1.8L,Petrol,Automatic,DG curated powertrain seed,broad
Skoda,Octavia,,SE,1.8L,Petrol,Automatic,DG curated powertrain seed,broad
Skoda,Octavia,,SE Plus,1.8L,Petrol,Automatic,DG curated powertrain seed,broad
Skoda,Octavia,,Elegance,1.8L,Petrol,Automatic,DG curated powertrain seed,broad
Skoda,Octavia,,Laurin & Klement,1.8L,Petrol,Automatic,DG curated powertrain seed,broad
Skoda,Octavia,,vRS,1.8L,Petrol,Automatic,DG curated powertrain seed,broad
Skoda,Octavia,,SportLine,1.8L,Petrol,Automatic,DG curated powertrain seed,broad
Skoda,Octavia,,S,1.8L,Petrol,DSG,DG curated powertrain seed,broad
Skoda,Octavia,,SE,1.8L,Petrol,DSG,DG curated powertrain seed,broad
Skoda,Octavia,,SE Plus,1.8L,Petrol,DSG,DG curated powertrain seed,broad
Skoda,Octavia,,Elegance,1.8L,Petrol,DSG,DG curated powertrain seed,broad
Skoda,Octavia,,Laurin & Klement,1.8L,Petrol,DSG,DG curated powertrain seed,broad
Skoda,Octavia,,vRS,1.8L,Petrol,DSG,DG curated powertrain seed,broad
Skoda,Octavia,,SportLine,1.8L,Petrol,DSG,DG curated powertrain seed,broad
Skoda,Octavia,,S,2.0L,Petrol,Manual,DG curated powertrain seed,broad
Skoda,Octavia,,SE,2.0L,Petrol,Manual,DG curated powertrain seed,broad
Skoda,Octavia,,SE Plus,2.0L,Petrol,Manual,DG curated powertrain seed,broad
Skoda,Octavia,,Elegance,2.0L,Petrol,Manual,DG curated powertrain seed,broad
Skoda,Octavia,,Laurin & Klement,2.0L,Petrol,Manual,DG curated powertrain seed,broad
Skoda,Octavia,,vRS,2.0L,Petrol,Manual,DG curated powertrain seed,broad
Skoda,Octavia,,SportLine,2.0L,Petrol,Manual,DG curated powertrain seed,broad
Skoda,Octavia,,S,2.0L,Petrol,Automatic,DG curated powertrain seed,broad
Skoda,Octavia,,SE,2.0L,Petrol,Automatic,DG curated powertrain seed,broad
Skoda,Octavia,,SE Plus,2.0L,Petrol,Automatic,DG curated powertrain seed,broad
Skoda,Octavia,,Elegance,2.0L,Petrol,Automatic,DG curated powertrain seed,broad
Skoda,Octavia,,Laurin & Klement,2.0L,Petrol,Automatic,DG curated powertrain seed,broad
Skoda,Octavia,,vRS,2.0L,Petrol,Automatic,DG curated powertrain seed,broad
Skoda,Octavia,,SportLine,2.0L,Petrol,Automatic,DG curated powertrain seed,broad
Skoda,Octavia,,S,2.0L,Petrol,DSG,DG curated powertrain seed,broad
Skoda,Octavia,,SE,2.0L,Petrol,DSG,DG curated powertrain seed,broad
Skoda,Octavia,,SE Plus,2.0L,Petrol,DSG,DG curated powertrain seed,broad
Skoda,Octavia,,Elegance,2.0L,Petrol,DSG,DG curated powertrain seed,broad
Skoda,Octavia,,Laurin & Klement,2.0L,Petrol,DSG,DG curated powertrain seed,broad
Skoda,Octavia,,vRS,2.0L,Petrol,DSG,DG curated powertrain seed,broad
Skoda,Octavia,,SportLine,2.0L,Petrol,DSG,DG curated powertrain seed,broad
Skoda,Octavia,,S,1.0L,Diesel,Manual,DG curated powertrain seed,broad
Skoda,Octavia,,SE,1.0L,Diesel,Manual,DG curated powertrain seed,broad
Skoda,Octavia,,SE Plus,1.0L,Diesel,Manual,DG curated powertrain seed,broad
Skoda,Octavia,,Elegance,1.0L,Diesel,Manual,DG curated powertrain seed,broad
Skoda,Octavia,,Laurin & Klement,1.0L,Diesel,Manual,DG curated powertrain seed,broad
Skoda,Octavia,,vRS,1.0L,Diesel,Manual,DG curated powertrain seed,broad
Skoda,Octavia,,SportLine,1.0L,Diesel,Manual,DG curated powertrain seed,broad
Skoda,Octavia,,S,1.0L,Diesel,Automatic,DG curated powertrain seed,broad
Skoda,Octavia,,SE,1.0L,Diesel,Automatic,DG curated powertrain seed,broad
Skoda,Octavia,,SE Plus,1.0L,Diesel,Automatic,DG curated powertrain seed,broad
Skoda,Octavia,,Elegance,1.0L,Diesel,Automatic,DG curated powertrain seed,broad
Skoda,Octavia,,Laurin & Klement,1.0L,Diesel,Automatic,DG curated powertrain seed,broad
Skoda,Octavia,,vRS,1.0L,Diesel,Automatic,DG curated powertrain seed,broad
Skoda,Octavia,,SportLine,1.0L,Diesel,Automatic,DG curated powertrain seed,broad
Skoda,Octavia,,S,1.0L,Diesel,DSG,DG curated powertrain seed,broad
Skoda,Octavia,,SE,1.0L,Diesel,DSG,DG curated powertrain seed,broad
Skoda,Octavia,,SE Plus,1.0L,Diesel,DSG,DG curated powertrain seed,broad
Skoda,Octavia,,Elegance,1.0L,Diesel,DSG,DG curated powertrain seed,broad
Skoda,Octavia,,Laurin & Klement,1.0L,Diesel,DSG,DG curated powertrain seed,broad
Skoda,Octavia,,vRS,1.0L,Diesel,DSG,DG curated powertrain seed,broad
Skoda,Octavia,,SportLine,1.0L,Diesel,DSG,DG curated powertrain seed,broad
Skoda,Octavia,,S,1.2L,Diesel,Manual,DG curated powertrain seed,broad
Skoda,Octavia,,SE,1.2L,Diesel,Manual,DG curated powertrain seed,broad
Skoda,Octavia,,SE Plus,1.2L,Diesel,Manual,DG curated powertrain seed,broad
Skoda,Octavia,,Elegance,1.2L,Diesel,Manual,DG curated powertrain seed,broad
Skoda,Octavia,,Laurin & Klement,1.2L,Diesel,Manual,DG curated powertrain seed,broad
Skoda,Octavia,,vRS,1.2L,Diesel,Manual,DG curated powertrain seed,broad
Skoda,Octavia,,SportLine,1.2L,Diesel,Manual,DG curated powertrain seed,broad
Skoda,Octavia,,S,1.2L,Diesel,Automatic,DG curated powertrain seed,broad
Skoda,Octavia,,SE,1.2L,Diesel,Automatic,DG curated powertrain seed,broad
Skoda,Octavia,,SE Plus,1.2L,Diesel,Automatic,DG curated powertrain seed,broad
Skoda,Octavia,,Elegance,1.2L,Diesel,Automatic,DG curated powertrain seed,broad
Skoda,Octavia,,Laurin & Klement,1.2L,Diesel,Automatic,DG curated powertrain seed,broad
Skoda,Octavia,,vRS,1.2L,Diesel,Automatic,DG curated powertrain seed,broad
Skoda,Octavia,,SportLine,1.2L,Diesel,Automatic,DG curated powertrain seed,broad
Skoda,Octavia,,S,1.2L,Diesel,DSG,DG curated powertrain seed,broad
Skoda,Octavia,,SE,1.2L,Diesel,DSG,DG curated powertrain seed,broad
Skoda,Octavia,,SE Plus,1.2L,Diesel,DSG,DG curated powertrain seed,broad
Skoda,Octavia,,Elegance,1.2L,Diesel,DSG,DG curated powertrain seed,broad
Skoda,Octavia,,Laurin & Klement,1.2L,Diesel,DSG,DG curated powertrain seed,broad
Skoda,Octavia,,vRS,1.2L,Diesel,DSG,DG curated powertrain seed,broad
Skoda,Octavia,,SportLine,1.2L,Diesel,DSG,DG curated powertrain seed,broad
Skoda,Octavia,,S,1.4L,Diesel,Manual,DG curated powertrain seed,broad
Skoda,Octavia,,SE,1.4L,Diesel,Manual,DG curated powertrain seed,broad
Skoda,Octavia,,SE Plus,1.4L,Diesel,Manual,DG curated powertrain seed,broad
Skoda,Octavia,,Elegance,1.4L,Diesel,Manual,DG curated powertrain seed,broad
Skoda,Octavia,,Laurin & Klement,1.4L,Diesel,Manual,DG curated powertrain seed,broad
Skoda,Octavia,,vRS,1.4L,Diesel,Manual,DG curated powertrain seed,broad
Skoda,Octavia,,SportLine,1.4L,Diesel,Manual,DG curated powertrain seed,broad
Skoda,Octavia,,S,1.4L,Diesel,Automatic,DG curated powertrain seed,broad
Skoda,Octavia,,SE,1.4L,Diesel,Automatic,DG curated powertrain seed,broad
Skoda,Octavia,,SE Plus,1.4L,Diesel,Automatic,DG curated powertrain seed,broad
Skoda,Octavia,,Elegance,1.4L,Diesel,Automatic,DG curated powertrain seed,broad
Skoda,Octavia,,Laurin & Klement,1.4L,Diesel,Automatic,DG curated powertrain seed,broad
Skoda,Octavia,,vRS,1.4L,Diesel,Automatic,DG curated powertrain seed,broad
Skoda,Octavia,,SportLine,1.4L,Diesel,Automatic,DG curated powertrain seed,broad
Skoda,Octavia,,S,1.4L,Diesel,DSG,DG curated powertrain seed,broad
Skoda,Octavia,,SE,1.4L,Diesel,DSG,DG curated powertrain seed,broad
Skoda,Octavia,,SE Plus,1.4L,Diesel,DSG,DG curated powertrain seed,broad
Skoda,Octavia,,Elegance,1.4L,Diesel,DSG,DG curated powertrain seed,broad
Skoda,Octavia,,Laurin & Klement,1.4L,Diesel,DSG,DG curated powertrain seed,broad
Skoda,Octavia,,vRS,1.4L,Diesel,DSG,DG curated powertrain seed,broad
Skoda,Octavia,,SportLine,1.4L,Diesel,DSG,DG curated powertrain seed,broad
Skoda,Octavia,,S,1.5L,Diesel,Manual,DG curated powertrain seed,broad
Skoda,Octavia,,SE,1.5L,Diesel,Manual,DG curated powertrain seed,broad
Skoda,Octavia,,SE Plus,1.5L,Diesel,Manual,DG curated powertrain seed,broad
Skoda,Octavia,,Elegance,1.5L,Diesel,Manual,DG curated powertrain seed,broad
Skoda,Octavia,,Laurin & Klement,1.5L,Diesel,Manual,DG curated powertrain seed,broad
Skoda,Octavia,,vRS,1.5L,Diesel,Manual,DG curated powertrain seed,broad
Skoda,Octavia,,SportLine,1.5L,Diesel,Manual,DG curated powertrain seed,broad
Skoda,Octavia,,S,1.5L,Diesel,Automatic,DG curated powertrain seed,broad
Skoda,Octavia,,SE,1.5L,Diesel,Automatic,DG curated powertrain seed,broad
Skoda,Octavia,,SE Plus,1.5L,Diesel,Automatic,DG curated powertrain seed,broad
Skoda,Octavia,,Elegance,1.5L,Diesel,Automatic,DG curated powertrain seed,broad
Skoda,Octavia,,Laurin & Klement,1.5L,Diesel,Automatic,DG curated powertrain seed,broad
Skoda,Octavia,,vRS,1.5L,Diesel,Automatic,DG curated powertrain seed,broad
Skoda,Octavia,,SportLine,1.5L,Diesel,Automatic,DG curated powertrain seed,broad
Skoda,Octavia,,S,1.5L,Diesel,DSG,DG curated powertrain seed,broad
Skoda,Octavia,,SE,1.5L,Diesel,DSG,DG curated powertrain seed,broad
Skoda,Octavia,,SE Plus,1.5L,Diesel,DSG,DG curated powertrain seed,broad
Skoda,Octavia,,Elegance,1.5L,Diesel,DSG,DG curated powertrain seed,broad
Skoda,Octavia,,Laurin & Klement,1.5L,Diesel,DSG,DG curated powertrain seed,broad
Skoda,Octavia,,vRS,1.5L,Diesel,DSG,DG curated powertrain seed,broad
Skoda,Octavia,,SportLine,1.5L,Diesel,DSG,DG curated powertrain seed,broad
Skoda,Octavia,,S,1.6L,Diesel,Manual,DG curated powertrain seed,broad
Skoda,Octavia,,SE,1.6L,Diesel,Manual,DG curated powertrain seed,broad
Skoda,Octavia,,SE Plus,1.6L,Diesel,Manual,DG curated powertrain seed,broad
Skoda,Octavia,,Elegance,1.6L,Diesel,Manual,DG curated powertrain seed,broad
Skoda,Octavia,,Laurin & Klement,1.6L,Diesel,Manual,DG curated powertrain seed,broad
Skoda,Octavia,,vRS,1.6L,Diesel,Manual,DG curated powertrain seed,broad
Skoda,Octavia,,SportLine,1.6L,Diesel,Manual,DG curated powertrain seed,broad
Skoda,Octavia,,S,1.6L,Diesel,Automatic,DG curated powertrain seed,broad
Skoda,Octavia,,SE,1.6L,Diesel,Automatic,DG curated powertrain seed,broad
Skoda,Octavia,,SE Plus,1.6L,Diesel,Automatic,DG curated powertrain seed,broad
Skoda,Octavia,,Elegance,1.6L,Diesel,Automatic,DG curated powertrain seed,broad
Skoda,Octavia,,Laurin & Klement,1.6L,Diesel,Automatic,DG curated powertrain seed,broad
Skoda,Octavia,,vRS,1.6L,Diesel,Automatic,DG curated powertrain seed,broad
Skoda,Octavia,,SportLine,1.6L,Diesel,Automatic,DG curated powertrain seed,broad
Skoda,Octavia,,S,1.6L,Diesel,DSG,DG curated powertrain seed,broad
Skoda,Octavia,,SE,1.6L,Diesel,DSG,DG curated powertrain seed,broad
Skoda,Octavia,,SE Plus,1.6L,Diesel,DSG,DG curated powertrain seed,broad
Skoda,Octavia,,Elegance,1.6L,Diesel,DSG,DG curated powertrain seed,broad
Skoda,Octavia,,Laurin & Klement,1.6L,Diesel,DSG,DG curated powertrain seed,broad
Skoda,Octavia,,vRS,1.6L,Diesel,DSG,DG curated powertrain seed,broad
Skoda,Octavia,,SportLine,1.6L,Diesel,DSG,DG curated powertrain seed,broad
Skoda,Octavia,,S,1.8L,Diesel,Manual,DG curated powertrain seed,broad
Skoda,Octavia,,SE,1.8L,Diesel,Manual,DG curated powertrain seed,broad
Skoda,Octavia,,SE Plus,1.8L,Diesel,Manual,DG curated powertrain seed,broad
Skoda,Octavia,,Elegance,1.8L,Diesel,Manual,DG curated powertrain seed,broad
Skoda,Octavia,,Laurin & Klement,1.8L,Diesel,Manual,DG curated powertrain seed,broad
Skoda,Octavia,,vRS,1.8L,Diesel,Manual,DG curated powertrain seed,broad
Skoda,Octavia,,SportLine,1.8L,Diesel,Manual,DG curated powertrain seed,broad
Skoda,Octavia,,S,1.8L,Diesel,Automatic,DG curated powertrain seed,broad
Skoda,Octavia,,SE,1.8L,Diesel,Automatic,DG curated powertrain seed,broad
Skoda,Octavia,,SE Plus,1.8L,Diesel,Automatic,DG curated powertrain seed,broad
Skoda,Octavia,,Elegance,1.8L,Diesel,Automatic,DG curated powertrain seed,broad
Skoda,Octavia,,Laurin & Klement,1.8L,Diesel,Automatic,DG curated powertrain seed,broad
Skoda,Octavia,,vRS,1.8L,Diesel,Automatic,DG curated powertrain seed,broad
Skoda,Octavia,,SportLine,1.8L,Diesel,Automatic,DG curated powertrain seed,broad
Skoda,Octavia,,S,1.8L,Diesel,DSG,DG curated powertrain seed,broad
Skoda,Octavia,,SE,1.8L,Diesel,DSG,DG curated powertrain seed,broad
Skoda,Octavia,,SE Plus,1.8L,Diesel,DSG,DG curated powertrain seed,broad
Skoda,Octavia,,Elegance,1.8L,Diesel,DSG,DG curated powertrain seed,broad
Skoda,Octavia,,Laurin & Klement,1.8L,Diesel,DSG,DG curated powertrain seed,broad
Skoda,Octavia,,vRS,1.8L,Diesel,DSG,DG curated powertrain seed,broad
Skoda,Octavia,,SportLine,1.8L,Diesel,DSG,DG curated powertrain seed,broad
Skoda,Octavia,,S,2.0L,Diesel,Manual,DG curated powertrain seed,broad
Skoda,Octavia,,SE,2.0L,Diesel,Manual,DG curated powertrain seed,broad
Skoda,Octavia,,SE Plus,2.0L,Diesel,Manual,DG curated powertrain seed,broad
Skoda,Octavia,,Elegance,2.0L,Diesel,Manual,DG curated powertrain seed,broad
Skoda,Octavia,,Laurin & Klement,2.0L,Diesel,Manual,DG curated powertrain seed,broad
Skoda,Octavia,,vRS,2.0L,Diesel,Manual,DG curated powertrain seed,broad
Skoda,Octavia,,SportLine,2.0L,Diesel,Manual,DG curated powertrain seed,broad
Skoda,Octavia,,S,2.0L,Diesel,Automatic,DG curated powertrain seed,broad
Skoda,Octavia,,SE,2.0L,Diesel,Automatic,DG curated powertrain seed,broad
Skoda,Octavia,,SE Plus,2.0L,Diesel,Automatic,DG curated powertrain seed,broad
Skoda,Octavia,,Elegance,2.0L,Diesel,Automatic,DG curated powertrain seed,broad
Skoda,Octavia,,Laurin & Klement,2.0L,Diesel,Automatic,DG curated powertrain seed,broad
Skoda,Octavia,,vRS,2.0L,Diesel,Automatic,DG curated powertrain seed,broad
Skoda,Octavia,,SportLine,2.0L,Diesel,Automatic,DG curated powertrain seed,broad
Skoda,Octavia,,S,2.0L,Diesel,DSG,DG curated powertrain seed,broad
Skoda,Octavia,,SE,2.0L,Diesel,DSG,DG curated powertrain seed,broad
Skoda,Octavia,,SE Plus,2.0L,Diesel,DSG,DG curated powertrain seed,broad
Skoda,Octavia,,Elegance,2.0L,Diesel,DSG,DG curated powertrain seed,broad
Skoda,Octavia,,Laurin & Klement,2.0L,Diesel,DSG,DG curated powertrain seed,broad
Skoda,Octavia,,vRS,2.0L,Diesel,DSG,DG curated powertrain seed,broad
Skoda,Octavia,,SportLine,2.0L,Diesel,DSG,DG curated powertrain seed,broad
Skoda,Octavia,,S,1.0L,Hybrid,Manual,DG curated powertrain seed,broad
Skoda,Octavia,,SE,1.0L,Hybrid,Manual,DG curated powertrain seed,broad
Skoda,Octavia,,SE Plus,1.0L,Hybrid,Manual,DG curated powertrain seed,broad
Skoda,Octavia,,Elegance,1.0L,Hybrid,Manual,DG curated powertrain seed,broad
Skoda,Octavia,,Laurin & Klement,1.0L,Hybrid,Manual,DG curated powertrain seed,broad
Skoda,Octavia,,vRS,1.0L,Hybrid,Manual,DG curated powertrain seed,broad
Skoda,Octavia,,SportLine,1.0L,Hybrid,Manual,DG curated powertrain seed,broad
Skoda,Octavia,,S,1.0L,Hybrid,Automatic,DG curated powertrain seed,broad
Skoda,Octavia,,SE,1.0L,Hybrid,Automatic,DG curated powertrain seed,broad
Skoda,Octavia,,SE Plus,1.0L,Hybrid,Automatic,DG curated powertrain seed,broad
Skoda,Octavia,,Elegance,1.0L,Hybrid,Automatic,DG curated powertrain seed,broad
Skoda,Octavia,,Laurin & Klement,1.0L,Hybrid,Automatic,DG curated powertrain seed,broad
Skoda,Octavia,,vRS,1.0L,Hybrid,Automatic,DG curated powertrain seed,broad
Skoda,Octavia,,SportLine,1.0L,Hybrid,Automatic,DG curated powertrain seed,broad
Skoda,Octavia,,S,1.0L,Hybrid,DSG,DG curated powertrain seed,broad
Skoda,Octavia,,SE,1.0L,Hybrid,DSG,DG curated powertrain seed,broad
Skoda,Octavia,,SE Plus,1.0L,Hybrid,DSG,DG curated powertrain seed,broad
Skoda,Octavia,,Elegance,1.0L,Hybrid,DSG,DG curated powertrain seed,broad
Skoda,Octavia,,Laurin & Klement,1.0L,Hybrid,DSG,DG curated powertrain seed,broad
Skoda,Octavia,,vRS,1.0L,Hybrid,DSG,DG curated powertrain seed,broad
Skoda,Octavia,,SportLine,1.0L,Hybrid,DSG,DG curated powertrain seed,broad
Skoda,Octavia,,S,1.2L,Hybrid,Manual,DG curated powertrain seed,broad
Skoda,Octavia,,SE,1.2L,Hybrid,Manual,DG curated powertrain seed,broad
Skoda,Octavia,,SE Plus,1.2L,Hybrid,Manual,DG curated powertrain seed,broad
Skoda,Octavia,,Elegance,1.2L,Hybrid,Manual,DG curated powertrain seed,broad
Skoda,Octavia,,Laurin & Klement,1.2L,Hybrid,Manual,DG curated powertrain seed,broad
Skoda,Octavia,,vRS,1.2L,Hybrid,Manual,DG curated powertrain seed,broad
Skoda,Octavia,,SportLine,1.2L,Hybrid,Manual,DG curated powertrain seed,broad
Skoda,Octavia,,S,1.2L,Hybrid,Automatic,DG curated powertrain seed,broad
Skoda,Octavia,,SE,1.2L,Hybrid,Automatic,DG curated powertrain seed,broad
Skoda,Octavia,,SE Plus,1.2L,Hybrid,Automatic,DG curated powertrain seed,broad
Skoda,Octavia,,Elegance,1.2L,Hybrid,Automatic,DG curated powertrain seed,broad
Skoda,Octavia,,Laurin & Klement,1.2L,Hybrid,Automatic,DG curated powertrain seed,broad
Skoda,Octavia,,vRS,1.2L,Hybrid,Automatic,DG curated powertrain seed,broad
Skoda,Octavia,,SportLine,1.2L,Hybrid,Automatic,DG curated powertrain seed,broad
Skoda,Octavia,,S,1.2L,Hybrid,DSG,DG curated powertrain seed,broad
Skoda,Octavia,,SE,1.2L,Hybrid,DSG,DG curated powertrain seed,broad
Skoda,Octavia,,SE Plus,1.2L,Hybrid,DSG,DG curated powertrain seed,broad
Skoda,Octavia,,Elegance,1.2L,Hybrid,DSG,DG curated powertrain seed,broad
Skoda,Octavia,,Laurin & Klement,1.2L,Hybrid,DSG,DG curated powertrain seed,broad
Skoda,Octavia,,vRS,1.2L,Hybrid,DSG,DG curated powertrain seed,broad
Skoda,Octavia,,SportLine,1.2L,Hybrid,DSG,DG curated powertrain seed,broad
Skoda,Octavia,,S,1.4L,Hybrid,Manual,DG curated powertrain seed,broad
Skoda,Octavia,,SE,1.4L,Hybrid,Manual,DG curated powertrain seed,broad
Skoda,Octavia,,SE Plus,1.4L,Hybrid,Manual,DG curated powertrain seed,broad
Skoda,Octavia,,Elegance,1.4L,Hybrid,Manual,DG curated powertrain seed,broad
Skoda,Octavia,,Laurin & Klement,1.4L,Hybrid,Manual,DG curated powertrain seed,broad
Skoda,Octavia,,vRS,1.4L,Hybrid,Manual,DG curated powertrain seed,broad
Skoda,Octavia,,SportLine,1.4L,Hybrid,Manual,DG curated powertrain seed,broad
Skoda,Octavia,,S,1.4L,Hybrid,Automatic,DG curated powertrain seed,broad
Skoda,Octavia,,SE,1.4L,Hybrid,Automatic,DG curated powertrain seed,broad
Skoda,Octavia,,SE Plus,1.4L,Hybrid,Automatic,DG curated powertrain seed,broad
Skoda,Octavia,,Elegance,1.4L,Hybrid,Automatic,DG curated powertrain seed,broad
Skoda,Octavia,,Laurin & Klement,1.4L,Hybrid,Automatic,DG curated powertrain seed,broad
Skoda,Octavia,,vRS,1.4L,Hybrid,Automatic,DG curated powertrain seed,broad
Skoda,Octavia,,SportLine,1.4L,Hybrid,Automatic,DG curated powertrain seed,broad
Skoda,Octavia,,S,1.4L,Hybrid,DSG,DG curated powertrain seed,broad
Skoda,Octavia,,SE,1.4L,Hybrid,DSG,DG curated powertrain seed,broad
Skoda,Octavia,,SE Plus,1.4L,Hybrid,DSG,DG curated powertrain seed,broad
Skoda,Octavia,,Elegance,1.4L,Hybrid,DSG,DG curated powertrain seed,broad
Skoda,Octavia,,Laurin & Klement,1.4L,Hybrid,DSG,DG curated powertrain seed,broad
Skoda,Octavia,,vRS,1.4L,Hybrid,DSG,DG curated powertrain seed,broad
Skoda,Octavia,,SportLine,1.4L,Hybrid,DSG,DG curated powertrain seed,broad
Skoda,Octavia,,S,1.5L,Hybrid,Manual,DG curated powertrain seed,broad
Skoda,Octavia,,SE,1.5L,Hybrid,Manual,DG curated powertrain seed,broad
Skoda,Octavia,,SE Plus,1.5L,Hybrid,Manual,DG curated powertrain seed,broad
Skoda,Octavia,,Elegance,1.5L,Hybrid,Manual,DG curated powertrain seed,broad
Skoda,Octavia,,Laurin & Klement,1.5L,Hybrid,Manual,DG curated powertrain seed,broad
Skoda,Octavia,,vRS,1.5L,Hybrid,Manual,DG curated powertrain seed,broad
Skoda,Octavia,,SportLine,1.5L,Hybrid,Manual,DG curated powertrain seed,broad
Skoda,Octavia,,S,1.5L,Hybrid,Automatic,DG curated powertrain seed,broad
Skoda,Octavia,,SE,1.5L,Hybrid,Automatic,DG curated powertrain seed,broad
Skoda,Octavia,,SE Plus,1.5L,Hybrid,Automatic,DG curated powertrain seed,broad
Skoda,Octavia,,Elegance,1.5L,Hybrid,Automatic,DG curated powertrain seed,broad
Skoda,Octavia,,Laurin & Klement,1.5L,Hybrid,Automatic,DG curated powertrain seed,broad
Skoda,Octavia,,vRS,1.5L,Hybrid,Automatic,DG curated powertrain seed,broad
Skoda,Octavia,,SportLine,1.5L,Hybrid,Automatic,DG curated powertrain seed,broad
Skoda,Octavia,,S,1.5L,Hybrid,DSG,DG curated powertrain seed,broad
Skoda,Octavia,,SE,1.5L,Hybrid,DSG,DG curated powertrain seed,broad
Skoda,Octavia,,SE Plus,1.5L,Hybrid,DSG,DG curated powertrain seed,broad
Skoda,Octavia,,Elegance,1.5L,Hybrid,DSG,DG curated powertrain seed,broad
Skoda,Octavia,,Laurin & Klement,1.5L,Hybrid,DSG,DG curated powertrain seed,broad
Skoda,Octavia,,vRS,1.5L,Hybrid,DSG,DG curated powertrain seed,broad
Skoda,Octavia,,SportLine,1.5L,Hybrid,DSG,DG curated powertrain seed,broad
Skoda,Octavia,,S,1.6L,Hybrid,Manual,DG curated powertrain seed,broad
Skoda,Octavia,,SE,1.6L,Hybrid,Manual,DG curated powertrain seed,broad
Skoda,Octavia,,SE Plus,1.6L,Hybrid,Manual,DG curated powertrain seed,broad
Skoda,Octavia,,Elegance,1.6L,Hybrid,Manual,DG curated powertrain seed,broad
Skoda,Octavia,,Laurin & Klement,1.6L,Hybrid,Manual,DG curated powertrain seed,broad
Skoda,Octavia,,vRS,1.6L,Hybrid,Manual,DG curated powertrain seed,broad
Skoda,Octavia,,SportLine,1.6L,Hybrid,Manual,DG curated powertrain seed,broad
Skoda,Octavia,,S,1.6L,Hybrid,Automatic,DG curated powertrain seed,broad
Skoda,Octavia,,SE,1.6L,Hybrid,Automatic,DG curated powertrain seed,broad
Skoda,Octavia,,SE Plus,1.6L,Hybrid,Automatic,DG curated powertrain seed,broad
Skoda,Octavia,,Elegance,1.6L,Hybrid,Automatic,DG curated powertrain seed,broad
Skoda,Octavia,,Laurin & Klement,1.6L,Hybrid,Automatic,DG curated powertrain seed,broad
Skoda,Octavia,,vRS,1.6L,Hybrid,Automatic,DG curated powertrain seed,broad
Skoda,Octavia,,SportLine,1.6L,Hybrid,Automatic,DG curated powertrain seed,broad
Skoda,Octavia,,S,1.6L,Hybrid,DSG,DG curated powertrain seed,broad
Skoda,Octavia,,SE,1.6L,Hybrid,DSG,DG curated powertrain seed,broad
Skoda,Octavia,,SE Plus,1.6L,Hybrid,DSG,DG curated powertrain seed,broad
Skoda,Octavia,,Elegance,1.6L,Hybrid,DSG,DG curated powertrain seed,broad
Skoda,Octavia,,Laurin & Klement,1.6L,Hybrid,DSG,DG curated powertrain seed,broad
Skoda,Octavia,,vRS,1.6L,Hybrid,DSG,DG curated powertrain seed,broad
Skoda,Octavia,,SportLine,1.6L,Hybrid,DSG,DG curated powertrain seed,broad
Skoda,Octavia,,S,1.8L,Hybrid,Manual,DG curated powertrain seed,broad
Skoda,Octavia,,SE,1.8L,Hybrid,Manual,DG curated powertrain seed,broad
Skoda,Octavia,,SE Plus,1.8L,Hybrid,Manual,DG curated powertrain seed,broad
Skoda,Octavia,,Elegance,1.8L,Hybrid,Manual,DG curated powertrain seed,broad
Skoda,Octavia,,Laurin & Klement,1.8L,Hybrid,Manual,DG curated powertrain seed,broad
Skoda,Octavia,,vRS,1.8L,Hybrid,Manual,DG curated powertrain seed,broad
Skoda,Octavia,,SportLine,1.8L,Hybrid,Manual,DG curated powertrain seed,broad
Skoda,Octavia,,S,1.8L,Hybrid,Automatic,DG curated powertrain seed,broad
Skoda,Octavia,,SE,1.8L,Hybrid,Automatic,DG curated powertrain seed,broad
Skoda,Octavia,,SE Plus,1.8L,Hybrid,Automatic,DG curated powertrain seed,broad
Skoda,Octavia,,Elegance,1.8L,Hybrid,Automatic,DG curated powertrain seed,broad
Skoda,Octavia,,Laurin & Klement,1.8L,Hybrid,Automatic,DG curated powertrain seed,broad
Skoda,Octavia,,vRS,1.8L,Hybrid,Automatic,DG curated powertrain seed,broad
Skoda,Octavia,,SportLine,1.8L,Hybrid,Automatic,DG curated powertrain seed,broad
Skoda,Octavia,,S,1.8L,Hybrid,DSG,DG curated powertrain seed,broad
Skoda,Octavia,,SE,1.8L,Hybrid,DSG,DG curated powertrain seed,broad
Skoda,Octavia,,SE Plus,1.8L,Hybrid,DSG,DG curated powertrain seed,broad
Skoda,Octavia,,Elegance,1.8L,Hybrid,DSG,DG curated powertrain seed,broad
Skoda,Octavia,,Laurin & Klement,1.8L,Hybrid,DSG,DG curated powertrain seed,broad
Skoda,Octavia,,vRS,1.8L,Hybrid,DSG,DG curated powertrain seed,broad
Skoda,Octavia,,SportLine,1.8L,Hybrid,DSG,DG curated powertrain seed,broad
Skoda,Octavia,,S,2.0L,Hybrid,Manual,DG curated powertrain seed,broad
Skoda,Octavia,,SE,2.0L,Hybrid,Manual,DG curated powertrain seed,broad
Skoda,Octavia,,SE Plus,2.0L,Hybrid,Manual,DG curated powertrain seed,broad
Skoda,Octavia,,Elegance,2.0L,Hybrid,Manual,DG curated powertrain seed,broad
Skoda,Octavia,,Laurin & Klement,2.0L,Hybrid,Manual,DG curated powertrain seed,broad
Skoda,Octavia,,vRS,2.0L,Hybrid,Manual,DG curated powertrain seed,broad
Skoda,Octavia,,SportLine,2.0L,Hybrid,Manual,DG curated powertrain seed,broad
Skoda,Octavia,,S,2.0L,Hybrid,Automatic,DG curated powertrain seed,broad
Skoda,Octavia,,SE,2.0L,Hybrid,Automatic,DG curated powertrain seed,broad
Skoda,Octavia,,SE Plus,2.0L,Hybrid,Automatic,DG curated powertrain seed,broad
Skoda,Octavia,,Elegance,2.0L,Hybrid,Automatic,DG curated powertrain seed,broad
Skoda,Octavia,,Laurin & Klement,2.0L,Hybrid,Automatic,DG curated powertrain seed,broad
Skoda,Octavia,,vRS,2.0L,Hybrid,Automatic,DG curated powertrain seed,broad
Skoda,Octavia,,SportLine,2.0L,Hybrid,Automatic,DG curated powertrain seed,broad
Skoda,Octavia,,S,2.0L,Hybrid,DSG,DG curated powertrain seed,broad
Skoda,Octavia,,SE,2.0L,Hybrid,DSG,DG curated powertrain seed,broad
Skoda,Octavia,,SE Plus,2.0L,Hybrid,DSG,DG curated powertrain seed,broad
Skoda,Octavia,,Elegance,2.0L,Hybrid,DSG,DG curated powertrain seed,broad
Skoda,Octavia,,Laurin & Klement,2.0L,Hybrid,DSG,DG curated powertrain seed,broad
Skoda,Octavia,,vRS,2.0L,Hybrid,DSG,DG curated powertrain seed,broad
Skoda,Octavia,,SportLine,2.0L,Hybrid,DSG,DG curated powertrain seed,broad
Volkswagen,Golf,,S,1.0L,Petrol,Manual,DG curated powertrain seed,broad
Volkswagen,Golf,,SE,1.0L,Petrol,Manual,DG curated powertrain seed,broad
Volkswagen,Golf,,Match,1.0L,Petrol,Manual,DG curated powertrain seed,broad
Volkswagen,Golf,,GT,1.0L,Petrol,Manual,DG curated powertrain seed,broad
Volkswagen,Golf,,GT Edition,1.0L,Petrol,Manual,DG curated powertrain seed,broad
Volkswagen,Golf,,GTI,1.0L,Petrol,Manual,DG curated powertrain seed,broad
Volkswagen,Golf,,GTD,1.0L,Petrol,Manual,DG curated powertrain seed,broad
Volkswagen,Golf,,R,1.0L,Petrol,Manual,DG curated powertrain seed,broad
Volkswagen,Golf,,R-Line,1.0L,Petrol,Manual,DG curated powertrain seed,broad
Volkswagen,Golf,,S,1.0L,Petrol,Automatic,DG curated powertrain seed,broad
Volkswagen,Golf,,SE,1.0L,Petrol,Automatic,DG curated powertrain seed,broad
Volkswagen,Golf,,Match,1.0L,Petrol,Automatic,DG curated powertrain seed,broad
Volkswagen,Golf,,GT,1.0L,Petrol,Automatic,DG curated powertrain seed,broad
Volkswagen,Golf,,GT Edition,1.0L,Petrol,Automatic,DG curated powertrain seed,broad
Volkswagen,Golf,,GTI,1.0L,Petrol,Automatic,DG curated powertrain seed,broad
Volkswagen,Golf,,GTD,1.0L,Petrol,Automatic,DG curated powertrain seed,broad
Volkswagen,Golf,,R,1.0L,Petrol,Automatic,DG curated powertrain seed,broad
Volkswagen,Golf,,R-Line,1.0L,Petrol,Automatic,DG curated powertrain seed,broad
Volkswagen,Golf,,S,1.0L,Petrol,DSG,DG curated powertrain seed,broad
Volkswagen,Golf,,SE,1.0L,Petrol,DSG,DG curated powertrain seed,broad
Volkswagen,Golf,,Match,1.0L,Petrol,DSG,DG curated powertrain seed,broad
Volkswagen,Golf,,GT,1.0L,Petrol,DSG,DG curated powertrain seed,broad
Volkswagen,Golf,,GT Edition,1.0L,Petrol,DSG,DG curated powertrain seed,broad
Volkswagen,Golf,,GTI,1.0L,Petrol,DSG,DG curated powertrain seed,broad
Volkswagen,Golf,,GTD,1.0L,Petrol,DSG,DG curated powertrain seed,broad
Volkswagen,Golf,,R,1.0L,Petrol,DSG,DG curated powertrain seed,broad
Volkswagen,Golf,,R-Line,1.0L,Petrol,DSG,DG curated powertrain seed,broad
Volkswagen,Golf,,S,1.2L,Petrol,Manual,DG curated powertrain seed,broad
Volkswagen,Golf,,SE,1.2L,Petrol,Manual,DG curated powertrain seed,broad
Volkswagen,Golf,,Match,1.2L,Petrol,Manual,DG curated powertrain seed,broad
Volkswagen,Golf,,GT,1.2L,Petrol,Manual,DG curated powertrain seed,broad
Volkswagen,Golf,,GT Edition,1.2L,Petrol,Manual,DG curated powertrain seed,broad
Volkswagen,Golf,,GTI,1.2L,Petrol,Manual,DG curated powertrain seed,broad
Volkswagen,Golf,,GTD,1.2L,Petrol,Manual,DG curated powertrain seed,broad
Volkswagen,Golf,,R,1.2L,Petrol,Manual,DG curated powertrain seed,broad
Volkswagen,Golf,,R-Line,1.2L,Petrol,Manual,DG curated powertrain seed,broad
Volkswagen,Golf,,S,1.2L,Petrol,Automatic,DG curated powertrain seed,broad
Volkswagen,Golf,,SE,1.2L,Petrol,Automatic,DG curated powertrain seed,broad
Volkswagen,Golf,,Match,1.2L,Petrol,Automatic,DG curated powertrain seed,broad
Volkswagen,Golf,,GT,1.2L,Petrol,Automatic,DG curated powertrain seed,broad
Volkswagen,Golf,,GT Edition,1.2L,Petrol,Automatic,DG curated powertrain seed,broad
Volkswagen,Golf,,GTI,1.2L,Petrol,Automatic,DG curated powertrain seed,broad
Volkswagen,Golf,,GTD,1.2L,Petrol,Automatic,DG curated powertrain seed,broad
Volkswagen,Golf,,R,1.2L,Petrol,Automatic,DG curated powertrain seed,broad
Volkswagen,Golf,,R-Line,1.2L,Petrol,Automatic,DG curated powertrain seed,broad
Volkswagen,Golf,,S,1.2L,Petrol,DSG,DG curated powertrain seed,broad
Volkswagen,Golf,,SE,1.2L,Petrol,DSG,DG curated powertrain seed,broad
Volkswagen,Golf,,Match,1.2L,Petrol,DSG,DG curated powertrain seed,broad
Volkswagen,Golf,,GT,1.2L,Petrol,DSG,DG curated powertrain seed,broad
Volkswagen,Golf,,GT Edition,1.2L,Petrol,DSG,DG curated powertrain seed,broad
Volkswagen,Golf,,GTI,1.2L,Petrol,DSG,DG curated powertrain seed,broad
Volkswagen,Golf,,GTD,1.2L,Petrol,DSG,DG curated powertrain seed,broad
Volkswagen,Golf,,R,1.2L,Petrol,DSG,DG curated powertrain seed,broad
Volkswagen,Golf,,R-Line,1.2L,Petrol,DSG,DG curated powertrain seed,broad
Volkswagen,Golf,,S,1.4L,Petrol,Manual,DG curated powertrain seed,broad
Volkswagen,Golf,,SE,1.4L,Petrol,Manual,DG curated powertrain seed,broad
Volkswagen,Golf,,Match,1.4L,Petrol,Manual,DG curated powertrain seed,broad
Volkswagen,Golf,,GT,1.4L,Petrol,Manual,DG curated powertrain seed,broad
Volkswagen,Golf,,GT Edition,1.4L,Petrol,Manual,DG curated powertrain seed,broad
Volkswagen,Golf,,GTI,1.4L,Petrol,Manual,DG curated powertrain seed,broad
Volkswagen,Golf,,GTD,1.4L,Petrol,Manual,DG curated powertrain seed,broad
Volkswagen,Golf,,R,1.4L,Petrol,Manual,DG curated powertrain seed,broad
Volkswagen,Golf,,R-Line,1.4L,Petrol,Manual,DG curated powertrain seed,broad
Volkswagen,Golf,,S,1.4L,Petrol,Automatic,DG curated powertrain seed,broad
Volkswagen,Golf,,SE,1.4L,Petrol,Automatic,DG curated powertrain seed,broad
Volkswagen,Golf,,Match,1.4L,Petrol,Automatic,DG curated powertrain seed,broad
Volkswagen,Golf,,GT,1.4L,Petrol,Automatic,DG curated powertrain seed,broad
Volkswagen,Golf,,GT Edition,1.4L,Petrol,Automatic,DG curated powertrain seed,broad
Volkswagen,Golf,,GTI,1.4L,Petrol,Automatic,DG curated powertrain seed,broad
Volkswagen,Golf,,GTD,1.4L,Petrol,Automatic,DG curated powertrain seed,broad
Volkswagen,Golf,,R,1.4L,Petrol,Automatic,DG curated powertrain seed,broad
Volkswagen,Golf,,R-Line,1.4L,Petrol,Automatic,DG curated powertrain seed,broad
Volkswagen,Golf,,S,1.4L,Petrol,DSG,DG curated powertrain seed,broad
Volkswagen,Golf,,SE,1.4L,Petrol,DSG,DG curated powertrain seed,broad
Volkswagen,Golf,,Match,1.4L,Petrol,DSG,DG curated powertrain seed,broad
Volkswagen,Golf,,GT,1.4L,Petrol,DSG,DG curated powertrain seed,broad
Volkswagen,Golf,,GT Edition,1.4L,Petrol,DSG,DG curated powertrain seed,broad
Volkswagen,Golf,,GTI,1.4L,Petrol,DSG,DG curated powertrain seed,broad
Volkswagen,Golf,,GTD,1.4L,Petrol,DSG,DG curated powertrain seed,broad
Volkswagen,Golf,,R,1.4L,Petrol,DSG,DG curated powertrain seed,broad
Volkswagen,Golf,,R-Line,1.4L,Petrol,DSG,DG curated powertrain seed,broad
Volkswagen,Golf,,S,1.5L,Petrol,Manual,DG curated powertrain seed,broad
Volkswagen,Golf,,SE,1.5L,Petrol,Manual,DG curated powertrain seed,broad
Volkswagen,Golf,,Match,1.5L,Petrol,Manual,DG curated powertrain seed,broad
Volkswagen,Golf,,GT,1.5L,Petrol,Manual,DG curated powertrain seed,broad
Volkswagen,Golf,,GT Edition,1.5L,Petrol,Manual,DG curated powertrain seed,broad
Volkswagen,Golf,,GTI,1.5L,Petrol,Manual,DG curated powertrain seed,broad
Volkswagen,Golf,,GTD,1.5L,Petrol,Manual,DG curated powertrain seed,broad
Volkswagen,Golf,,R,1.5L,Petrol,Manual,DG curated powertrain seed,broad
Volkswagen,Golf,,R-Line,1.5L,Petrol,Manual,DG curated powertrain seed,broad
Volkswagen,Golf,,S,1.5L,Petrol,Automatic,DG curated powertrain seed,broad
Volkswagen,Golf,,SE,1.5L,Petrol,Automatic,DG curated powertrain seed,broad
Volkswagen,Golf,,Match,1.5L,Petrol,Automatic,DG curated powertrain seed,broad
Volkswagen,Golf,,GT,1.5L,Petrol,Automatic,DG curated powertrain seed,broad
Volkswagen,Golf,,GT Edition,1.5L,Petrol,Automatic,DG curated powertrain seed,broad
Volkswagen,Golf,,GTI,1.5L,Petrol,Automatic,DG curated powertrain seed,broad
Volkswagen,Golf,,GTD,1.5L,Petrol,Automatic,DG curated powertrain seed,broad
Volkswagen,Golf,,R,1.5L,Petrol,Automatic,DG curated powertrain seed,broad
Volkswagen,Golf,,R-Line,1.5L,Petrol,Automatic,DG curated powertrain seed,broad
Volkswagen,Golf,,S,1.5L,Petrol,DSG,DG curated powertrain seed,broad
Volkswagen,Golf,,SE,1.5L,Petrol,DSG,DG curated powertrain seed,broad
Volkswagen,Golf,,Match,1.5L,Petrol,DSG,DG curated powertrain seed,broad
Volkswagen,Golf,,GT,1.5L,Petrol,DSG,DG curated powertrain seed,broad
Volkswagen,Golf,,GT Edition,1.5L,Petrol,DSG,DG curated powertrain seed,broad
Volkswagen,Golf,,GTI,1.5L,Petrol,DSG,DG curated powertrain seed,broad
Volkswagen,Golf,,GTD,1.5L,Petrol,DSG,DG curated powertrain seed,broad
Volkswagen,Golf,,R,1.5L,Petrol,DSG,DG curated powertrain seed,broad
Volkswagen,Golf,,R-Line,1.5L,Petrol,DSG,DG curated powertrain seed,broad
Volkswagen,Golf,,S,1.6L,Petrol,Manual,DG curated powertrain seed,broad
Volkswagen,Golf,,SE,1.6L,Petrol,Manual,DG curated powertrain seed,broad
Volkswagen,Golf,,Match,1.6L,Petrol,Manual,DG curated powertrain seed,broad
Volkswagen,Golf,,GT,1.6L,Petrol,Manual,DG curated powertrain seed,broad
Volkswagen,Golf,,GT Edition,1.6L,Petrol,Manual,DG curated powertrain seed,broad
Volkswagen,Golf,,GTI,1.6L,Petrol,Manual,DG curated powertrain seed,broad
Volkswagen,Golf,,GTD,1.6L,Petrol,Manual,DG curated powertrain seed,broad
Volkswagen,Golf,,R,1.6L,Petrol,Manual,DG curated powertrain seed,broad
Volkswagen,Golf,,R-Line,1.6L,Petrol,Manual,DG curated powertrain seed,broad
Volkswagen,Golf,,S,1.6L,Petrol,Automatic,DG curated powertrain seed,broad
Volkswagen,Golf,,SE,1.6L,Petrol,Automatic,DG curated powertrain seed,broad
Volkswagen,Golf,,Match,1.6L,Petrol,Automatic,DG curated powertrain seed,broad
Volkswagen,Golf,,GT,1.6L,Petrol,Automatic,DG curated powertrain seed,broad
Volkswagen,Golf,,GT Edition,1.6L,Petrol,Automatic,DG curated powertrain seed,broad
Volkswagen,Golf,,GTI,1.6L,Petrol,Automatic,DG curated powertrain seed,broad
Volkswagen,Golf,,GTD,1.6L,Petrol,Automatic,DG curated powertrain seed,broad
Volkswagen,Golf,,R,1.6L,Petrol,Automatic,DG curated powertrain seed,broad
Volkswagen,Golf,,R-Line,1.6L,Petrol,Automatic,DG curated powertrain seed,broad
Volkswagen,Golf,,S,1.6L,Petrol,DSG,DG curated powertrain seed,broad
Volkswagen,Golf,,SE,1.6L,Petrol,DSG,DG curated powertrain seed,broad
Volkswagen,Golf,,Match,1.6L,Petrol,DSG,DG curated powertrain seed,broad
Volkswagen,Golf,,GT,1.6L,Petrol,DSG,DG curated powertrain seed,broad
Volkswagen,Golf,,GT Edition,1.6L,Petrol,DSG,DG curated powertrain seed,broad
Volkswagen,Golf,,GTI,1.6L,Petrol,DSG,DG curated powertrain seed,broad
Volkswagen,Golf,,GTD,1.6L,Petrol,DSG,DG curated powertrain seed,broad
Volkswagen,Golf,,R,1.6L,Petrol,DSG,DG curated powertrain seed,broad
Volkswagen,Golf,,R-Line,1.6L,Petrol,DSG,DG curated powertrain seed,broad
Volkswagen,Golf,,S,2.0L,Petrol,Manual,DG curated powertrain seed,broad
Volkswagen,Golf,,SE,2.0L,Petrol,Manual,DG curated powertrain seed,broad
Volkswagen,Golf,,Match,2.0L,Petrol,Manual,DG curated powertrain seed,broad
Volkswagen,Golf,,GT,2.0L,Petrol,Manual,DG curated powertrain seed,broad
Volkswagen,Golf,,GT Edition,2.0L,Petrol,Manual,DG curated powertrain seed,broad
Volkswagen,Golf,,GTI,2.0L,Petrol,Manual,DG curated powertrain seed,broad
Volkswagen,Golf,,GTD,2.0L,Petrol,Manual,DG curated powertrain seed,broad
Volkswagen,Golf,,R,2.0L,Petrol,Manual,DG curated powertrain seed,broad
Volkswagen,Golf,,R-Line,2.0L,Petrol,Manual,DG curated powertrain seed,broad
Volkswagen,Golf,,S,2.0L,Petrol,Automatic,DG curated powertrain seed,broad
Volkswagen,Golf,,SE,2.0L,Petrol,Automatic,DG curated powertrain seed,broad
Volkswagen,Golf,,Match,2.0L,Petrol,Automatic,DG curated powertrain seed,broad
Volkswagen,Golf,,GT,2.0L,Petrol,Automatic,DG curated powertrain seed,broad
Volkswagen,Golf,,GT Edition,2.0L,Petrol,Automatic,DG curated powertrain seed,broad
Volkswagen,Golf,,GTI,2.0L,Petrol,Automatic,DG curated powertrain seed,broad
Volkswagen,Golf,,GTD,2.0L,Petrol,Automatic,DG curated powertrain seed,broad
Volkswagen,Golf,,R,2.0L,Petrol,Automatic,DG curated powertrain seed,broad
Volkswagen,Golf,,R-Line,2.0L,Petrol,Automatic,DG curated powertrain seed,broad
Volkswagen,Golf,,S,2.0L,Petrol,DSG,DG curated powertrain seed,broad
Volkswagen,Golf,,SE,2.0L,Petrol,DSG,DG curated powertrain seed,broad
Volkswagen,Golf,,Match,2.0L,Petrol,DSG,DG curated powertrain seed,broad
Volkswagen,Golf,,GT,2.0L,Petrol,DSG,DG curated powertrain seed,broad
Volkswagen,Golf,,GT Edition,2.0L,Petrol,DSG,DG curated powertrain seed,broad
Volkswagen,Golf,,GTI,2.0L,Petrol,DSG,DG curated powertrain seed,broad
Volkswagen,Golf,,GTD,2.0L,Petrol,DSG,DG curated powertrain seed,broad
Volkswagen,Golf,,R,2.0L,Petrol,DSG,DG curated powertrain seed,broad
Volkswagen,Golf,,R-Line,2.0L,Petrol,DSG,DG curated powertrain seed,broad
Volkswagen,Golf,,S,1.0L,Diesel,Manual,DG curated powertrain seed,broad
Volkswagen,Golf,,SE,1.0L,Diesel,Manual,DG curated powertrain seed,broad
Volkswagen,Golf,,Match,1.0L,Diesel,Manual,DG curated powertrain seed,broad
Volkswagen,Golf,,GT,1.0L,Diesel,Manual,DG curated powertrain seed,broad
Volkswagen,Golf,,GT Edition,1.0L,Diesel,Manual,DG curated powertrain seed,broad
Volkswagen,Golf,,GTI,1.0L,Diesel,Manual,DG curated powertrain seed,broad
Volkswagen,Golf,,GTD,1.0L,Diesel,Manual,DG curated powertrain seed,broad
Volkswagen,Golf,,R,1.0L,Diesel,Manual,DG curated powertrain seed,broad
Volkswagen,Golf,,R-Line,1.0L,Diesel,Manual,DG curated powertrain seed,broad
Volkswagen,Golf,,S,1.0L,Diesel,Automatic,DG curated powertrain seed,broad
Volkswagen,Golf,,SE,1.0L,Diesel,Automatic,DG curated powertrain seed,broad
Volkswagen,Golf,,Match,1.0L,Diesel,Automatic,DG curated powertrain seed,broad
Volkswagen,Golf,,GT,1.0L,Diesel,Automatic,DG curated powertrain seed,broad
Volkswagen,Golf,,GT Edition,1.0L,Diesel,Automatic,DG curated powertrain seed,broad
Volkswagen,Golf,,GTI,1.0L,Diesel,Automatic,DG curated powertrain seed,broad
Volkswagen,Golf,,GTD,1.0L,Diesel,Automatic,DG curated powertrain seed,broad
Volkswagen,Golf,,R,1.0L,Diesel,Automatic,DG curated powertrain seed,broad
Volkswagen,Golf,,R-Line,1.0L,Diesel,Automatic,DG curated powertrain seed,broad
Volkswagen,Golf,,S,1.0L,Diesel,DSG,DG curated powertrain seed,broad
Volkswagen,Golf,,SE,1.0L,Diesel,DSG,DG curated powertrain seed,broad
Volkswagen,Golf,,Match,1.0L,Diesel,DSG,DG curated powertrain seed,broad
Volkswagen,Golf,,GT,1.0L,Diesel,DSG,DG curated powertrain seed,broad
Volkswagen,Golf,,GT Edition,1.0L,Diesel,DSG,DG curated powertrain seed,broad
Volkswagen,Golf,,GTI,1.0L,Diesel,DSG,DG curated powertrain seed,broad
Volkswagen,Golf,,GTD,1.0L,Diesel,DSG,DG curated powertrain seed,broad
Volkswagen,Golf,,R,1.0L,Diesel,DSG,DG curated powertrain seed,broad
Volkswagen,Golf,,R-Line,1.0L,Diesel,DSG,DG curated powertrain seed,broad
Volkswagen,Golf,,S,1.2L,Diesel,Manual,DG curated powertrain seed,broad
Volkswagen,Golf,,SE,1.2L,Diesel,Manual,DG curated powertrain seed,broad
Volkswagen,Golf,,Match,1.2L,Diesel,Manual,DG curated powertrain seed,broad
Volkswagen,Golf,,GT,1.2L,Diesel,Manual,DG curated powertrain seed,broad
Volkswagen,Golf,,GT Edition,1.2L,Diesel,Manual,DG curated powertrain seed,broad
Volkswagen,Golf,,GTI,1.2L,Diesel,Manual,DG curated powertrain seed,broad
Volkswagen,Golf,,GTD,1.2L,Diesel,Manual,DG curated powertrain seed,broad
Volkswagen,Golf,,R,1.2L,Diesel,Manual,DG curated powertrain seed,broad
Volkswagen,Golf,,R-Line,1.2L,Diesel,Manual,DG curated powertrain seed,broad
Volkswagen,Golf,,S,1.2L,Diesel,Automatic,DG curated powertrain seed,broad
Volkswagen,Golf,,SE,1.2L,Diesel,Automatic,DG curated powertrain seed,broad
Volkswagen,Golf,,Match,1.2L,Diesel,Automatic,DG curated powertrain seed,broad
Volkswagen,Golf,,GT,1.2L,Diesel,Automatic,DG curated powertrain seed,broad
Volkswagen,Golf,,GT Edition,1.2L,Diesel,Automatic,DG curated powertrain seed,broad
Volkswagen,Golf,,GTI,1.2L,Diesel,Automatic,DG curated powertrain seed,broad
Volkswagen,Golf,,GTD,1.2L,Diesel,Automatic,DG curated powertrain seed,broad
Volkswagen,Golf,,R,1.2L,Diesel,Automatic,DG curated powertrain seed,broad
Volkswagen,Golf,,R-Line,1.2L,Diesel,Automatic,DG curated powertrain seed,broad
Volkswagen,Golf,,S,1.2L,Diesel,DSG,DG curated powertrain seed,broad
Volkswagen,Golf,,SE,1.2L,Diesel,DSG,DG curated powertrain seed,broad
Volkswagen,Golf,,Match,1.2L,Diesel,DSG,DG curated powertrain seed,broad
Volkswagen,Golf,,GT,1.2L,Diesel,DSG,DG curated powertrain seed,broad
Volkswagen,Golf,,GT Edition,1.2L,Diesel,DSG,DG curated powertrain seed,broad
Volkswagen,Golf,,GTI,1.2L,Diesel,DSG,DG curated powertrain seed,broad
Volkswagen,Golf,,GTD,1.2L,Diesel,DSG,DG curated powertrain seed,broad
Volkswagen,Golf,,R,1.2L,Diesel,DSG,DG curated powertrain seed,broad
Volkswagen,Golf,,R-Line,1.2L,Diesel,DSG,DG curated powertrain seed,broad
Volkswagen,Golf,,S,1.4L,Diesel,Manual,DG curated powertrain seed,broad
Volkswagen,Golf,,SE,1.4L,Diesel,Manual,DG curated powertrain seed,broad
Volkswagen,Golf,,Match,1.4L,Diesel,Manual,DG curated powertrain seed,broad
Volkswagen,Golf,,GT,1.4L,Diesel,Manual,DG curated powertrain seed,broad
Volkswagen,Golf,,GT Edition,1.4L,Diesel,Manual,DG curated powertrain seed,broad
Volkswagen,Golf,,GTI,1.4L,Diesel,Manual,DG curated powertrain seed,broad
Volkswagen,Golf,,GTD,1.4L,Diesel,Manual,DG curated powertrain seed,broad
Volkswagen,Golf,,R,1.4L,Diesel,Manual,DG curated powertrain seed,broad
Volkswagen,Golf,,R-Line,1.4L,Diesel,Manual,DG curated powertrain seed,broad
Volkswagen,Golf,,S,1.4L,Diesel,Automatic,DG curated powertrain seed,broad
Volkswagen,Golf,,SE,1.4L,Diesel,Automatic,DG curated powertrain seed,broad
Volkswagen,Golf,,Match,1.4L,Diesel,Automatic,DG curated powertrain seed,broad
Volkswagen,Golf,,GT,1.4L,Diesel,Automatic,DG curated powertrain seed,broad
Volkswagen,Golf,,GT Edition,1.4L,Diesel,Automatic,DG curated powertrain seed,broad
Volkswagen,Golf,,GTI,1.4L,Diesel,Automatic,DG curated powertrain seed,broad
Volkswagen,Golf,,GTD,1.4L,Diesel,Automatic,DG curated powertrain seed,broad
Volkswagen,Golf,,R,1.4L,Diesel,Automatic,DG curated powertrain seed,broad
Volkswagen,Golf,,R-Line,1.4L,Diesel,Automatic,DG curated powertrain seed,broad
Volkswagen,Golf,,S,1.4L,Diesel,DSG,DG curated powertrain seed,broad
Volkswagen,Golf,,SE,1.4L,Diesel,DSG,DG curated powertrain seed,broad
Volkswagen,Golf,,Match,1.4L,Diesel,DSG,DG curated powertrain seed,broad
Volkswagen,Golf,,GT,1.4L,Diesel,DSG,DG curated powertrain seed,broad
Volkswagen,Golf,,GT Edition,1.4L,Diesel,DSG,DG curated powertrain seed,broad
Volkswagen,Golf,,GTI,1.4L,Diesel,DSG,DG curated powertrain seed,broad
Volkswagen,Golf,,GTD,1.4L,Diesel,DSG,DG curated powertrain seed,broad
Volkswagen,Golf,,R,1.4L,Diesel,DSG,DG curated powertrain seed,broad
Volkswagen,Golf,,R-Line,1.4L,Diesel,DSG,DG curated powertrain seed,broad
Volkswagen,Golf,,S,1.5L,Diesel,Manual,DG curated powertrain seed,broad
Volkswagen,Golf,,SE,1.5L,Diesel,Manual,DG curated powertrain seed,broad
Volkswagen,Golf,,Match,1.5L,Diesel,Manual,DG curated powertrain seed,broad
Volkswagen,Golf,,GT,1.5L,Diesel,Manual,DG curated powertrain seed,broad
Volkswagen,Golf,,GT Edition,1.5L,Diesel,Manual,DG curated powertrain seed,broad
Volkswagen,Golf,,GTI,1.5L,Diesel,Manual,DG curated powertrain seed,broad
Volkswagen,Golf,,GTD,1.5L,Diesel,Manual,DG curated powertrain seed,broad
Volkswagen,Golf,,R,1.5L,Diesel,Manual,DG curated powertrain seed,broad
Volkswagen,Golf,,R-Line,1.5L,Diesel,Manual,DG curated powertrain seed,broad
Volkswagen,Golf,,S,1.5L,Diesel,Automatic,DG curated powertrain seed,broad
Volkswagen,Golf,,SE,1.5L,Diesel,Automatic,DG curated powertrain seed,broad
Volkswagen,Golf,,Match,1.5L,Diesel,Automatic,DG curated powertrain seed,broad
Volkswagen,Golf,,GT,1.5L,Diesel,Automatic,DG curated powertrain seed,broad
Volkswagen,Golf,,GT Edition,1.5L,Diesel,Automatic,DG curated powertrain seed,broad
Volkswagen,Golf,,GTI,1.5L,Diesel,Automatic,DG curated powertrain seed,broad
Volkswagen,Golf,,GTD,1.5L,Diesel,Automatic,DG curated powertrain seed,broad
Volkswagen,Golf,,R,1.5L,Diesel,Automatic,DG curated powertrain seed,broad
Volkswagen,Golf,,R-Line,1.5L,Diesel,Automatic,DG curated powertrain seed,broad
Volkswagen,Golf,,S,1.5L,Diesel,DSG,DG curated powertrain seed,broad
Volkswagen,Golf,,SE,1.5L,Diesel,DSG,DG curated powertrain seed,broad
Volkswagen,Golf,,Match,1.5L,Diesel,DSG,DG curated powertrain seed,broad
Volkswagen,Golf,,GT,1.5L,Diesel,DSG,DG curated powertrain seed,broad
Volkswagen,Golf,,GT Edition,1.5L,Diesel,DSG,DG curated powertrain seed,broad
Volkswagen,Golf,,GTI,1.5L,Diesel,DSG,DG curated powertrain seed,broad
Volkswagen,Golf,,GTD,1.5L,Diesel,DSG,DG curated powertrain seed,broad
Volkswagen,Golf,,R,1.5L,Diesel,DSG,DG curated powertrain seed,broad
Volkswagen,Golf,,R-Line,1.5L,Diesel,DSG,DG curated powertrain seed,broad
Volkswagen,Golf,,S,1.6L,Diesel,Manual,DG curated powertrain seed,broad
Volkswagen,Golf,,SE,1.6L,Diesel,Manual,DG curated powertrain seed,broad
Volkswagen,Golf,,Match,1.6L,Diesel,Manual,DG curated powertrain seed,broad
Volkswagen,Golf,,GT,1.6L,Diesel,Manual,DG curated powertrain seed,broad
Volkswagen,Golf,,GT Edition,1.6L,Diesel,Manual,DG curated powertrain seed,broad
Volkswagen,Golf,,GTI,1.6L,Diesel,Manual,DG curated powertrain seed,broad
Volkswagen,Golf,,GTD,1.6L,Diesel,Manual,DG curated powertrain seed,broad
Volkswagen,Golf,,R,1.6L,Diesel,Manual,DG curated powertrain seed,broad
Volkswagen,Golf,,R-Line,1.6L,Diesel,Manual,DG curated powertrain seed,broad
Volkswagen,Golf,,S,1.6L,Diesel,Automatic,DG curated powertrain seed,broad
Volkswagen,Golf,,SE,1.6L,Diesel,Automatic,DG curated powertrain seed,broad
Volkswagen,Golf,,Match,1.6L,Diesel,Automatic,DG curated powertrain seed,broad
Volkswagen,Golf,,GT,1.6L,Diesel,Automatic,DG curated powertrain seed,broad
Volkswagen,Golf,,GT Edition,1.6L,Diesel,Automatic,DG curated powertrain seed,broad
Volkswagen,Golf,,GTI,1.6L,Diesel,Automatic,DG curated powertrain seed,broad
Volkswagen,Golf,,GTD,1.6L,Diesel,Automatic,DG curated powertrain seed,broad
Volkswagen,Golf,,R,1.6L,Diesel,Automatic,DG curated powertrain seed,broad
Volkswagen,Golf,,R-Line,1.6L,Diesel,Automatic,DG curated powertrain seed,broad
Volkswagen,Golf,,S,1.6L,Diesel,DSG,DG curated powertrain seed,broad
Volkswagen,Golf,,SE,1.6L,Diesel,DSG,DG curated powertrain seed,broad
Volkswagen,Golf,,Match,1.6L,Diesel,DSG,DG curated powertrain seed,broad
Volkswagen,Golf,,GT,1.6L,Diesel,DSG,DG curated powertrain seed,broad
Volkswagen,Golf,,GT Edition,1.6L,Diesel,DSG,DG curated powertrain seed,broad
Volkswagen,Golf,,GTI,1.6L,Diesel,DSG,DG curated powertrain seed,broad
Volkswagen,Golf,,GTD,1.6L,Diesel,DSG,DG curated powertrain seed,broad
Volkswagen,Golf,,R,1.6L,Diesel,DSG,DG curated powertrain seed,broad
Volkswagen,Golf,,R-Line,1.6L,Diesel,DSG,DG curated powertrain seed,broad
Volkswagen,Golf,,S,2.0L,Diesel,Manual,DG curated powertrain seed,broad
Volkswagen,Golf,,SE,2.0L,Diesel,Manual,DG curated powertrain seed,broad
Volkswagen,Golf,,Match,2.0L,Diesel,Manual,DG curated powertrain seed,broad
Volkswagen,Golf,,GT,2.0L,Diesel,Manual,DG curated powertrain seed,broad
Volkswagen,Golf,,GT Edition,2.0L,Diesel,Manual,DG curated powertrain seed,broad
Volkswagen,Golf,,GTI,2.0L,Diesel,Manual,DG curated powertrain seed,broad
Volkswagen,Golf,,GTD,2.0L,Diesel,Manual,DG curated powertrain seed,broad
Volkswagen,Golf,,R,2.0L,Diesel,Manual,DG curated powertrain seed,broad
Volkswagen,Golf,,R-Line,2.0L,Diesel,Manual,DG curated powertrain seed,broad
Volkswagen,Golf,,S,2.0L,Diesel,Automatic,DG curated powertrain seed,broad
Volkswagen,Golf,,SE,2.0L,Diesel,Automatic,DG curated powertrain seed,broad
Volkswagen,Golf,,Match,2.0L,Diesel,Automatic,DG curated powertrain seed,broad
Volkswagen,Golf,,GT,2.0L,Diesel,Automatic,DG curated powertrain seed,broad
Volkswagen,Golf,,GT Edition,2.0L,Diesel,Automatic,DG curated powertrain seed,broad
Volkswagen,Golf,,GTI,2.0L,Diesel,Automatic,DG curated powertrain seed,broad
Volkswagen,Golf,,GTD,2.0L,Diesel,Automatic,DG curated powertrain seed,broad
Volkswagen,Golf,,R,2.0L,Diesel,Automatic,DG curated powertrain seed,broad
Volkswagen,Golf,,R-Line,2.0L,Diesel,Automatic,DG curated powertrain seed,broad
Volkswagen,Golf,,S,2.0L,Diesel,DSG,DG curated powertrain seed,broad
Volkswagen,Golf,,SE,2.0L,Diesel,DSG,DG curated powertrain seed,broad
Volkswagen,Golf,,Match,2.0L,Diesel,DSG,DG curated powertrain seed,broad
Volkswagen,Golf,,GT,2.0L,Diesel,DSG,DG curated powertrain seed,broad
Volkswagen,Golf,,GT Edition,2.0L,Diesel,DSG,DG curated powertrain seed,broad
Volkswagen,Golf,,GTI,2.0L,Diesel,DSG,DG curated powertrain seed,broad
Volkswagen,Golf,,GTD,2.0L,Diesel,DSG,DG curated powertrain seed,broad
Volkswagen,Golf,,R,2.0L,Diesel,DSG,DG curated powertrain seed,broad
Volkswagen,Golf,,R-Line,2.0L,Diesel,DSG,DG curated powertrain seed,broad
Volkswagen,Golf,,S,1.0L,Hybrid,Manual,DG curated powertrain seed,broad
Volkswagen,Golf,,SE,1.0L,Hybrid,Manual,DG curated powertrain seed,broad
Volkswagen,Golf,,Match,1.0L,Hybrid,Manual,DG curated powertrain seed,broad
Volkswagen,Golf,,GT,1.0L,Hybrid,Manual,DG curated powertrain seed,broad
Volkswagen,Golf,,GT Edition,1.0L,Hybrid,Manual,DG curated powertrain seed,broad
Volkswagen,Golf,,GTI,1.0L,Hybrid,Manual,DG curated powertrain seed,broad
Volkswagen,Golf,,GTD,1.0L,Hybrid,Manual,DG curated powertrain seed,broad
Volkswagen,Golf,,R,1.0L,Hybrid,Manual,DG curated powertrain seed,broad
Volkswagen,Golf,,R-Line,1.0L,Hybrid,Manual,DG curated powertrain seed,broad
Volkswagen,Golf,,S,1.0L,Hybrid,Automatic,DG curated powertrain seed,broad
Volkswagen,Golf,,SE,1.0L,Hybrid,Automatic,DG curated powertrain seed,broad
Volkswagen,Golf,,Match,1.0L,Hybrid,Automatic,DG curated powertrain seed,broad
Volkswagen,Golf,,GT,1.0L,Hybrid,Automatic,DG curated powertrain seed,broad
Volkswagen,Golf,,GT Edition,1.0L,Hybrid,Automatic,DG curated powertrain seed,broad
Volkswagen,Golf,,GTI,1.0L,Hybrid,Automatic,DG curated powertrain seed,broad
Volkswagen,Golf,,GTD,1.0L,Hybrid,Automatic,DG curated powertrain seed,broad
Volkswagen,Golf,,R,1.0L,Hybrid,Automatic,DG curated powertrain seed,broad
Volkswagen,Golf,,R-Line,1.0L,Hybrid,Automatic,DG curated powertrain seed,broad
Volkswagen,Golf,,S,1.0L,Hybrid,DSG,DG curated powertrain seed,broad
Volkswagen,Golf,,SE,1.0L,Hybrid,DSG,DG curated powertrain seed,broad
Volkswagen,Golf,,Match,1.0L,Hybrid,DSG,DG curated powertrain seed,broad
Volkswagen,Golf,,GT,1.0L,Hybrid,DSG,DG curated powertrain seed,broad
Volkswagen,Golf,,GT Edition,1.0L,Hybrid,DSG,DG curated powertrain seed,broad
Volkswagen,Golf,,GTI,1.0L,Hybrid,DSG,DG curated powertrain seed,broad
Volkswagen,Golf,,GTD,1.0L,Hybrid,DSG,DG curated powertrain seed,broad
Volkswagen,Golf,,R,1.0L,Hybrid,DSG,DG curated powertrain seed,broad
Volkswagen,Golf,,R-Line,1.0L,Hybrid,DSG,DG curated powertrain seed,broad
Volkswagen,Golf,,S,1.2L,Hybrid,Manual,DG curated powertrain seed,broad
Volkswagen,Golf,,SE,1.2L,Hybrid,Manual,DG curated powertrain seed,broad
Volkswagen,Golf,,Match,1.2L,Hybrid,Manual,DG curated powertrain seed,broad
Volkswagen,Golf,,GT,1.2L,Hybrid,Manual,DG curated powertrain seed,broad
Volkswagen,Golf,,GT Edition,1.2L,Hybrid,Manual,DG curated powertrain seed,broad
Volkswagen,Golf,,GTI,1.2L,Hybrid,Manual,DG curated powertrain seed,broad
Volkswagen,Golf,,GTD,1.2L,Hybrid,Manual,DG curated powertrain seed,broad
Volkswagen,Golf,,R,1.2L,Hybrid,Manual,DG curated powertrain seed,broad
Volkswagen,Golf,,R-Line,1.2L,Hybrid,Manual,DG curated powertrain seed,broad
Volkswagen,Golf,,S,1.2L,Hybrid,Automatic,DG curated powertrain seed,broad
Volkswagen,Golf,,SE,1.2L,Hybrid,Automatic,DG curated powertrain seed,broad
Volkswagen,Golf,,Match,1.2L,Hybrid,Automatic,DG curated powertrain seed,broad
Volkswagen,Golf,,GT,1.2L,Hybrid,Automatic,DG curated powertrain seed,broad
Volkswagen,Golf,,GT Edition,1.2L,Hybrid,Automatic,DG curated powertrain seed,broad
Volkswagen,Golf,,GTI,1.2L,Hybrid,Automatic,DG curated powertrain seed,broad
Volkswagen,Golf,,GTD,1.2L,Hybrid,Automatic,DG curated powertrain seed,broad
Volkswagen,Golf,,R,1.2L,Hybrid,Automatic,DG curated powertrain seed,broad
Volkswagen,Golf,,R-Line,1.2L,Hybrid,Automatic,DG curated powertrain seed,broad
Volkswagen,Golf,,S,1.2L,Hybrid,DSG,DG curated powertrain seed,broad
Volkswagen,Golf,,SE,1.2L,Hybrid,DSG,DG curated powertrain seed,broad
Volkswagen,Golf,,Match,1.2L,Hybrid,DSG,DG curated powertrain seed,broad
Volkswagen,Golf,,GT,1.2L,Hybrid,DSG,DG curated powertrain seed,broad
Volkswagen,Golf,,GT Edition,1.2L,Hybrid,DSG,DG curated powertrain seed,broad
Volkswagen,Golf,,GTI,1.2L,Hybrid,DSG,DG curated powertrain seed,broad
Volkswagen,Golf,,GTD,1.2L,Hybrid,DSG,DG curated powertrain seed,broad
Volkswagen,Golf,,R,1.2L,Hybrid,DSG,DG curated powertrain seed,broad
Volkswagen,Golf,,R-Line,1.2L,Hybrid,DSG,DG curated powertrain seed,broad
Volkswagen,Golf,,S,1.4L,Hybrid,Manual,DG curated powertrain seed,broad
Volkswagen,Golf,,SE,1.4L,Hybrid,Manual,DG curated powertrain seed,broad
Volkswagen,Golf,,Match,1.4L,Hybrid,Manual,DG curated powertrain seed,broad
Volkswagen,Golf,,GT,1.4L,Hybrid,Manual,DG curated powertrain seed,broad
Volkswagen,Golf,,GT Edition,1.4L,Hybrid,Manual,DG curated powertrain seed,broad
Volkswagen,Golf,,GTI,1.4L,Hybrid,Manual,DG curated powertrain seed,broad
Volkswagen,Golf,,GTD,1.4L,Hybrid,Manual,DG curated powertrain seed,broad
Volkswagen,Golf,,R,1.4L,Hybrid,Manual,DG curated powertrain seed,broad
Volkswagen,Golf,,R-Line,1.4L,Hybrid,Manual,DG curated powertrain seed,broad
Volkswagen,Golf,,S,1.4L,Hybrid,Automatic,DG curated powertrain seed,broad
Volkswagen,Golf,,SE,1.4L,Hybrid,Automatic,DG curated powertrain seed,broad
Volkswagen,Golf,,Match,1.4L,Hybrid,Automatic,DG curated powertrain seed,broad
Volkswagen,Golf,,GT,1.4L,Hybrid,Automatic,DG curated powertrain seed,broad
Volkswagen,Golf,,GT Edition,1.4L,Hybrid,Automatic,DG curated powertrain seed,broad
Volkswagen,Golf,,GTI,1.4L,Hybrid,Automatic,DG curated powertrain seed,broad
Volkswagen,Golf,,GTD,1.4L,Hybrid,Automatic,DG curated powertrain seed,broad
Volkswagen,Golf,,R,1.4L,Hybrid,Automatic,DG curated powertrain seed,broad
Volkswagen,Golf,,R-Line,1.4L,Hybrid,Automatic,DG curated powertrain seed,broad
Volkswagen,Golf,,S,1.4L,Hybrid,DSG,DG curated powertrain seed,broad
Volkswagen,Golf,,SE,1.4L,Hybrid,DSG,DG curated powertrain seed,broad
Volkswagen,Golf,,Match,1.4L,Hybrid,DSG,DG curated powertrain seed,broad
Volkswagen,Golf,,GT,1.4L,Hybrid,DSG,DG curated powertrain seed,broad
Volkswagen,Golf,,GT Edition,1.4L,Hybrid,DSG,DG curated powertrain seed,broad
Volkswagen,Golf,,GTI,1.4L,Hybrid,DSG,DG curated powertrain seed,broad
Volkswagen,Golf,,GTD,1.4L,Hybrid,DSG,DG curated powertrain seed,broad
Volkswagen,Golf,,R,1.4L,Hybrid,DSG,DG curated powertrain seed,broad
Volkswagen,Golf,,R-Line,1.4L,Hybrid,DSG,DG curated powertrain seed,broad
Volkswagen,Golf,,S,1.5L,Hybrid,Manual,DG curated powertrain seed,broad
Volkswagen,Golf,,SE,1.5L,Hybrid,Manual,DG curated powertrain seed,broad
Volkswagen,Golf,,Match,1.5L,Hybrid,Manual,DG curated powertrain seed,broad
Volkswagen,Golf,,GT,1.5L,Hybrid,Manual,DG curated powertrain seed,broad
Volkswagen,Golf,,GT Edition,1.5L,Hybrid,Manual,DG curated powertrain seed,broad
Volkswagen,Golf,,GTI,1.5L,Hybrid,Manual,DG curated powertrain seed,broad
Volkswagen,Golf,,GTD,1.5L,Hybrid,Manual,DG curated powertrain seed,broad
Volkswagen,Golf,,R,1.5L,Hybrid,Manual,DG curated powertrain seed,broad
Volkswagen,Golf,,R-Line,1.5L,Hybrid,Manual,DG curated powertrain seed,broad
Volkswagen,Golf,,S,1.5L,Hybrid,Automatic,DG curated powertrain seed,broad
Volkswagen,Golf,,SE,1.5L,Hybrid,Automatic,DG curated powertrain seed,broad
Volkswagen,Golf,,Match,1.5L,Hybrid,Automatic,DG curated powertrain seed,broad
Volkswagen,Golf,,GT,1.5L,Hybrid,Automatic,DG curated powertrain seed,broad
Volkswagen,Golf,,GT Edition,1.5L,Hybrid,Automatic,DG curated powertrain seed,broad
Volkswagen,Golf,,GTI,1.5L,Hybrid,Automatic,DG curated powertrain seed,broad
Volkswagen,Golf,,GTD,1.5L,Hybrid,Automatic,DG curated powertrain seed,broad
Volkswagen,Golf,,R,1.5L,Hybrid,Automatic,DG curated powertrain seed,broad
Volkswagen,Golf,,R-Line,1.5L,Hybrid,Automatic,DG curated powertrain seed,broad
Volkswagen,Golf,,S,1.5L,Hybrid,DSG,DG curated powertrain seed,broad
Volkswagen,Golf,,SE,1.5L,Hybrid,DSG,DG curated powertrain seed,broad
Volkswagen,Golf,,Match,1.5L,Hybrid,DSG,DG curated powertrain seed,broad
Volkswagen,Golf,,GT,1.5L,Hybrid,DSG,DG curated powertrain seed,broad
Volkswagen,Golf,,GT Edition,1.5L,Hybrid,DSG,DG curated powertrain seed,broad
Volkswagen,Golf,,GTI,1.5L,Hybrid,DSG,DG curated powertrain seed,broad
Volkswagen,Golf,,GTD,1.5L,Hybrid,DSG,DG curated powertrain seed,broad
Volkswagen,Golf,,R,1.5L,Hybrid,DSG,DG curated powertrain seed,broad
Volkswagen,Golf,,R-Line,1.5L,Hybrid,DSG,DG curated powertrain seed,broad
Volkswagen,Golf,,S,1.6L,Hybrid,Manual,DG curated powertrain seed,broad
Volkswagen,Golf,,SE,1.6L,Hybrid,Manual,DG curated powertrain seed,broad
Volkswagen,Golf,,Match,1.6L,Hybrid,Manual,DG curated powertrain seed,broad
Volkswagen,Golf,,GT,1.6L,Hybrid,Manual,DG curated powertrain seed,broad
Volkswagen,Golf,,GT Edition,1.6L,Hybrid,Manual,DG curated powertrain seed,broad
Volkswagen,Golf,,GTI,1.6L,Hybrid,Manual,DG curated powertrain seed,broad
Volkswagen,Golf,,GTD,1.6L,Hybrid,Manual,DG curated powertrain seed,broad
Volkswagen,Golf,,R,1.6L,Hybrid,Manual,DG curated powertrain seed,broad
Volkswagen,Golf,,R-Line,1.6L,Hybrid,Manual,DG curated powertrain seed,broad
Volkswagen,Golf,,S,1.6L,Hybrid,Automatic,DG curated powertrain seed,broad
Volkswagen,Golf,,SE,1.6L,Hybrid,Automatic,DG curated powertrain seed,broad
Volkswagen,Golf,,Match,1.6L,Hybrid,Automatic,DG curated powertrain seed,broad
Volkswagen,Golf,,GT,1.6L,Hybrid,Automatic,DG curated powertrain seed,broad
Volkswagen,Golf,,GT Edition,1.6L,Hybrid,Automatic,DG curated powertrain seed,broad
Volkswagen,Golf,,GTI,1.6L,Hybrid,Automatic,DG curated powertrain seed,broad
Volkswagen,Golf,,GTD,1.6L,Hybrid,Automatic,DG curated powertrain seed,broad
Volkswagen,Golf,,R,1.6L,Hybrid,Automatic,DG curated powertrain seed,broad
Volkswagen,Golf,,R-Line,1.6L,Hybrid,Automatic,DG curated powertrain seed,broad
Volkswagen,Golf,,S,1.6L,Hybrid,DSG,DG curated powertrain seed,broad
Volkswagen,Golf,,SE,1.6L,Hybrid,DSG,DG curated powertrain seed,broad
Volkswagen,Golf,,Match,1.6L,Hybrid,DSG,DG curated powertrain seed,broad
Volkswagen,Golf,,GT,1.6L,Hybrid,DSG,DG curated powertrain seed,broad
Volkswagen,Golf,,GT Edition,1.6L,Hybrid,DSG,DG curated powertrain seed,broad
Volkswagen,Golf,,GTI,1.6L,Hybrid,DSG,DG curated powertrain seed,broad
Volkswagen,Golf,,GTD,1.6L,Hybrid,DSG,DG curated powertrain seed,broad
Volkswagen,Golf,,R,1.6L,Hybrid,DSG,DG curated powertrain seed,broad
Volkswagen,Golf,,R-Line,1.6L,Hybrid,DSG,DG curated powertrain seed,broad
Volkswagen,Golf,,S,2.0L,Hybrid,Manual,DG curated powertrain seed,broad
Volkswagen,Golf,,SE,2.0L,Hybrid,Manual,DG curated powertrain seed,broad
Volkswagen,Golf,,Match,2.0L,Hybrid,Manual,DG curated powertrain seed,broad
Volkswagen,Golf,,GT,2.0L,Hybrid,Manual,DG curated powertrain seed,broad
Volkswagen,Golf,,GT Edition,2.0L,Hybrid,Manual,DG curated powertrain seed,broad
Volkswagen,Golf,,GTI,2.0L,Hybrid,Manual,DG curated powertrain seed,broad
Volkswagen,Golf,,GTD,2.0L,Hybrid,Manual,DG curated powertrain seed,broad
Volkswagen,Golf,,R,2.0L,Hybrid,Manual,DG curated powertrain seed,broad
Volkswagen,Golf,,R-Line,2.0L,Hybrid,Manual,DG curated powertrain seed,broad
Volkswagen,Golf,,S,2.0L,Hybrid,Automatic,DG curated powertrain seed,broad
Volkswagen,Golf,,SE,2.0L,Hybrid,Automatic,DG curated powertrain seed,broad
Volkswagen,Golf,,Match,2.0L,Hybrid,Automatic,DG curated powertrain seed,broad
Volkswagen,Golf,,GT,2.0L,Hybrid,Automatic,DG curated powertrain seed,broad
Volkswagen,Golf,,GT Edition,2.0L,Hybrid,Automatic,DG curated powertrain seed,broad
Volkswagen,Golf,,GTI,2.0L,Hybrid,Automatic,DG curated powertrain seed,broad
Volkswagen,Golf,,GTD,2.0L,Hybrid,Automatic,DG curated powertrain seed,broad
Volkswagen,Golf,,R,2.0L,Hybrid,Automatic,DG curated powertrain seed,broad
Volkswagen,Golf,,R-Line,2.0L,Hybrid,Automatic,DG curated powertrain seed,broad
Volkswagen,Golf,,S,2.0L,Hybrid,DSG,DG curated powertrain seed,broad
Volkswagen,Golf,,SE,2.0L,Hybrid,DSG,DG curated powertrain seed,broad
Volkswagen,Golf,,Match,2.0L,Hybrid,DSG,DG curated powertrain seed,broad
Volkswagen,Golf,,GT,2.0L,Hybrid,DSG,DG curated powertrain seed,broad
Volkswagen,Golf,,GT Edition,2.0L,Hybrid,DSG,DG curated powertrain seed,broad
Volkswagen,Golf,,GTI,2.0L,Hybrid,DSG,DG curated powertrain seed,broad
Volkswagen,Golf,,GTD,2.0L,Hybrid,DSG,DG curated powertrain seed,broad
Volkswagen,Golf,,R,2.0L,Hybrid,DSG,DG curated powertrain seed,broad
Volkswagen,Golf,,R-Line,2.0L,Hybrid,DSG,DG curated powertrain seed,broad
Volkswagen,Golf,,S,1.0L,Electric,Manual,DG curated powertrain seed,broad
Volkswagen,Golf,,SE,1.0L,Electric,Manual,DG curated powertrain seed,broad
Volkswagen,Golf,,Match,1.0L,Electric,Manual,DG curated powertrain seed,broad
Volkswagen,Golf,,GT,1.0L,Electric,Manual,DG curated powertrain seed,broad
Volkswagen,Golf,,GT Edition,1.0L,Electric,Manual,DG curated powertrain seed,broad
Volkswagen,Golf,,GTI,1.0L,Electric,Manual,DG curated powertrain seed,broad
Volkswagen,Golf,,GTD,1.0L,Electric,Manual,DG curated powertrain seed,broad
Volkswagen,Golf,,R,1.0L,Electric,Manual,DG curated powertrain seed,broad
Volkswagen,Golf,,R-Line,1.0L,Electric,Manual,DG curated powertrain seed,broad
Volkswagen,Golf,,S,1.0L,Electric,Automatic,DG curated powertrain seed,broad
Volkswagen,Golf,,SE,1.0L,Electric,Automatic,DG curated powertrain seed,broad
Volkswagen,Golf,,Match,1.0L,Electric,Automatic,DG curated powertrain seed,broad
Volkswagen,Golf,,GT,1.0L,Electric,Automatic,DG curated powertrain seed,broad
Volkswagen,Golf,,GT Edition,1.0L,Electric,Automatic,DG curated powertrain seed,broad
Volkswagen,Golf,,GTI,1.0L,Electric,Automatic,DG curated powertrain seed,broad
Volkswagen,Golf,,GTD,1.0L,Electric,Automatic,DG curated powertrain seed,broad
Volkswagen,Golf,,R,1.0L,Electric,Automatic,DG curated powertrain seed,broad
Volkswagen,Golf,,R-Line,1.0L,Electric,Automatic,DG curated powertrain seed,broad
Volkswagen,Golf,,S,1.0L,Electric,DSG,DG curated powertrain seed,broad
Volkswagen,Golf,,SE,1.0L,Electric,DSG,DG curated powertrain seed,broad
Volkswagen,Golf,,Match,1.0L,Electric,DSG,DG curated powertrain seed,broad
Volkswagen,Golf,,GT,1.0L,Electric,DSG,DG curated powertrain seed,broad
Volkswagen,Golf,,GT Edition,1.0L,Electric,DSG,DG curated powertrain seed,broad
Volkswagen,Golf,,GTI,1.0L,Electric,DSG,DG curated powertrain seed,broad
Volkswagen,Golf,,GTD,1.0L,Electric,DSG,DG curated powertrain seed,broad
Volkswagen,Golf,,R,1.0L,Electric,DSG,DG curated powertrain seed,broad
Volkswagen,Golf,,R-Line,1.0L,Electric,DSG,DG curated powertrain seed,broad
Volkswagen,Golf,,S,1.2L,Electric,Manual,DG curated powertrain seed,broad
Volkswagen,Golf,,SE,1.2L,Electric,Manual,DG curated powertrain seed,broad
Volkswagen,Golf,,Match,1.2L,Electric,Manual,DG curated powertrain seed,broad
Volkswagen,Golf,,GT,1.2L,Electric,Manual,DG curated powertrain seed,broad
Volkswagen,Golf,,GT Edition,1.2L,Electric,Manual,DG curated powertrain seed,broad
Volkswagen,Golf,,GTI,1.2L,Electric,Manual,DG curated powertrain seed,broad
Volkswagen,Golf,,GTD,1.2L,Electric,Manual,DG curated powertrain seed,broad
Volkswagen,Golf,,R,1.2L,Electric,Manual,DG curated powertrain seed,broad
Volkswagen,Golf,,R-Line,1.2L,Electric,Manual,DG curated powertrain seed,broad
Volkswagen,Golf,,S,1.2L,Electric,Automatic,DG curated powertrain seed,broad
Volkswagen,Golf,,SE,1.2L,Electric,Automatic,DG curated powertrain seed,broad
Volkswagen,Golf,,Match,1.2L,Electric,Automatic,DG curated powertrain seed,broad
Volkswagen,Golf,,GT,1.2L,Electric,Automatic,DG curated powertrain seed,broad
Volkswagen,Golf,,GT Edition,1.2L,Electric,Automatic,DG curated powertrain seed,broad
Volkswagen,Golf,,GTI,1.2L,Electric,Automatic,DG curated powertrain seed,broad
Volkswagen,Golf,,GTD,1.2L,Electric,Automatic,DG curated powertrain seed,broad
Volkswagen,Golf,,R,1.2L,Electric,Automatic,DG curated powertrain seed,broad
Volkswagen,Golf,,R-Line,1.2L,Electric,Automatic,DG curated powertrain seed,broad
Volkswagen,Golf,,S,1.2L,Electric,DSG,DG curated powertrain seed,broad
Volkswagen,Golf,,SE,1.2L,Electric,DSG,DG curated powertrain seed,broad
Volkswagen,Golf,,Match,1.2L,Electric,DSG,DG curated powertrain seed,broad
Volkswagen,Golf,,GT,1.2L,Electric,DSG,DG curated powertrain seed,broad
Volkswagen,Golf,,GT Edition,1.2L,Electric,DSG,DG curated powertrain seed,broad
Volkswagen,Golf,,GTI,1.2L,Electric,DSG,DG curated powertrain seed,broad
Volkswagen,Golf,,GTD,1.2L,Electric,DSG,DG curated powertrain seed,broad
Volkswagen,Golf,,R,1.2L,Electric,DSG,DG curated powertrain seed,broad
Volkswagen,Golf,,R-Line,1.2L,Electric,DSG,DG curated powertrain seed,broad
Volkswagen,Golf,,S,1.4L,Electric,Manual,DG curated powertrain seed,broad
Volkswagen,Golf,,SE,1.4L,Electric,Manual,DG curated powertrain seed,broad
Volkswagen,Golf,,Match,1.4L,Electric,Manual,DG curated powertrain seed,broad
Volkswagen,Golf,,GT,1.4L,Electric,Manual,DG curated powertrain seed,broad
Volkswagen,Golf,,GT Edition,1.4L,Electric,Manual,DG curated powertrain seed,broad
Volkswagen,Golf,,GTI,1.4L,Electric,Manual,DG curated powertrain seed,broad
Volkswagen,Golf,,GTD,1.4L,Electric,Manual,DG curated powertrain seed,broad
Volkswagen,Golf,,R,1.4L,Electric,Manual,DG curated powertrain seed,broad
Volkswagen,Golf,,R-Line,1.4L,Electric,Manual,DG curated powertrain seed,broad
Volkswagen,Golf,,S,1.4L,Electric,Automatic,DG curated powertrain seed,broad
Volkswagen,Golf,,SE,1.4L,Electric,Automatic,DG curated powertrain seed,broad
Volkswagen,Golf,,Match,1.4L,Electric,Automatic,DG curated powertrain seed,broad
Volkswagen,Golf,,GT,1.4L,Electric,Automatic,DG curated powertrain seed,broad
Volkswagen,Golf,,GT Edition,1.4L,Electric,Automatic,DG curated powertrain seed,broad
Volkswagen,Golf,,GTI,1.4L,Electric,Automatic,DG curated powertrain seed,broad
Volkswagen,Golf,,GTD,1.4L,Electric,Automatic,DG curated powertrain seed,broad
Volkswagen,Golf,,R,1.4L,Electric,Automatic,DG curated powertrain seed,broad
Volkswagen,Golf,,R-Line,1.4L,Electric,Automatic,DG curated powertrain seed,broad
Volkswagen,Golf,,S,1.4L,Electric,DSG,DG curated powertrain seed,broad
Volkswagen,Golf,,SE,1.4L,Electric,DSG,DG curated powertrain seed,broad
Volkswagen,Golf,,Match,1.4L,Electric,DSG,DG curated powertrain seed,broad
Volkswagen,Golf,,GT,1.4L,Electric,DSG,DG curated powertrain seed,broad
Volkswagen,Golf,,GT Edition,1.4L,Electric,DSG,DG curated powertrain seed,broad
Volkswagen,Golf,,GTI,1.4L,Electric,DSG,DG curated powertrain seed,broad
Volkswagen,Golf,,GTD,1.4L,Electric,DSG,DG curated powertrain seed,broad
Volkswagen,Golf,,R,1.4L,Electric,DSG,DG curated powertrain seed,broad
Volkswagen,Golf,,R-Line,1.4L,Electric,DSG,DG curated powertrain seed,broad
Volkswagen,Golf,,S,1.5L,Electric,Manual,DG curated powertrain seed,broad
Volkswagen,Golf,,SE,1.5L,Electric,Manual,DG curated powertrain seed,broad
Volkswagen,Golf,,Match,1.5L,Electric,Manual,DG curated powertrain seed,broad
Volkswagen,Golf,,GT,1.5L,Electric,Manual,DG curated powertrain seed,broad
Volkswagen,Golf,,GT Edition,1.5L,Electric,Manual,DG curated powertrain seed,broad
Volkswagen,Golf,,GTI,1.5L,Electric,Manual,DG curated powertrain seed,broad
Volkswagen,Golf,,GTD,1.5L,Electric,Manual,DG curated powertrain seed,broad
Volkswagen,Golf,,R,1.5L,Electric,Manual,DG curated powertrain seed,broad
Volkswagen,Golf,,R-Line,1.5L,Electric,Manual,DG curated powertrain seed,broad
Volkswagen,Golf,,S,1.5L,Electric,Automatic,DG curated powertrain seed,broad
Volkswagen,Golf,,SE,1.5L,Electric,Automatic,DG curated powertrain seed,broad
Volkswagen,Golf,,Match,1.5L,Electric,Automatic,DG curated powertrain seed,broad
Volkswagen,Golf,,GT,1.5L,Electric,Automatic,DG curated powertrain seed,broad
Volkswagen,Golf,,GT Edition,1.5L,Electric,Automatic,DG curated powertrain seed,broad
Volkswagen,Golf,,GTI,1.5L,Electric,Automatic,DG curated powertrain seed,broad
Volkswagen,Golf,,GTD,1.5L,Electric,Automatic,DG curated powertrain seed,broad
Volkswagen,Golf,,R,1.5L,Electric,Automatic,DG curated powertrain seed,broad
Volkswagen,Golf,,R-Line,1.5L,Electric,Automatic,DG curated powertrain seed,broad
Volkswagen,Golf,,S,1.5L,Electric,DSG,DG curated powertrain seed,broad
Volkswagen,Golf,,SE,1.5L,Electric,DSG,DG curated powertrain seed,broad
Volkswagen,Golf,,Match,1.5L,Electric,DSG,DG curated powertrain seed,broad
Volkswagen,Golf,,GT,1.5L,Electric,DSG,DG curated powertrain seed,broad
Volkswagen,Golf,,GT Edition,1.5L,Electric,DSG,DG curated powertrain seed,broad
Volkswagen,Golf,,GTI,1.5L,Electric,DSG,DG curated powertrain seed,broad
Volkswagen,Golf,,GTD,1.5L,Electric,DSG,DG curated powertrain seed,broad
Volkswagen,Golf,,R,1.5L,Electric,DSG,DG curated powertrain seed,broad
Volkswagen,Golf,,R-Line,1.5L,Electric,DSG,DG curated powertrain seed,broad
Volkswagen,Golf,,S,1.6L,Electric,Manual,DG curated powertrain seed,broad
Volkswagen,Golf,,SE,1.6L,Electric,Manual,DG curated powertrain seed,broad
Volkswagen,Golf,,Match,1.6L,Electric,Manual,DG curated powertrain seed,broad
Volkswagen,Golf,,GT,1.6L,Electric,Manual,DG curated powertrain seed,broad
Volkswagen,Golf,,GT Edition,1.6L,Electric,Manual,DG curated powertrain seed,broad
Volkswagen,Golf,,GTI,1.6L,Electric,Manual,DG curated powertrain seed,broad
Volkswagen,Golf,,GTD,1.6L,Electric,Manual,DG curated powertrain seed,broad
Volkswagen,Golf,,R,1.6L,Electric,Manual,DG curated powertrain seed,broad
Volkswagen,Golf,,R-Line,1.6L,Electric,Manual,DG curated powertrain seed,broad
Volkswagen,Golf,,S,1.6L,Electric,Automatic,DG curated powertrain seed,broad
Volkswagen,Golf,,SE,1.6L,Electric,Automatic,DG curated powertrain seed,broad
Volkswagen,Golf,,Match,1.6L,Electric,Automatic,DG curated powertrain seed,broad
Volkswagen,Golf,,GT,1.6L,Electric,Automatic,DG curated powertrain seed,broad
Volkswagen,Golf,,GT Edition,1.6L,Electric,Automatic,DG curated powertrain seed,broad
Volkswagen,Golf,,GTI,1.6L,Electric,Automatic,DG curated powertrain seed,broad
Volkswagen,Golf,,GTD,1.6L,Electric,Automatic,DG curated powertrain seed,broad
Volkswagen,Golf,,R,1.6L,Electric,Automatic,DG curated powertrain seed,broad
Volkswagen,Golf,,R-Line,1.6L,Electric,Automatic,DG curated powertrain seed,broad
Volkswagen,Golf,,S,1.6L,Electric,DSG,DG curated powertrain seed,broad
Volkswagen,Golf,,SE,1.6L,Electric,DSG,DG curated powertrain seed,broad
Volkswagen,Golf,,Match,1.6L,Electric,DSG,DG curated powertrain seed,broad
Volkswagen,Golf,,GT,1.6L,Electric,DSG,DG curated powertrain seed,broad
Volkswagen,Golf,,GT Edition,1.6L,Electric,DSG,DG curated powertrain seed,broad
Volkswagen,Golf,,GTI,1.6L,Electric,DSG,DG curated powertrain seed,broad
Volkswagen,Golf,,GTD,1.6L,Electric,DSG,DG curated powertrain seed,broad
Volkswagen,Golf,,R,1.6L,Electric,DSG,DG curated powertrain seed,broad
Volkswagen,Golf,,R-Line,1.6L,Electric,DSG,DG curated powertrain seed,broad
Volkswagen,Golf,,S,2.0L,Electric,Manual,DG curated powertrain seed,broad
Volkswagen,Golf,,SE,2.0L,Electric,Manual,DG curated powertrain seed,broad
Volkswagen,Golf,,Match,2.0L,Electric,Manual,DG curated powertrain seed,broad
Volkswagen,Golf,,GT,2.0L,Electric,Manual,DG curated powertrain seed,broad
Volkswagen,Golf,,GT Edition,2.0L,Electric,Manual,DG curated powertrain seed,broad
Volkswagen,Golf,,GTI,2.0L,Electric,Manual,DG curated powertrain seed,broad
Volkswagen,Golf,,GTD,2.0L,Electric,Manual,DG curated powertrain seed,broad
Volkswagen,Golf,,R,2.0L,Electric,Manual,DG curated powertrain seed,broad
Volkswagen,Golf,,R-Line,2.0L,Electric,Manual,DG curated powertrain seed,broad
Volkswagen,Golf,,S,2.0L,Electric,Automatic,DG curated powertrain seed,broad
Volkswagen,Golf,,SE,2.0L,Electric,Automatic,DG curated powertrain seed,broad
Volkswagen,Golf,,Match,2.0L,Electric,Automatic,DG curated powertrain seed,broad
Volkswagen,Golf,,GT,2.0L,Electric,Automatic,DG curated powertrain seed,broad
Volkswagen,Golf,,GT Edition,2.0L,Electric,Automatic,DG curated powertrain seed,broad
Volkswagen,Golf,,GTI,2.0L,Electric,Automatic,DG curated powertrain seed,broad
Volkswagen,Golf,,GTD,2.0L,Electric,Automatic,DG curated powertrain seed,broad
Volkswagen,Golf,,R,2.0L,Electric,Automatic,DG curated powertrain seed,broad
Volkswagen,Golf,,R-Line,2.0L,Electric,Automatic,DG curated powertrain seed,broad
Volkswagen,Golf,,S,2.0L,Electric,DSG,DG curated powertrain seed,broad
Volkswagen,Golf,,SE,2.0L,Electric,DSG,DG curated powertrain seed,broad
Volkswagen,Golf,,Match,2.0L,Electric,DSG,DG curated powertrain seed,broad
Volkswagen,Golf,,GT,2.0L,Electric,DSG,DG curated powertrain seed,broad
Volkswagen,Golf,,GT Edition,2.0L,Electric,DSG,DG curated powertrain seed,broad
Volkswagen,Golf,,GTI,2.0L,Electric,DSG,DG curated powertrain seed,broad
Volkswagen,Golf,,GTD,2.0L,Electric,DSG,DG curated powertrain seed,broad
Volkswagen,Golf,,R,2.0L,Electric,DSG,DG curated powertrain seed,broad
Volkswagen,Golf,,R-Line,2.0L,Electric,DSG,DG curated powertrain seed,broad
Ford,Fiesta,,Style,1.0L,Petrol,Manual,DG curated powertrain seed,broad
Ford,Fiesta,,Zetec,1.0L,Petrol,Manual,DG curated powertrain seed,broad
Ford,Fiesta,,Titanium,1.0L,Petrol,Manual,DG curated powertrain seed,broad
Ford,Fiesta,,Titanium X,1.0L,Petrol,Manual,DG curated powertrain seed,broad
Ford,Fiesta,,ST-Line,1.0L,Petrol,Manual,DG curated powertrain seed,broad
Ford,Fiesta,,ST-Line X,1.0L,Petrol,Manual,DG curated powertrain seed,broad
Ford,Fiesta,,ST,1.0L,Petrol,Manual,DG curated powertrain seed,broad
Ford,Fiesta,,Style,1.0L,Petrol,Automatic,DG curated powertrain seed,broad
Ford,Fiesta,,Zetec,1.0L,Petrol,Automatic,DG curated powertrain seed,broad
Ford,Fiesta,,Titanium,1.0L,Petrol,Automatic,DG curated powertrain seed,broad
Ford,Fiesta,,Titanium X,1.0L,Petrol,Automatic,DG curated powertrain seed,broad
Ford,Fiesta,,ST-Line,1.0L,Petrol,Automatic,DG curated powertrain seed,broad
Ford,Fiesta,,ST-Line X,1.0L,Petrol,Automatic,DG curated powertrain seed,broad
Ford,Fiesta,,ST,1.0L,Petrol,Automatic,DG curated powertrain seed,broad
Ford,Fiesta,,Style,1.1L,Petrol,Manual,DG curated powertrain seed,broad
Ford,Fiesta,,Zetec,1.1L,Petrol,Manual,DG curated powertrain seed,broad
Ford,Fiesta,,Titanium,1.1L,Petrol,Manual,DG curated powertrain seed,broad
Ford,Fiesta,,Titanium X,1.1L,Petrol,Manual,DG curated powertrain seed,broad
Ford,Fiesta,,ST-Line,1.1L,Petrol,Manual,DG curated powertrain seed,broad
Ford,Fiesta,,ST-Line X,1.1L,Petrol,Manual,DG curated powertrain seed,broad
Ford,Fiesta,,ST,1.1L,Petrol,Manual,DG curated powertrain seed,broad
Ford,Fiesta,,Style,1.1L,Petrol,Automatic,DG curated powertrain seed,broad
Ford,Fiesta,,Zetec,1.1L,Petrol,Automatic,DG curated powertrain seed,broad
Ford,Fiesta,,Titanium,1.1L,Petrol,Automatic,DG curated powertrain seed,broad
Ford,Fiesta,,Titanium X,1.1L,Petrol,Automatic,DG curated powertrain seed,broad
Ford,Fiesta,,ST-Line,1.1L,Petrol,Automatic,DG curated powertrain seed,broad
Ford,Fiesta,,ST-Line X,1.1L,Petrol,Automatic,DG curated powertrain seed,broad
Ford,Fiesta,,ST,1.1L,Petrol,Automatic,DG curated powertrain seed,broad
Ford,Fiesta,,Style,1.25L,Petrol,Manual,DG curated powertrain seed,broad
Ford,Fiesta,,Zetec,1.25L,Petrol,Manual,DG curated powertrain seed,broad
Ford,Fiesta,,Titanium,1.25L,Petrol,Manual,DG curated powertrain seed,broad
Ford,Fiesta,,Titanium X,1.25L,Petrol,Manual,DG curated powertrain seed,broad
Ford,Fiesta,,ST-Line,1.25L,Petrol,Manual,DG curated powertrain seed,broad
Ford,Fiesta,,ST-Line X,1.25L,Petrol,Manual,DG curated powertrain seed,broad
Ford,Fiesta,,ST,1.25L,Petrol,Manual,DG curated powertrain seed,broad
Ford,Fiesta,,Style,1.25L,Petrol,Automatic,DG curated powertrain seed,broad
Ford,Fiesta,,Zetec,1.25L,Petrol,Automatic,DG curated powertrain seed,broad
Ford,Fiesta,,Titanium,1.25L,Petrol,Automatic,DG curated powertrain seed,broad
Ford,Fiesta,,Titanium X,1.25L,Petrol,Automatic,DG curated powertrain seed,broad
Ford,Fiesta,,ST-Line,1.25L,Petrol,Automatic,DG curated powertrain seed,broad
Ford,Fiesta,,ST-Line X,1.25L,Petrol,Automatic,DG curated powertrain seed,broad
Ford,Fiesta,,ST,1.25L,Petrol,Automatic,DG curated powertrain seed,broad
Ford,Fiesta,,Style,1.4L,Petrol,Manual,DG curated powertrain seed,broad
Ford,Fiesta,,Zetec,1.4L,Petrol,Manual,DG curated powertrain seed,broad
Ford,Fiesta,,Titanium,1.4L,Petrol,Manual,DG curated powertrain seed,broad
Ford,Fiesta,,Titanium X,1.4L,Petrol,Manual,DG curated powertrain seed,broad
Ford,Fiesta,,ST-Line,1.4L,Petrol,Manual,DG curated powertrain seed,broad
Ford,Fiesta,,ST-Line X,1.4L,Petrol,Manual,DG curated powertrain seed,broad
Ford,Fiesta,,ST,1.4L,Petrol,Manual,DG curated powertrain seed,broad
Ford,Fiesta,,Style,1.4L,Petrol,Automatic,DG curated powertrain seed,broad
Ford,Fiesta,,Zetec,1.4L,Petrol,Automatic,DG curated powertrain seed,broad
Ford,Fiesta,,Titanium,1.4L,Petrol,Automatic,DG curated powertrain seed,broad
Ford,Fiesta,,Titanium X,1.4L,Petrol,Automatic,DG curated powertrain seed,broad
Ford,Fiesta,,ST-Line,1.4L,Petrol,Automatic,DG curated powertrain seed,broad
Ford,Fiesta,,ST-Line X,1.4L,Petrol,Automatic,DG curated powertrain seed,broad
Ford,Fiesta,,ST,1.4L,Petrol,Automatic,DG curated powertrain seed,broad
Ford,Fiesta,,Style,1.5L,Petrol,Manual,DG curated powertrain seed,broad
Ford,Fiesta,,Zetec,1.5L,Petrol,Manual,DG curated powertrain seed,broad
Ford,Fiesta,,Titanium,1.5L,Petrol,Manual,DG curated powertrain seed,broad
Ford,Fiesta,,Titanium X,1.5L,Petrol,Manual,DG curated powertrain seed,broad
Ford,Fiesta,,ST-Line,1.5L,Petrol,Manual,DG curated powertrain seed,broad
Ford,Fiesta,,ST-Line X,1.5L,Petrol,Manual,DG curated powertrain seed,broad
Ford,Fiesta,,ST,1.5L,Petrol,Manual,DG curated powertrain seed,broad
Ford,Fiesta,,Style,1.5L,Petrol,Automatic,DG curated powertrain seed,broad
Ford,Fiesta,,Zetec,1.5L,Petrol,Automatic,DG curated powertrain seed,broad
Ford,Fiesta,,Titanium,1.5L,Petrol,Automatic,DG curated powertrain seed,broad
Ford,Fiesta,,Titanium X,1.5L,Petrol,Automatic,DG curated powertrain seed,broad
Ford,Fiesta,,ST-Line,1.5L,Petrol,Automatic,DG curated powertrain seed,broad
Ford,Fiesta,,ST-Line X,1.5L,Petrol,Automatic,DG curated powertrain seed,broad
Ford,Fiesta,,ST,1.5L,Petrol,Automatic,DG curated powertrain seed,broad
Ford,Fiesta,,Style,1.6L,Petrol,Manual,DG curated powertrain seed,broad
Ford,Fiesta,,Zetec,1.6L,Petrol,Manual,DG curated powertrain seed,broad
Ford,Fiesta,,Titanium,1.6L,Petrol,Manual,DG curated powertrain seed,broad
Ford,Fiesta,,Titanium X,1.6L,Petrol,Manual,DG curated powertrain seed,broad
Ford,Fiesta,,ST-Line,1.6L,Petrol,Manual,DG curated powertrain seed,broad
Ford,Fiesta,,ST-Line X,1.6L,Petrol,Manual,DG curated powertrain seed,broad
Ford,Fiesta,,ST,1.6L,Petrol,Manual,DG curated powertrain seed,broad
Ford,Fiesta,,Style,1.6L,Petrol,Automatic,DG curated powertrain seed,broad
Ford,Fiesta,,Zetec,1.6L,Petrol,Automatic,DG curated powertrain seed,broad
Ford,Fiesta,,Titanium,1.6L,Petrol,Automatic,DG curated powertrain seed,broad
Ford,Fiesta,,Titanium X,1.6L,Petrol,Automatic,DG curated powertrain seed,broad
Ford,Fiesta,,ST-Line,1.6L,Petrol,Automatic,DG curated powertrain seed,broad
Ford,Fiesta,,ST-Line X,1.6L,Petrol,Automatic,DG curated powertrain seed,broad
Ford,Fiesta,,ST,1.6L,Petrol,Automatic,DG curated powertrain seed,broad
Ford,Fiesta,,Style,1.0L,Diesel,Manual,DG curated powertrain seed,broad
Ford,Fiesta,,Zetec,1.0L,Diesel,Manual,DG curated powertrain seed,broad
Ford,Fiesta,,Titanium,1.0L,Diesel,Manual,DG curated powertrain seed,broad
Ford,Fiesta,,Titanium X,1.0L,Diesel,Manual,DG curated powertrain seed,broad
Ford,Fiesta,,ST-Line,1.0L,Diesel,Manual,DG curated powertrain seed,broad
Ford,Fiesta,,ST-Line X,1.0L,Diesel,Manual,DG curated powertrain seed,broad
Ford,Fiesta,,ST,1.0L,Diesel,Manual,DG curated powertrain seed,broad
Ford,Fiesta,,Style,1.0L,Diesel,Automatic,DG curated powertrain seed,broad
Ford,Fiesta,,Zetec,1.0L,Diesel,Automatic,DG curated powertrain seed,broad
Ford,Fiesta,,Titanium,1.0L,Diesel,Automatic,DG curated powertrain seed,broad
Ford,Fiesta,,Titanium X,1.0L,Diesel,Automatic,DG curated powertrain seed,broad
Ford,Fiesta,,ST-Line,1.0L,Diesel,Automatic,DG curated powertrain seed,broad
Ford,Fiesta,,ST-Line X,1.0L,Diesel,Automatic,DG curated powertrain seed,broad
Ford,Fiesta,,ST,1.0L,Diesel,Automatic,DG curated powertrain seed,broad
Ford,Fiesta,,Style,1.1L,Diesel,Manual,DG curated powertrain seed,broad
Ford,Fiesta,,Zetec,1.1L,Diesel,Manual,DG curated powertrain seed,broad
Ford,Fiesta,,Titanium,1.1L,Diesel,Manual,DG curated powertrain seed,broad
Ford,Fiesta,,Titanium X,1.1L,Diesel,Manual,DG curated powertrain seed,broad
Ford,Fiesta,,ST-Line,1.1L,Diesel,Manual,DG curated powertrain seed,broad
Ford,Fiesta,,ST-Line X,1.1L,Diesel,Manual,DG curated powertrain seed,broad
Ford,Fiesta,,ST,1.1L,Diesel,Manual,DG curated powertrain seed,broad
Ford,Fiesta,,Style,1.1L,Diesel,Automatic,DG curated powertrain seed,broad
Ford,Fiesta,,Zetec,1.1L,Diesel,Automatic,DG curated powertrain seed,broad
Ford,Fiesta,,Titanium,1.1L,Diesel,Automatic,DG curated powertrain seed,broad
Ford,Fiesta,,Titanium X,1.1L,Diesel,Automatic,DG curated powertrain seed,broad
Ford,Fiesta,,ST-Line,1.1L,Diesel,Automatic,DG curated powertrain seed,broad
Ford,Fiesta,,ST-Line X,1.1L,Diesel,Automatic,DG curated powertrain seed,broad
Ford,Fiesta,,ST,1.1L,Diesel,Automatic,DG curated powertrain seed,broad
Ford,Fiesta,,Style,1.25L,Diesel,Manual,DG curated powertrain seed,broad
Ford,Fiesta,,Zetec,1.25L,Diesel,Manual,DG curated powertrain seed,broad
Ford,Fiesta,,Titanium,1.25L,Diesel,Manual,DG curated powertrain seed,broad
Ford,Fiesta,,Titanium X,1.25L,Diesel,Manual,DG curated powertrain seed,broad
Ford,Fiesta,,ST-Line,1.25L,Diesel,Manual,DG curated powertrain seed,broad
Ford,Fiesta,,ST-Line X,1.25L,Diesel,Manual,DG curated powertrain seed,broad
Ford,Fiesta,,ST,1.25L,Diesel,Manual,DG curated powertrain seed,broad
Ford,Fiesta,,Style,1.25L,Diesel,Automatic,DG curated powertrain seed,broad
Ford,Fiesta,,Zetec,1.25L,Diesel,Automatic,DG curated powertrain seed,broad
Ford,Fiesta,,Titanium,1.25L,Diesel,Automatic,DG curated powertrain seed,broad
Ford,Fiesta,,Titanium X,1.25L,Diesel,Automatic,DG curated powertrain seed,broad
Ford,Fiesta,,ST-Line,1.25L,Diesel,Automatic,DG curated powertrain seed,broad
Ford,Fiesta,,ST-Line X,1.25L,Diesel,Automatic,DG curated powertrain seed,broad
Ford,Fiesta,,ST,1.25L,Diesel,Automatic,DG curated powertrain seed,broad
Ford,Fiesta,,Style,1.4L,Diesel,Manual,DG curated powertrain seed,broad
Ford,Fiesta,,Zetec,1.4L,Diesel,Manual,DG curated powertrain seed,broad
Ford,Fiesta,,Titanium,1.4L,Diesel,Manual,DG curated powertrain seed,broad
Ford,Fiesta,,Titanium X,1.4L,Diesel,Manual,DG curated powertrain seed,broad
Ford,Fiesta,,ST-Line,1.4L,Diesel,Manual,DG curated powertrain seed,broad
Ford,Fiesta,,ST-Line X,1.4L,Diesel,Manual,DG curated powertrain seed,broad
Ford,Fiesta,,ST,1.4L,Diesel,Manual,DG curated powertrain seed,broad
Ford,Fiesta,,Style,1.4L,Diesel,Automatic,DG curated powertrain seed,broad
Ford,Fiesta,,Zetec,1.4L,Diesel,Automatic,DG curated powertrain seed,broad
Ford,Fiesta,,Titanium,1.4L,Diesel,Automatic,DG curated powertrain seed,broad
Ford,Fiesta,,Titanium X,1.4L,Diesel,Automatic,DG curated powertrain seed,broad
Ford,Fiesta,,ST-Line,1.4L,Diesel,Automatic,DG curated powertrain seed,broad
Ford,Fiesta,,ST-Line X,1.4L,Diesel,Automatic,DG curated powertrain seed,broad
Ford,Fiesta,,ST,1.4L,Diesel,Automatic,DG curated powertrain seed,broad
Ford,Fiesta,,Style,1.5L,Diesel,Manual,DG curated powertrain seed,broad
Ford,Fiesta,,Zetec,1.5L,Diesel,Manual,DG curated powertrain seed,broad
Ford,Fiesta,,Titanium,1.5L,Diesel,Manual,DG curated powertrain seed,broad
Ford,Fiesta,,Titanium X,1.5L,Diesel,Manual,DG curated powertrain seed,broad
Ford,Fiesta,,ST-Line,1.5L,Diesel,Manual,DG curated powertrain seed,broad
Ford,Fiesta,,ST-Line X,1.5L,Diesel,Manual,DG curated powertrain seed,broad
Ford,Fiesta,,ST,1.5L,Diesel,Manual,DG curated powertrain seed,broad
Ford,Fiesta,,Style,1.5L,Diesel,Automatic,DG curated powertrain seed,broad
Ford,Fiesta,,Zetec,1.5L,Diesel,Automatic,DG curated powertrain seed,broad
Ford,Fiesta,,Titanium,1.5L,Diesel,Automatic,DG curated powertrain seed,broad
Ford,Fiesta,,Titanium X,1.5L,Diesel,Automatic,DG curated powertrain seed,broad
Ford,Fiesta,,ST-Line,1.5L,Diesel,Automatic,DG curated powertrain seed,broad
Ford,Fiesta,,ST-Line X,1.5L,Diesel,Automatic,DG curated powertrain seed,broad
Ford,Fiesta,,ST,1.5L,Diesel,Automatic,DG curated powertrain seed,broad
Ford,Fiesta,,Style,1.6L,Diesel,Manual,DG curated powertrain seed,broad
Ford,Fiesta,,Zetec,1.6L,Diesel,Manual,DG curated powertrain seed,broad
Ford,Fiesta,,Titanium,1.6L,Diesel,Manual,DG curated powertrain seed,broad
Ford,Fiesta,,Titanium X,1.6L,Diesel,Manual,DG curated powertrain seed,broad
Ford,Fiesta,,ST-Line,1.6L,Diesel,Manual,DG curated powertrain seed,broad
Ford,Fiesta,,ST-Line X,1.6L,Diesel,Manual,DG curated powertrain seed,broad
Ford,Fiesta,,ST,1.6L,Diesel,Manual,DG curated powertrain seed,broad
Ford,Fiesta,,Style,1.6L,Diesel,Automatic,DG curated powertrain seed,broad
Ford,Fiesta,,Zetec,1.6L,Diesel,Automatic,DG curated powertrain seed,broad
Ford,Fiesta,,Titanium,1.6L,Diesel,Automatic,DG curated powertrain seed,broad
Ford,Fiesta,,Titanium X,1.6L,Diesel,Automatic,DG curated powertrain seed,broad
Ford,Fiesta,,ST-Line,1.6L,Diesel,Automatic,DG curated powertrain seed,broad
Ford,Fiesta,,ST-Line X,1.6L,Diesel,Automatic,DG curated powertrain seed,broad
Ford,Fiesta,,ST,1.6L,Diesel,Automatic,DG curated powertrain seed,broad
Ford,Fiesta,,Style,1.0L,Hybrid,Manual,DG curated powertrain seed,broad
Ford,Fiesta,,Zetec,1.0L,Hybrid,Manual,DG curated powertrain seed,broad
Ford,Fiesta,,Titanium,1.0L,Hybrid,Manual,DG curated powertrain seed,broad
Ford,Fiesta,,Titanium X,1.0L,Hybrid,Manual,DG curated powertrain seed,broad
Ford,Fiesta,,ST-Line,1.0L,Hybrid,Manual,DG curated powertrain seed,broad
Ford,Fiesta,,ST-Line X,1.0L,Hybrid,Manual,DG curated powertrain seed,broad
Ford,Fiesta,,ST,1.0L,Hybrid,Manual,DG curated powertrain seed,broad
Ford,Fiesta,,Style,1.0L,Hybrid,Automatic,DG curated powertrain seed,broad
Ford,Fiesta,,Zetec,1.0L,Hybrid,Automatic,DG curated powertrain seed,broad
Ford,Fiesta,,Titanium,1.0L,Hybrid,Automatic,DG curated powertrain seed,broad
Ford,Fiesta,,Titanium X,1.0L,Hybrid,Automatic,DG curated powertrain seed,broad
Ford,Fiesta,,ST-Line,1.0L,Hybrid,Automatic,DG curated powertrain seed,broad
Ford,Fiesta,,ST-Line X,1.0L,Hybrid,Automatic,DG curated powertrain seed,broad
Ford,Fiesta,,ST,1.0L,Hybrid,Automatic,DG curated powertrain seed,broad
Ford,Fiesta,,Style,1.1L,Hybrid,Manual,DG curated powertrain seed,broad
Ford,Fiesta,,Zetec,1.1L,Hybrid,Manual,DG curated powertrain seed,broad
Ford,Fiesta,,Titanium,1.1L,Hybrid,Manual,DG curated powertrain seed,broad
Ford,Fiesta,,Titanium X,1.1L,Hybrid,Manual,DG curated powertrain seed,broad
Ford,Fiesta,,ST-Line,1.1L,Hybrid,Manual,DG curated powertrain seed,broad
Ford,Fiesta,,ST-Line X,1.1L,Hybrid,Manual,DG curated powertrain seed,broad
Ford,Fiesta,,ST,1.1L,Hybrid,Manual,DG curated powertrain seed,broad
Ford,Fiesta,,Style,1.1L,Hybrid,Automatic,DG curated powertrain seed,broad
Ford,Fiesta,,Zetec,1.1L,Hybrid,Automatic,DG curated powertrain seed,broad
Ford,Fiesta,,Titanium,1.1L,Hybrid,Automatic,DG curated powertrain seed,broad
Ford,Fiesta,,Titanium X,1.1L,Hybrid,Automatic,DG curated powertrain seed,broad
Ford,Fiesta,,ST-Line,1.1L,Hybrid,Automatic,DG curated powertrain seed,broad
Ford,Fiesta,,ST-Line X,1.1L,Hybrid,Automatic,DG curated powertrain seed,broad
Ford,Fiesta,,ST,1.1L,Hybrid,Automatic,DG curated powertrain seed,broad
Ford,Fiesta,,Style,1.25L,Hybrid,Manual,DG curated powertrain seed,broad
Ford,Fiesta,,Zetec,1.25L,Hybrid,Manual,DG curated powertrain seed,broad
Ford,Fiesta,,Titanium,1.25L,Hybrid,Manual,DG curated powertrain seed,broad
Ford,Fiesta,,Titanium X,1.25L,Hybrid,Manual,DG curated powertrain seed,broad
Ford,Fiesta,,ST-Line,1.25L,Hybrid,Manual,DG curated powertrain seed,broad
Ford,Fiesta,,ST-Line X,1.25L,Hybrid,Manual,DG curated powertrain seed,broad
Ford,Fiesta,,ST,1.25L,Hybrid,Manual,DG curated powertrain seed,broad
Ford,Fiesta,,Style,1.25L,Hybrid,Automatic,DG curated powertrain seed,broad
Ford,Fiesta,,Zetec,1.25L,Hybrid,Automatic,DG curated powertrain seed,broad
Ford,Fiesta,,Titanium,1.25L,Hybrid,Automatic,DG curated powertrain seed,broad
Ford,Fiesta,,Titanium X,1.25L,Hybrid,Automatic,DG curated powertrain seed,broad
Ford,Fiesta,,ST-Line,1.25L,Hybrid,Automatic,DG curated powertrain seed,broad
Ford,Fiesta,,ST-Line X,1.25L,Hybrid,Automatic,DG curated powertrain seed,broad
Ford,Fiesta,,ST,1.25L,Hybrid,Automatic,DG curated powertrain seed,broad
Ford,Fiesta,,Style,1.4L,Hybrid,Manual,DG curated powertrain seed,broad
Ford,Fiesta,,Zetec,1.4L,Hybrid,Manual,DG curated powertrain seed,broad
Ford,Fiesta,,Titanium,1.4L,Hybrid,Manual,DG curated powertrain seed,broad
Ford,Fiesta,,Titanium X,1.4L,Hybrid,Manual,DG curated powertrain seed,broad
Ford,Fiesta,,ST-Line,1.4L,Hybrid,Manual,DG curated powertrain seed,broad
Ford,Fiesta,,ST-Line X,1.4L,Hybrid,Manual,DG curated powertrain seed,broad
Ford,Fiesta,,ST,1.4L,Hybrid,Manual,DG curated powertrain seed,broad
Ford,Fiesta,,Style,1.4L,Hybrid,Automatic,DG curated powertrain seed,broad
Ford,Fiesta,,Zetec,1.4L,Hybrid,Automatic,DG curated powertrain seed,broad
Ford,Fiesta,,Titanium,1.4L,Hybrid,Automatic,DG curated powertrain seed,broad
Ford,Fiesta,,Titanium X,1.4L,Hybrid,Automatic,DG curated powertrain seed,broad
Ford,Fiesta,,ST-Line,1.4L,Hybrid,Automatic,DG curated powertrain seed,broad
Ford,Fiesta,,ST-Line X,1.4L,Hybrid,Automatic,DG curated powertrain seed,broad
Ford,Fiesta,,ST,1.4L,Hybrid,Automatic,DG curated powertrain seed,broad
Ford,Fiesta,,Style,1.5L,Hybrid,Manual,DG curated powertrain seed,broad
Ford,Fiesta,,Zetec,1.5L,Hybrid,Manual,DG curated powertrain seed,broad
Ford,Fiesta,,Titanium,1.5L,Hybrid,Manual,DG curated powertrain seed,broad
Ford,Fiesta,,Titanium X,1.5L,Hybrid,Manual,DG curated powertrain seed,broad
Ford,Fiesta,,ST-Line,1.5L,Hybrid,Manual,DG curated powertrain seed,broad
Ford,Fiesta,,ST-Line X,1.5L,Hybrid,Manual,DG curated powertrain seed,broad
Ford,Fiesta,,ST,1.5L,Hybrid,Manual,DG curated powertrain seed,broad
Ford,Fiesta,,Style,1.5L,Hybrid,Automatic,DG curated powertrain seed,broad
Ford,Fiesta,,Zetec,1.5L,Hybrid,Automatic,DG curated powertrain seed,broad
Ford,Fiesta,,Titanium,1.5L,Hybrid,Automatic,DG curated powertrain seed,broad
Ford,Fiesta,,Titanium X,1.5L,Hybrid,Automatic,DG curated powertrain seed,broad
Ford,Fiesta,,ST-Line,1.5L,Hybrid,Automatic,DG curated powertrain seed,broad
Ford,Fiesta,,ST-Line X,1.5L,Hybrid,Automatic,DG curated powertrain seed,broad
Ford,Fiesta,,ST,1.5L,Hybrid,Automatic,DG curated powertrain seed,broad
Ford,Fiesta,,Style,1.6L,Hybrid,Manual,DG curated powertrain seed,broad
Ford,Fiesta,,Zetec,1.6L,Hybrid,Manual,DG curated powertrain seed,broad
Ford,Fiesta,,Titanium,1.6L,Hybrid,Manual,DG curated powertrain seed,broad
Ford,Fiesta,,Titanium X,1.6L,Hybrid,Manual,DG curated powertrain seed,broad
Ford,Fiesta,,ST-Line,1.6L,Hybrid,Manual,DG curated powertrain seed,broad
Ford,Fiesta,,ST-Line X,1.6L,Hybrid,Manual,DG curated powertrain seed,broad
Ford,Fiesta,,ST,1.6L,Hybrid,Manual,DG curated powertrain seed,broad
Ford,Fiesta,,Style,1.6L,Hybrid,Automatic,DG curated powertrain seed,broad
Ford,Fiesta,,Zetec,1.6L,Hybrid,Automatic,DG curated powertrain seed,broad
Ford,Fiesta,,Titanium,1.6L,Hybrid,Automatic,DG curated powertrain seed,broad
Ford,Fiesta,,Titanium X,1.6L,Hybrid,Automatic,DG curated powertrain seed,broad
Ford,Fiesta,,ST-Line,1.6L,Hybrid,Automatic,DG curated powertrain seed,broad
Ford,Fiesta,,ST-Line X,1.6L,Hybrid,Automatic,DG curated powertrain seed,broad
Ford,Fiesta,,ST,1.6L,Hybrid,Automatic,DG curated powertrain seed,broad
Ford,Focus,,Style,1.0L,Petrol,Manual,DG curated powertrain seed,broad
Ford,Focus,,Zetec,1.0L,Petrol,Manual,DG curated powertrain seed,broad
Ford,Focus,,Titanium,1.0L,Petrol,Manual,DG curated powertrain seed,broad
Ford,Focus,,Titanium X,1.0L,Petrol,Manual,DG curated powertrain seed,broad
Ford,Focus,,ST-Line,1.0L,Petrol,Manual,DG curated powertrain seed,broad
Ford,Focus,,ST-Line X,1.0L,Petrol,Manual,DG curated powertrain seed,broad
Ford,Focus,,ST,1.0L,Petrol,Manual,DG curated powertrain seed,broad
Ford,Focus,,RS,1.0L,Petrol,Manual,DG curated powertrain seed,broad
Ford,Focus,,Style,1.0L,Petrol,Automatic,DG curated powertrain seed,broad
Ford,Focus,,Zetec,1.0L,Petrol,Automatic,DG curated powertrain seed,broad
Ford,Focus,,Titanium,1.0L,Petrol,Automatic,DG curated powertrain seed,broad
Ford,Focus,,Titanium X,1.0L,Petrol,Automatic,DG curated powertrain seed,broad
Ford,Focus,,ST-Line,1.0L,Petrol,Automatic,DG curated powertrain seed,broad
Ford,Focus,,ST-Line X,1.0L,Petrol,Automatic,DG curated powertrain seed,broad
Ford,Focus,,ST,1.0L,Petrol,Automatic,DG curated powertrain seed,broad
Ford,Focus,,RS,1.0L,Petrol,Automatic,DG curated powertrain seed,broad
Ford,Focus,,Style,1.5L,Petrol,Manual,DG curated powertrain seed,broad
Ford,Focus,,Zetec,1.5L,Petrol,Manual,DG curated powertrain seed,broad
Ford,Focus,,Titanium,1.5L,Petrol,Manual,DG curated powertrain seed,broad
Ford,Focus,,Titanium X,1.5L,Petrol,Manual,DG curated powertrain seed,broad
Ford,Focus,,ST-Line,1.5L,Petrol,Manual,DG curated powertrain seed,broad
Ford,Focus,,ST-Line X,1.5L,Petrol,Manual,DG curated powertrain seed,broad
Ford,Focus,,ST,1.5L,Petrol,Manual,DG curated powertrain seed,broad
Ford,Focus,,RS,1.5L,Petrol,Manual,DG curated powertrain seed,broad
Ford,Focus,,Style,1.5L,Petrol,Automatic,DG curated powertrain seed,broad
Ford,Focus,,Zetec,1.5L,Petrol,Automatic,DG curated powertrain seed,broad
Ford,Focus,,Titanium,1.5L,Petrol,Automatic,DG curated powertrain seed,broad
Ford,Focus,,Titanium X,1.5L,Petrol,Automatic,DG curated powertrain seed,broad
Ford,Focus,,ST-Line,1.5L,Petrol,Automatic,DG curated powertrain seed,broad
Ford,Focus,,ST-Line X,1.5L,Petrol,Automatic,DG curated powertrain seed,broad
Ford,Focus,,ST,1.5L,Petrol,Automatic,DG curated powertrain seed,broad
Ford,Focus,,RS,1.5L,Petrol,Automatic,DG curated powertrain seed,broad
Ford,Focus,,Style,1.6L,Petrol,Manual,DG curated powertrain seed,broad
Ford,Focus,,Zetec,1.6L,Petrol,Manual,DG curated powertrain seed,broad
Ford,Focus,,Titanium,1.6L,Petrol,Manual,DG curated powertrain seed,broad
Ford,Focus,,Titanium X,1.6L,Petrol,Manual,DG curated powertrain seed,broad
Ford,Focus,,ST-Line,1.6L,Petrol,Manual,DG curated powertrain seed,broad
Ford,Focus,,ST-Line X,1.6L,Petrol,Manual,DG curated powertrain seed,broad
Ford,Focus,,ST,1.6L,Petrol,Manual,DG curated powertrain seed,broad
Ford,Focus,,RS,1.6L,Petrol,Manual,DG curated powertrain seed,broad
Ford,Focus,,Style,1.6L,Petrol,Automatic,DG curated powertrain seed,broad
Ford,Focus,,Zetec,1.6L,Petrol,Automatic,DG curated powertrain seed,broad
Ford,Focus,,Titanium,1.6L,Petrol,Automatic,DG curated powertrain seed,broad
Ford,Focus,,Titanium X,1.6L,Petrol,Automatic,DG curated powertrain seed,broad
Ford,Focus,,ST-Line,1.6L,Petrol,Automatic,DG curated powertrain seed,broad
Ford,Focus,,ST-Line X,1.6L,Petrol,Automatic,DG curated powertrain seed,broad
Ford,Focus,,ST,1.6L,Petrol,Automatic,DG curated powertrain seed,broad
Ford,Focus,,RS,1.6L,Petrol,Automatic,DG curated powertrain seed,broad
Ford,Focus,,Style,2.0L,Petrol,Manual,DG curated powertrain seed,broad
Ford,Focus,,Zetec,2.0L,Petrol,Manual,DG curated powertrain seed,broad
Ford,Focus,,Titanium,2.0L,Petrol,Manual,DG curated powertrain seed,broad
Ford,Focus,,Titanium X,2.0L,Petrol,Manual,DG curated powertrain seed,broad
Ford,Focus,,ST-Line,2.0L,Petrol,Manual,DG curated powertrain seed,broad
Ford,Focus,,ST-Line X,2.0L,Petrol,Manual,DG curated powertrain seed,broad
Ford,Focus,,ST,2.0L,Petrol,Manual,DG curated powertrain seed,broad
Ford,Focus,,RS,2.0L,Petrol,Manual,DG curated powertrain seed,broad
Ford,Focus,,Style,2.0L,Petrol,Automatic,DG curated powertrain seed,broad
Ford,Focus,,Zetec,2.0L,Petrol,Automatic,DG curated powertrain seed,broad
Ford,Focus,,Titanium,2.0L,Petrol,Automatic,DG curated powertrain seed,broad
Ford,Focus,,Titanium X,2.0L,Petrol,Automatic,DG curated powertrain seed,broad
Ford,Focus,,ST-Line,2.0L,Petrol,Automatic,DG curated powertrain seed,broad
Ford,Focus,,ST-Line X,2.0L,Petrol,Automatic,DG curated powertrain seed,broad
Ford,Focus,,ST,2.0L,Petrol,Automatic,DG curated powertrain seed,broad
Ford,Focus,,RS,2.0L,Petrol,Automatic,DG curated powertrain seed,broad
Ford,Focus,,Style,2.3L,Petrol,Manual,DG curated powertrain seed,broad
Ford,Focus,,Zetec,2.3L,Petrol,Manual,DG curated powertrain seed,broad
Ford,Focus,,Titanium,2.3L,Petrol,Manual,DG curated powertrain seed,broad
Ford,Focus,,Titanium X,2.3L,Petrol,Manual,DG curated powertrain seed,broad
Ford,Focus,,ST-Line,2.3L,Petrol,Manual,DG curated powertrain seed,broad
Ford,Focus,,ST-Line X,2.3L,Petrol,Manual,DG curated powertrain seed,broad
Ford,Focus,,ST,2.3L,Petrol,Manual,DG curated powertrain seed,broad
Ford,Focus,,RS,2.3L,Petrol,Manual,DG curated powertrain seed,broad
Ford,Focus,,Style,2.3L,Petrol,Automatic,DG curated powertrain seed,broad
Ford,Focus,,Zetec,2.3L,Petrol,Automatic,DG curated powertrain seed,broad
Ford,Focus,,Titanium,2.3L,Petrol,Automatic,DG curated powertrain seed,broad
Ford,Focus,,Titanium X,2.3L,Petrol,Automatic,DG curated powertrain seed,broad
Ford,Focus,,ST-Line,2.3L,Petrol,Automatic,DG curated powertrain seed,broad
Ford,Focus,,ST-Line X,2.3L,Petrol,Automatic,DG curated powertrain seed,broad
Ford,Focus,,ST,2.3L,Petrol,Automatic,DG curated powertrain seed,broad
Ford,Focus,,RS,2.3L,Petrol,Automatic,DG curated powertrain seed,broad
Ford,Focus,,Style,1.0L,Diesel,Manual,DG curated powertrain seed,broad
Ford,Focus,,Zetec,1.0L,Diesel,Manual,DG curated powertrain seed,broad
Ford,Focus,,Titanium,1.0L,Diesel,Manual,DG curated powertrain seed,broad
Ford,Focus,,Titanium X,1.0L,Diesel,Manual,DG curated powertrain seed,broad
Ford,Focus,,ST-Line,1.0L,Diesel,Manual,DG curated powertrain seed,broad
Ford,Focus,,ST-Line X,1.0L,Diesel,Manual,DG curated powertrain seed,broad
Ford,Focus,,ST,1.0L,Diesel,Manual,DG curated powertrain seed,broad
Ford,Focus,,RS,1.0L,Diesel,Manual,DG curated powertrain seed,broad
Ford,Focus,,Style,1.0L,Diesel,Automatic,DG curated powertrain seed,broad
Ford,Focus,,Zetec,1.0L,Diesel,Automatic,DG curated powertrain seed,broad
Ford,Focus,,Titanium,1.0L,Diesel,Automatic,DG curated powertrain seed,broad
Ford,Focus,,Titanium X,1.0L,Diesel,Automatic,DG curated powertrain seed,broad
Ford,Focus,,ST-Line,1.0L,Diesel,Automatic,DG curated powertrain seed,broad
Ford,Focus,,ST-Line X,1.0L,Diesel,Automatic,DG curated powertrain seed,broad
Ford,Focus,,ST,1.0L,Diesel,Automatic,DG curated powertrain seed,broad
Ford,Focus,,RS,1.0L,Diesel,Automatic,DG curated powertrain seed,broad
Ford,Focus,,Style,1.5L,Diesel,Manual,DG curated powertrain seed,broad
Ford,Focus,,Zetec,1.5L,Diesel,Manual,DG curated powertrain seed,broad
Ford,Focus,,Titanium,1.5L,Diesel,Manual,DG curated powertrain seed,broad
Ford,Focus,,Titanium X,1.5L,Diesel,Manual,DG curated powertrain seed,broad
Ford,Focus,,ST-Line,1.5L,Diesel,Manual,DG curated powertrain seed,broad
Ford,Focus,,ST-Line X,1.5L,Diesel,Manual,DG curated powertrain seed,broad
Ford,Focus,,ST,1.5L,Diesel,Manual,DG curated powertrain seed,broad
Ford,Focus,,RS,1.5L,Diesel,Manual,DG curated powertrain seed,broad
Ford,Focus,,Style,1.5L,Diesel,Automatic,DG curated powertrain seed,broad
Ford,Focus,,Zetec,1.5L,Diesel,Automatic,DG curated powertrain seed,broad
Ford,Focus,,Titanium,1.5L,Diesel,Automatic,DG curated powertrain seed,broad
Ford,Focus,,Titanium X,1.5L,Diesel,Automatic,DG curated powertrain seed,broad
Ford,Focus,,ST-Line,1.5L,Diesel,Automatic,DG curated powertrain seed,broad
Ford,Focus,,ST-Line X,1.5L,Diesel,Automatic,DG curated powertrain seed,broad
Ford,Focus,,ST,1.5L,Diesel,Automatic,DG curated powertrain seed,broad
Ford,Focus,,RS,1.5L,Diesel,Automatic,DG curated powertrain seed,broad
Ford,Focus,,Style,1.6L,Diesel,Manual,DG curated powertrain seed,broad
Ford,Focus,,Zetec,1.6L,Diesel,Manual,DG curated powertrain seed,broad
Ford,Focus,,Titanium,1.6L,Diesel,Manual,DG curated powertrain seed,broad
Ford,Focus,,Titanium X,1.6L,Diesel,Manual,DG curated powertrain seed,broad
Ford,Focus,,ST-Line,1.6L,Diesel,Manual,DG curated powertrain seed,broad
Ford,Focus,,ST-Line X,1.6L,Diesel,Manual,DG curated powertrain seed,broad
Ford,Focus,,ST,1.6L,Diesel,Manual,DG curated powertrain seed,broad
Ford,Focus,,RS,1.6L,Diesel,Manual,DG curated powertrain seed,broad
Ford,Focus,,Style,1.6L,Diesel,Automatic,DG curated powertrain seed,broad
Ford,Focus,,Zetec,1.6L,Diesel,Automatic,DG curated powertrain seed,broad
Ford,Focus,,Titanium,1.6L,Diesel,Automatic,DG curated powertrain seed,broad
Ford,Focus,,Titanium X,1.6L,Diesel,Automatic,DG curated powertrain seed,broad
Ford,Focus,,ST-Line,1.6L,Diesel,Automatic,DG curated powertrain seed,broad
Ford,Focus,,ST-Line X,1.6L,Diesel,Automatic,DG curated powertrain seed,broad
Ford,Focus,,ST,1.6L,Diesel,Automatic,DG curated powertrain seed,broad
Ford,Focus,,RS,1.6L,Diesel,Automatic,DG curated powertrain seed,broad
Ford,Focus,,Style,2.0L,Diesel,Manual,DG curated powertrain seed,broad
Ford,Focus,,Zetec,2.0L,Diesel,Manual,DG curated powertrain seed,broad
Ford,Focus,,Titanium,2.0L,Diesel,Manual,DG curated powertrain seed,broad
Ford,Focus,,Titanium X,2.0L,Diesel,Manual,DG curated powertrain seed,broad
Ford,Focus,,ST-Line,2.0L,Diesel,Manual,DG curated powertrain seed,broad
Ford,Focus,,ST-Line X,2.0L,Diesel,Manual,DG curated powertrain seed,broad
Ford,Focus,,ST,2.0L,Diesel,Manual,DG curated powertrain seed,broad
Ford,Focus,,RS,2.0L,Diesel,Manual,DG curated powertrain seed,broad
Ford,Focus,,Style,2.0L,Diesel,Automatic,DG curated powertrain seed,broad
Ford,Focus,,Zetec,2.0L,Diesel,Automatic,DG curated powertrain seed,broad
Ford,Focus,,Titanium,2.0L,Diesel,Automatic,DG curated powertrain seed,broad
Ford,Focus,,Titanium X,2.0L,Diesel,Automatic,DG curated powertrain seed,broad
Ford,Focus,,ST-Line,2.0L,Diesel,Automatic,DG curated powertrain seed,broad
Ford,Focus,,ST-Line X,2.0L,Diesel,Automatic,DG curated powertrain seed,broad
Ford,Focus,,ST,2.0L,Diesel,Automatic,DG curated powertrain seed,broad
Ford,Focus,,RS,2.0L,Diesel,Automatic,DG curated powertrain seed,broad
Ford,Focus,,Style,2.3L,Diesel,Manual,DG curated powertrain seed,broad
Ford,Focus,,Zetec,2.3L,Diesel,Manual,DG curated powertrain seed,broad
Ford,Focus,,Titanium,2.3L,Diesel,Manual,DG curated powertrain seed,broad
Ford,Focus,,Titanium X,2.3L,Diesel,Manual,DG curated powertrain seed,broad
Ford,Focus,,ST-Line,2.3L,Diesel,Manual,DG curated powertrain seed,broad
Ford,Focus,,ST-Line X,2.3L,Diesel,Manual,DG curated powertrain seed,broad
Ford,Focus,,ST,2.3L,Diesel,Manual,DG curated powertrain seed,broad
Ford,Focus,,RS,2.3L,Diesel,Manual,DG curated powertrain seed,broad
Ford,Focus,,Style,2.3L,Diesel,Automatic,DG curated powertrain seed,broad
Ford,Focus,,Zetec,2.3L,Diesel,Automatic,DG curated powertrain seed,broad
Ford,Focus,,Titanium,2.3L,Diesel,Automatic,DG curated powertrain seed,broad
Ford,Focus,,Titanium X,2.3L,Diesel,Automatic,DG curated powertrain seed,broad
Ford,Focus,,ST-Line,2.3L,Diesel,Automatic,DG curated powertrain seed,broad
Ford,Focus,,ST-Line X,2.3L,Diesel,Automatic,DG curated powertrain seed,broad
Ford,Focus,,ST,2.3L,Diesel,Automatic,DG curated powertrain seed,broad
Ford,Focus,,RS,2.3L,Diesel,Automatic,DG curated powertrain seed,broad
Ford,Focus,,Style,1.0L,Hybrid,Manual,DG curated powertrain seed,broad
Ford,Focus,,Zetec,1.0L,Hybrid,Manual,DG curated powertrain seed,broad
Ford,Focus,,Titanium,1.0L,Hybrid,Manual,DG curated powertrain seed,broad
Ford,Focus,,Titanium X,1.0L,Hybrid,Manual,DG curated powertrain seed,broad
Ford,Focus,,ST-Line,1.0L,Hybrid,Manual,DG curated powertrain seed,broad
Ford,Focus,,ST-Line X,1.0L,Hybrid,Manual,DG curated powertrain seed,broad
Ford,Focus,,ST,1.0L,Hybrid,Manual,DG curated powertrain seed,broad
Ford,Focus,,RS,1.0L,Hybrid,Manual,DG curated powertrain seed,broad
Ford,Focus,,Style,1.0L,Hybrid,Automatic,DG curated powertrain seed,broad
Ford,Focus,,Zetec,1.0L,Hybrid,Automatic,DG curated powertrain seed,broad
Ford,Focus,,Titanium,1.0L,Hybrid,Automatic,DG curated powertrain seed,broad
Ford,Focus,,Titanium X,1.0L,Hybrid,Automatic,DG curated powertrain seed,broad
Ford,Focus,,ST-Line,1.0L,Hybrid,Automatic,DG curated powertrain seed,broad
Ford,Focus,,ST-Line X,1.0L,Hybrid,Automatic,DG curated powertrain seed,broad
Ford,Focus,,ST,1.0L,Hybrid,Automatic,DG curated powertrain seed,broad
Ford,Focus,,RS,1.0L,Hybrid,Automatic,DG curated powertrain seed,broad
Ford,Focus,,Style,1.5L,Hybrid,Manual,DG curated powertrain seed,broad
Ford,Focus,,Zetec,1.5L,Hybrid,Manual,DG curated powertrain seed,broad
Ford,Focus,,Titanium,1.5L,Hybrid,Manual,DG curated powertrain seed,broad
Ford,Focus,,Titanium X,1.5L,Hybrid,Manual,DG curated powertrain seed,broad
Ford,Focus,,ST-Line,1.5L,Hybrid,Manual,DG curated powertrain seed,broad
Ford,Focus,,ST-Line X,1.5L,Hybrid,Manual,DG curated powertrain seed,broad
Ford,Focus,,ST,1.5L,Hybrid,Manual,DG curated powertrain seed,broad
Ford,Focus,,RS,1.5L,Hybrid,Manual,DG curated powertrain seed,broad
Ford,Focus,,Style,1.5L,Hybrid,Automatic,DG curated powertrain seed,broad
Ford,Focus,,Zetec,1.5L,Hybrid,Automatic,DG curated powertrain seed,broad
Ford,Focus,,Titanium,1.5L,Hybrid,Automatic,DG curated powertrain seed,broad
Ford,Focus,,Titanium X,1.5L,Hybrid,Automatic,DG curated powertrain seed,broad
Ford,Focus,,ST-Line,1.5L,Hybrid,Automatic,DG curated powertrain seed,broad
Ford,Focus,,ST-Line X,1.5L,Hybrid,Automatic,DG curated powertrain seed,broad
Ford,Focus,,ST,1.5L,Hybrid,Automatic,DG curated powertrain seed,broad
Ford,Focus,,RS,1.5L,Hybrid,Automatic,DG curated powertrain seed,broad
Ford,Focus,,Style,1.6L,Hybrid,Manual,DG curated powertrain seed,broad
Ford,Focus,,Zetec,1.6L,Hybrid,Manual,DG curated powertrain seed,broad
Ford,Focus,,Titanium,1.6L,Hybrid,Manual,DG curated powertrain seed,broad
Ford,Focus,,Titanium X,1.6L,Hybrid,Manual,DG curated powertrain seed,broad
Ford,Focus,,ST-Line,1.6L,Hybrid,Manual,DG curated powertrain seed,broad
Ford,Focus,,ST-Line X,1.6L,Hybrid,Manual,DG curated powertrain seed,broad
Ford,Focus,,ST,1.6L,Hybrid,Manual,DG curated powertrain seed,broad
Ford,Focus,,RS,1.6L,Hybrid,Manual,DG curated powertrain seed,broad
Ford,Focus,,Style,1.6L,Hybrid,Automatic,DG curated powertrain seed,broad
Ford,Focus,,Zetec,1.6L,Hybrid,Automatic,DG curated powertrain seed,broad
Ford,Focus,,Titanium,1.6L,Hybrid,Automatic,DG curated powertrain seed,broad
Ford,Focus,,Titanium X,1.6L,Hybrid,Automatic,DG curated powertrain seed,broad
Ford,Focus,,ST-Line,1.6L,Hybrid,Automatic,DG curated powertrain seed,broad
Ford,Focus,,ST-Line X,1.6L,Hybrid,Automatic,DG curated powertrain seed,broad
Ford,Focus,,ST,1.6L,Hybrid,Automatic,DG curated powertrain seed,broad
Ford,Focus,,RS,1.6L,Hybrid,Automatic,DG curated powertrain seed,broad
Ford,Focus,,Style,2.0L,Hybrid,Manual,DG curated powertrain seed,broad
Ford,Focus,,Zetec,2.0L,Hybrid,Manual,DG curated powertrain seed,broad
Ford,Focus,,Titanium,2.0L,Hybrid,Manual,DG curated powertrain seed,broad
Ford,Focus,,Titanium X,2.0L,Hybrid,Manual,DG curated powertrain seed,broad
Ford,Focus,,ST-Line,2.0L,Hybrid,Manual,DG curated powertrain seed,broad
Ford,Focus,,ST-Line X,2.0L,Hybrid,Manual,DG curated powertrain seed,broad
Ford,Focus,,ST,2.0L,Hybrid,Manual,DG curated powertrain seed,broad
Ford,Focus,,RS,2.0L,Hybrid,Manual,DG curated powertrain seed,broad
Ford,Focus,,Style,2.0L,Hybrid,Automatic,DG curated powertrain seed,broad
Ford,Focus,,Zetec,2.0L,Hybrid,Automatic,DG curated powertrain seed,broad
Ford,Focus,,Titanium,2.0L,Hybrid,Automatic,DG curated powertrain seed,broad
Ford,Focus,,Titanium X,2.0L,Hybrid,Automatic,DG curated powertrain seed,broad
Ford,Focus,,ST-Line,2.0L,Hybrid,Automatic,DG curated powertrain seed,broad
Ford,Focus,,ST-Line X,2.0L,Hybrid,Automatic,DG curated powertrain seed,broad
Ford,Focus,,ST,2.0L,Hybrid,Automatic,DG curated powertrain seed,broad
Ford,Focus,,RS,2.0L,Hybrid,Automatic,DG curated powertrain seed,broad
Ford,Focus,,Style,2.3L,Hybrid,Manual,DG curated powertrain seed,broad
Ford,Focus,,Zetec,2.3L,Hybrid,Manual,DG curated powertrain seed,broad
Ford,Focus,,Titanium,2.3L,Hybrid,Manual,DG curated powertrain seed,broad
Ford,Focus,,Titanium X,2.3L,Hybrid,Manual,DG curated powertrain seed,broad
Ford,Focus,,ST-Line,2.3L,Hybrid,Manual,DG curated powertrain seed,broad
Ford,Focus,,ST-Line X,2.3L,Hybrid,Manual,DG curated powertrain seed,broad
Ford,Focus,,ST,2.3L,Hybrid,Manual,DG curated powertrain seed,broad
Ford,Focus,,RS,2.3L,Hybrid,Manual,DG curated powertrain seed,broad
Ford,Focus,,Style,2.3L,Hybrid,Automatic,DG curated powertrain seed,broad
Ford,Focus,,Zetec,2.3L,Hybrid,Automatic,DG curated powertrain seed,broad
Ford,Focus,,Titanium,2.3L,Hybrid,Automatic,DG curated powertrain seed,broad
Ford,Focus,,Titanium X,2.3L,Hybrid,Automatic,DG curated powertrain seed,broad
Ford,Focus,,ST-Line,2.3L,Hybrid,Automatic,DG curated powertrain seed,broad
Ford,Focus,,ST-Line X,2.3L,Hybrid,Automatic,DG curated powertrain seed,broad
Ford,Focus,,ST,2.3L,Hybrid,Automatic,DG curated powertrain seed,broad
Ford,Focus,,RS,2.3L,Hybrid,Automatic,DG curated powertrain seed,broad
BMW,3 Series,,SE,1.5L,Petrol,Manual,DG curated powertrain seed,broad
BMW,3 Series,,Sport,1.5L,Petrol,Manual,DG curated powertrain seed,broad
BMW,3 Series,,Luxury,1.5L,Petrol,Manual,DG curated powertrain seed,broad
BMW,3 Series,,M Sport,1.5L,Petrol,Manual,DG curated powertrain seed,broad
BMW,3 Series,,M340i,1.5L,Petrol,Manual,DG curated powertrain seed,broad
BMW,3 Series,,M340d,1.5L,Petrol,Manual,DG curated powertrain seed,broad
BMW,3 Series,,SE,1.5L,Petrol,Automatic,DG curated powertrain seed,broad
BMW,3 Series,,Sport,1.5L,Petrol,Automatic,DG curated powertrain seed,broad
BMW,3 Series,,Luxury,1.5L,Petrol,Automatic,DG curated powertrain seed,broad
BMW,3 Series,,M Sport,1.5L,Petrol,Automatic,DG curated powertrain seed,broad
BMW,3 Series,,M340i,1.5L,Petrol,Automatic,DG curated powertrain seed,broad
BMW,3 Series,,M340d,1.5L,Petrol,Automatic,DG curated powertrain seed,broad
BMW,3 Series,,SE,1.6L,Petrol,Manual,DG curated powertrain seed,broad
BMW,3 Series,,Sport,1.6L,Petrol,Manual,DG curated powertrain seed,broad
BMW,3 Series,,Luxury,1.6L,Petrol,Manual,DG curated powertrain seed,broad
BMW,3 Series,,M Sport,1.6L,Petrol,Manual,DG curated powertrain seed,broad
BMW,3 Series,,M340i,1.6L,Petrol,Manual,DG curated powertrain seed,broad
BMW,3 Series,,M340d,1.6L,Petrol,Manual,DG curated powertrain seed,broad
BMW,3 Series,,SE,1.6L,Petrol,Automatic,DG curated powertrain seed,broad
BMW,3 Series,,Sport,1.6L,Petrol,Automatic,DG curated powertrain seed,broad
BMW,3 Series,,Luxury,1.6L,Petrol,Automatic,DG curated powertrain seed,broad
BMW,3 Series,,M Sport,1.6L,Petrol,Automatic,DG curated powertrain seed,broad
BMW,3 Series,,M340i,1.6L,Petrol,Automatic,DG curated powertrain seed,broad
BMW,3 Series,,M340d,1.6L,Petrol,Automatic,DG curated powertrain seed,broad
BMW,3 Series,,SE,2.0L,Petrol,Manual,DG curated powertrain seed,broad
BMW,3 Series,,Sport,2.0L,Petrol,Manual,DG curated powertrain seed,broad
BMW,3 Series,,Luxury,2.0L,Petrol,Manual,DG curated powertrain seed,broad
BMW,3 Series,,M Sport,2.0L,Petrol,Manual,DG curated powertrain seed,broad
BMW,3 Series,,M340i,2.0L,Petrol,Manual,DG curated powertrain seed,broad
BMW,3 Series,,M340d,2.0L,Petrol,Manual,DG curated powertrain seed,broad
BMW,3 Series,,SE,2.0L,Petrol,Automatic,DG curated powertrain seed,broad
BMW,3 Series,,Sport,2.0L,Petrol,Automatic,DG curated powertrain seed,broad
BMW,3 Series,,Luxury,2.0L,Petrol,Automatic,DG curated powertrain seed,broad
BMW,3 Series,,M Sport,2.0L,Petrol,Automatic,DG curated powertrain seed,broad
BMW,3 Series,,M340i,2.0L,Petrol,Automatic,DG curated powertrain seed,broad
BMW,3 Series,,M340d,2.0L,Petrol,Automatic,DG curated powertrain seed,broad
BMW,3 Series,,SE,3.0L,Petrol,Manual,DG curated powertrain seed,broad
BMW,3 Series,,Sport,3.0L,Petrol,Manual,DG curated powertrain seed,broad
BMW,3 Series,,Luxury,3.0L,Petrol,Manual,DG curated powertrain seed,broad
BMW,3 Series,,M Sport,3.0L,Petrol,Manual,DG curated powertrain seed,broad
BMW,3 Series,,M340i,3.0L,Petrol,Manual,DG curated powertrain seed,broad
BMW,3 Series,,M340d,3.0L,Petrol,Manual,DG curated powertrain seed,broad
BMW,3 Series,,SE,3.0L,Petrol,Automatic,DG curated powertrain seed,broad
BMW,3 Series,,Sport,3.0L,Petrol,Automatic,DG curated powertrain seed,broad
BMW,3 Series,,Luxury,3.0L,Petrol,Automatic,DG curated powertrain seed,broad
BMW,3 Series,,M Sport,3.0L,Petrol,Automatic,DG curated powertrain seed,broad
BMW,3 Series,,M340i,3.0L,Petrol,Automatic,DG curated powertrain seed,broad
BMW,3 Series,,M340d,3.0L,Petrol,Automatic,DG curated powertrain seed,broad
BMW,3 Series,,SE,1.5L,Diesel,Manual,DG curated powertrain seed,broad
BMW,3 Series,,Sport,1.5L,Diesel,Manual,DG curated powertrain seed,broad
BMW,3 Series,,Luxury,1.5L,Diesel,Manual,DG curated powertrain seed,broad
BMW,3 Series,,M Sport,1.5L,Diesel,Manual,DG curated powertrain seed,broad
BMW,3 Series,,M340i,1.5L,Diesel,Manual,DG curated powertrain seed,broad
BMW,3 Series,,M340d,1.5L,Diesel,Manual,DG curated powertrain seed,broad
BMW,3 Series,,SE,1.5L,Diesel,Automatic,DG curated powertrain seed,broad
BMW,3 Series,,Sport,1.5L,Diesel,Automatic,DG curated powertrain seed,broad
BMW,3 Series,,Luxury,1.5L,Diesel,Automatic,DG curated powertrain seed,broad
BMW,3 Series,,M Sport,1.5L,Diesel,Automatic,DG curated powertrain seed,broad
BMW,3 Series,,M340i,1.5L,Diesel,Automatic,DG curated powertrain seed,broad
BMW,3 Series,,M340d,1.5L,Diesel,Automatic,DG curated powertrain seed,broad
BMW,3 Series,,SE,1.6L,Diesel,Manual,DG curated powertrain seed,broad
BMW,3 Series,,Sport,1.6L,Diesel,Manual,DG curated powertrain seed,broad
BMW,3 Series,,Luxury,1.6L,Diesel,Manual,DG curated powertrain seed,broad
BMW,3 Series,,M Sport,1.6L,Diesel,Manual,DG curated powertrain seed,broad
BMW,3 Series,,M340i,1.6L,Diesel,Manual,DG curated powertrain seed,broad
BMW,3 Series,,M340d,1.6L,Diesel,Manual,DG curated powertrain seed,broad
BMW,3 Series,,SE,1.6L,Diesel,Automatic,DG curated powertrain seed,broad
BMW,3 Series,,Sport,1.6L,Diesel,Automatic,DG curated powertrain seed,broad
BMW,3 Series,,Luxury,1.6L,Diesel,Automatic,DG curated powertrain seed,broad
BMW,3 Series,,M Sport,1.6L,Diesel,Automatic,DG curated powertrain seed,broad
BMW,3 Series,,M340i,1.6L,Diesel,Automatic,DG curated powertrain seed,broad
BMW,3 Series,,M340d,1.6L,Diesel,Automatic,DG curated powertrain seed,broad
BMW,3 Series,,SE,2.0L,Diesel,Manual,DG curated powertrain seed,broad
BMW,3 Series,,Sport,2.0L,Diesel,Manual,DG curated powertrain seed,broad
BMW,3 Series,,Luxury,2.0L,Diesel,Manual,DG curated powertrain seed,broad
BMW,3 Series,,M Sport,2.0L,Diesel,Manual,DG curated powertrain seed,broad
BMW,3 Series,,M340i,2.0L,Diesel,Manual,DG curated powertrain seed,broad
BMW,3 Series,,M340d,2.0L,Diesel,Manual,DG curated powertrain seed,broad
BMW,3 Series,,SE,2.0L,Diesel,Automatic,DG curated powertrain seed,broad
BMW,3 Series,,Sport,2.0L,Diesel,Automatic,DG curated powertrain seed,broad
BMW,3 Series,,Luxury,2.0L,Diesel,Automatic,DG curated powertrain seed,broad
BMW,3 Series,,M Sport,2.0L,Diesel,Automatic,DG curated powertrain seed,broad
BMW,3 Series,,M340i,2.0L,Diesel,Automatic,DG curated powertrain seed,broad
BMW,3 Series,,M340d,2.0L,Diesel,Automatic,DG curated powertrain seed,broad
BMW,3 Series,,SE,3.0L,Diesel,Manual,DG curated powertrain seed,broad
BMW,3 Series,,Sport,3.0L,Diesel,Manual,DG curated powertrain seed,broad
BMW,3 Series,,Luxury,3.0L,Diesel,Manual,DG curated powertrain seed,broad
BMW,3 Series,,M Sport,3.0L,Diesel,Manual,DG curated powertrain seed,broad
BMW,3 Series,,M340i,3.0L,Diesel,Manual,DG curated powertrain seed,broad
BMW,3 Series,,M340d,3.0L,Diesel,Manual,DG curated powertrain seed,broad
BMW,3 Series,,SE,3.0L,Diesel,Automatic,DG curated powertrain seed,broad
BMW,3 Series,,Sport,3.0L,Diesel,Automatic,DG curated powertrain seed,broad
BMW,3 Series,,Luxury,3.0L,Diesel,Automatic,DG curated powertrain seed,broad
BMW,3 Series,,M Sport,3.0L,Diesel,Automatic,DG curated powertrain seed,broad
BMW,3 Series,,M340i,3.0L,Diesel,Automatic,DG curated powertrain seed,broad
BMW,3 Series,,M340d,3.0L,Diesel,Automatic,DG curated powertrain seed,broad
BMW,3 Series,,SE,1.5L,Hybrid,Manual,DG curated powertrain seed,broad
BMW,3 Series,,Sport,1.5L,Hybrid,Manual,DG curated powertrain seed,broad
BMW,3 Series,,Luxury,1.5L,Hybrid,Manual,DG curated powertrain seed,broad
BMW,3 Series,,M Sport,1.5L,Hybrid,Manual,DG curated powertrain seed,broad
BMW,3 Series,,M340i,1.5L,Hybrid,Manual,DG curated powertrain seed,broad
BMW,3 Series,,M340d,1.5L,Hybrid,Manual,DG curated powertrain seed,broad
BMW,3 Series,,SE,1.5L,Hybrid,Automatic,DG curated powertrain seed,broad
BMW,3 Series,,Sport,1.5L,Hybrid,Automatic,DG curated powertrain seed,broad
BMW,3 Series,,Luxury,1.5L,Hybrid,Automatic,DG curated powertrain seed,broad
BMW,3 Series,,M Sport,1.5L,Hybrid,Automatic,DG curated powertrain seed,broad
BMW,3 Series,,M340i,1.5L,Hybrid,Automatic,DG curated powertrain seed,broad
BMW,3 Series,,M340d,1.5L,Hybrid,Automatic,DG curated powertrain seed,broad
BMW,3 Series,,SE,1.6L,Hybrid,Manual,DG curated powertrain seed,broad
BMW,3 Series,,Sport,1.6L,Hybrid,Manual,DG curated powertrain seed,broad
BMW,3 Series,,Luxury,1.6L,Hybrid,Manual,DG curated powertrain seed,broad
BMW,3 Series,,M Sport,1.6L,Hybrid,Manual,DG curated powertrain seed,broad
BMW,3 Series,,M340i,1.6L,Hybrid,Manual,DG curated powertrain seed,broad
BMW,3 Series,,M340d,1.6L,Hybrid,Manual,DG curated powertrain seed,broad
BMW,3 Series,,SE,1.6L,Hybrid,Automatic,DG curated powertrain seed,broad
BMW,3 Series,,Sport,1.6L,Hybrid,Automatic,DG curated powertrain seed,broad
BMW,3 Series,,Luxury,1.6L,Hybrid,Automatic,DG curated powertrain seed,broad
BMW,3 Series,,M Sport,1.6L,Hybrid,Automatic,DG curated powertrain seed,broad
BMW,3 Series,,M340i,1.6L,Hybrid,Automatic,DG curated powertrain seed,broad
BMW,3 Series,,M340d,1.6L,Hybrid,Automatic,DG curated powertrain seed,broad
BMW,3 Series,,SE,2.0L,Hybrid,Manual,DG curated powertrain seed,broad
BMW,3 Series,,Sport,2.0L,Hybrid,Manual,DG curated powertrain seed,broad
BMW,3 Series,,Luxury,2.0L,Hybrid,Manual,DG curated powertrain seed,broad
BMW,3 Series,,M Sport,2.0L,Hybrid,Manual,DG curated powertrain seed,broad
BMW,3 Series,,M340i,2.0L,Hybrid,Manual,DG curated powertrain seed,broad
BMW,3 Series,,M340d,2.0L,Hybrid,Manual,DG curated powertrain seed,broad
BMW,3 Series,,SE,2.0L,Hybrid,Automatic,DG curated powertrain seed,broad
BMW,3 Series,,Sport,2.0L,Hybrid,Automatic,DG curated powertrain seed,broad
BMW,3 Series,,Luxury,2.0L,Hybrid,Automatic,DG curated powertrain seed,broad
BMW,3 Series,,M Sport,2.0L,Hybrid,Automatic,DG curated powertrain seed,broad
BMW,3 Series,,M340i,2.0L,Hybrid,Automatic,DG curated powertrain seed,broad
BMW,3 Series,,M340d,2.0L,Hybrid,Automatic,DG curated powertrain seed,broad
BMW,3 Series,,SE,3.0L,Hybrid,Manual,DG curated powertrain seed,broad
BMW,3 Series,,Sport,3.0L,Hybrid,Manual,DG curated powertrain seed,broad
BMW,3 Series,,Luxury,3.0L,Hybrid,Manual,DG curated powertrain seed,broad
BMW,3 Series,,M Sport,3.0L,Hybrid,Manual,DG curated powertrain seed,broad
BMW,3 Series,,M340i,3.0L,Hybrid,Manual,DG curated powertrain seed,broad
BMW,3 Series,,M340d,3.0L,Hybrid,Manual,DG curated powertrain seed,broad
BMW,3 Series,,SE,3.0L,Hybrid,Automatic,DG curated powertrain seed,broad
BMW,3 Series,,Sport,3.0L,Hybrid,Automatic,DG curated powertrain seed,broad
BMW,3 Series,,Luxury,3.0L,Hybrid,Automatic,DG curated powertrain seed,broad
BMW,3 Series,,M Sport,3.0L,Hybrid,Automatic,DG curated powertrain seed,broad
BMW,3 Series,,M340i,3.0L,Hybrid,Automatic,DG curated powertrain seed,broad
BMW,3 Series,,M340d,3.0L,Hybrid,Automatic,DG curated powertrain seed,broad
Audi,A3,,SE,1.0L,Petrol,Manual,DG curated powertrain seed,broad
Audi,A3,,Sport,1.0L,Petrol,Manual,DG curated powertrain seed,broad
Audi,A3,,S line,1.0L,Petrol,Manual,DG curated powertrain seed,broad
Audi,A3,,Black Edition,1.0L,Petrol,Manual,DG curated powertrain seed,broad
Audi,A3,,S3,1.0L,Petrol,Manual,DG curated powertrain seed,broad
Audi,A3,,RS3,1.0L,Petrol,Manual,DG curated powertrain seed,broad
Audi,A3,,SE,1.0L,Petrol,Automatic,DG curated powertrain seed,broad
Audi,A3,,Sport,1.0L,Petrol,Automatic,DG curated powertrain seed,broad
Audi,A3,,S line,1.0L,Petrol,Automatic,DG curated powertrain seed,broad
Audi,A3,,Black Edition,1.0L,Petrol,Automatic,DG curated powertrain seed,broad
Audi,A3,,S3,1.0L,Petrol,Automatic,DG curated powertrain seed,broad
Audi,A3,,RS3,1.0L,Petrol,Automatic,DG curated powertrain seed,broad
Audi,A3,,SE,1.0L,Petrol,S tronic,DG curated powertrain seed,broad
Audi,A3,,Sport,1.0L,Petrol,S tronic,DG curated powertrain seed,broad
Audi,A3,,S line,1.0L,Petrol,S tronic,DG curated powertrain seed,broad
Audi,A3,,Black Edition,1.0L,Petrol,S tronic,DG curated powertrain seed,broad
Audi,A3,,S3,1.0L,Petrol,S tronic,DG curated powertrain seed,broad
Audi,A3,,RS3,1.0L,Petrol,S tronic,DG curated powertrain seed,broad
Audi,A3,,SE,1.2L,Petrol,Manual,DG curated powertrain seed,broad
Audi,A3,,Sport,1.2L,Petrol,Manual,DG curated powertrain seed,broad
Audi,A3,,S line,1.2L,Petrol,Manual,DG curated powertrain seed,broad
Audi,A3,,Black Edition,1.2L,Petrol,Manual,DG curated powertrain seed,broad
Audi,A3,,S3,1.2L,Petrol,Manual,DG curated powertrain seed,broad
Audi,A3,,RS3,1.2L,Petrol,Manual,DG curated powertrain seed,broad
Audi,A3,,SE,1.2L,Petrol,Automatic,DG curated powertrain seed,broad
Audi,A3,,Sport,1.2L,Petrol,Automatic,DG curated powertrain seed,broad
Audi,A3,,S line,1.2L,Petrol,Automatic,DG curated powertrain seed,broad
Audi,A3,,Black Edition,1.2L,Petrol,Automatic,DG curated powertrain seed,broad
Audi,A3,,S3,1.2L,Petrol,Automatic,DG curated powertrain seed,broad
Audi,A3,,RS3,1.2L,Petrol,Automatic,DG curated powertrain seed,broad
Audi,A3,,SE,1.2L,Petrol,S tronic,DG curated powertrain seed,broad
Audi,A3,,Sport,1.2L,Petrol,S tronic,DG curated powertrain seed,broad
Audi,A3,,S line,1.2L,Petrol,S tronic,DG curated powertrain seed,broad
Audi,A3,,Black Edition,1.2L,Petrol,S tronic,DG curated powertrain seed,broad
Audi,A3,,S3,1.2L,Petrol,S tronic,DG curated powertrain seed,broad
Audi,A3,,RS3,1.2L,Petrol,S tronic,DG curated powertrain seed,broad
Audi,A3,,SE,1.4L,Petrol,Manual,DG curated powertrain seed,broad
Audi,A3,,Sport,1.4L,Petrol,Manual,DG curated powertrain seed,broad
Audi,A3,,S line,1.4L,Petrol,Manual,DG curated powertrain seed,broad
Audi,A3,,Black Edition,1.4L,Petrol,Manual,DG curated powertrain seed,broad
Audi,A3,,S3,1.4L,Petrol,Manual,DG curated powertrain seed,broad
Audi,A3,,RS3,1.4L,Petrol,Manual,DG curated powertrain seed,broad
Audi,A3,,SE,1.4L,Petrol,Automatic,DG curated powertrain seed,broad
Audi,A3,,Sport,1.4L,Petrol,Automatic,DG curated powertrain seed,broad
Audi,A3,,S line,1.4L,Petrol,Automatic,DG curated powertrain seed,broad
Audi,A3,,Black Edition,1.4L,Petrol,Automatic,DG curated powertrain seed,broad
Audi,A3,,S3,1.4L,Petrol,Automatic,DG curated powertrain seed,broad
Audi,A3,,RS3,1.4L,Petrol,Automatic,DG curated powertrain seed,broad
Audi,A3,,SE,1.4L,Petrol,S tronic,DG curated powertrain seed,broad
Audi,A3,,Sport,1.4L,Petrol,S tronic,DG curated powertrain seed,broad
Audi,A3,,S line,1.4L,Petrol,S tronic,DG curated powertrain seed,broad
Audi,A3,,Black Edition,1.4L,Petrol,S tronic,DG curated powertrain seed,broad
Audi,A3,,S3,1.4L,Petrol,S tronic,DG curated powertrain seed,broad
Audi,A3,,RS3,1.4L,Petrol,S tronic,DG curated powertrain seed,broad
Audi,A3,,SE,1.5L,Petrol,Manual,DG curated powertrain seed,broad
Audi,A3,,Sport,1.5L,Petrol,Manual,DG curated powertrain seed,broad
Audi,A3,,S line,1.5L,Petrol,Manual,DG curated powertrain seed,broad
Audi,A3,,Black Edition,1.5L,Petrol,Manual,DG curated powertrain seed,broad
Audi,A3,,S3,1.5L,Petrol,Manual,DG curated powertrain seed,broad
Audi,A3,,RS3,1.5L,Petrol,Manual,DG curated powertrain seed,broad
Audi,A3,,SE,1.5L,Petrol,Automatic,DG curated powertrain seed,broad
Audi,A3,,Sport,1.5L,Petrol,Automatic,DG curated powertrain seed,broad
Audi,A3,,S line,1.5L,Petrol,Automatic,DG curated powertrain seed,broad
Audi,A3,,Black Edition,1.5L,Petrol,Automatic,DG curated powertrain seed,broad
Audi,A3,,S3,1.5L,Petrol,Automatic,DG curated powertrain seed,broad
Audi,A3,,RS3,1.5L,Petrol,Automatic,DG curated powertrain seed,broad
Audi,A3,,SE,1.5L,Petrol,S tronic,DG curated powertrain seed,broad
Audi,A3,,Sport,1.5L,Petrol,S tronic,DG curated powertrain seed,broad
Audi,A3,,S line,1.5L,Petrol,S tronic,DG curated powertrain seed,broad
Audi,A3,,Black Edition,1.5L,Petrol,S tronic,DG curated powertrain seed,broad
Audi,A3,,S3,1.5L,Petrol,S tronic,DG curated powertrain seed,broad
Audi,A3,,RS3,1.5L,Petrol,S tronic,DG curated powertrain seed,broad
Audi,A3,,SE,1.6L,Petrol,Manual,DG curated powertrain seed,broad
Audi,A3,,Sport,1.6L,Petrol,Manual,DG curated powertrain seed,broad
Audi,A3,,S line,1.6L,Petrol,Manual,DG curated powertrain seed,broad
Audi,A3,,Black Edition,1.6L,Petrol,Manual,DG curated powertrain seed,broad
Audi,A3,,S3,1.6L,Petrol,Manual,DG curated powertrain seed,broad
Audi,A3,,RS3,1.6L,Petrol,Manual,DG curated powertrain seed,broad
Audi,A3,,SE,1.6L,Petrol,Automatic,DG curated powertrain seed,broad
Audi,A3,,Sport,1.6L,Petrol,Automatic,DG curated powertrain seed,broad
Audi,A3,,S line,1.6L,Petrol,Automatic,DG curated powertrain seed,broad
Audi,A3,,Black Edition,1.6L,Petrol,Automatic,DG curated powertrain seed,broad
Audi,A3,,S3,1.6L,Petrol,Automatic,DG curated powertrain seed,broad
Audi,A3,,RS3,1.6L,Petrol,Automatic,DG curated powertrain seed,broad
Audi,A3,,SE,1.6L,Petrol,S tronic,DG curated powertrain seed,broad
Audi,A3,,Sport,1.6L,Petrol,S tronic,DG curated powertrain seed,broad
Audi,A3,,S line,1.6L,Petrol,S tronic,DG curated powertrain seed,broad
Audi,A3,,Black Edition,1.6L,Petrol,S tronic,DG curated powertrain seed,broad
Audi,A3,,S3,1.6L,Petrol,S tronic,DG curated powertrain seed,broad
Audi,A3,,RS3,1.6L,Petrol,S tronic,DG curated powertrain seed,broad
Audi,A3,,SE,1.8L,Petrol,Manual,DG curated powertrain seed,broad
Audi,A3,,Sport,1.8L,Petrol,Manual,DG curated powertrain seed,broad
Audi,A3,,S line,1.8L,Petrol,Manual,DG curated powertrain seed,broad
Audi,A3,,Black Edition,1.8L,Petrol,Manual,DG curated powertrain seed,broad
Audi,A3,,S3,1.8L,Petrol,Manual,DG curated powertrain seed,broad
Audi,A3,,RS3,1.8L,Petrol,Manual,DG curated powertrain seed,broad
Audi,A3,,SE,1.8L,Petrol,Automatic,DG curated powertrain seed,broad
Audi,A3,,Sport,1.8L,Petrol,Automatic,DG curated powertrain seed,broad
Audi,A3,,S line,1.8L,Petrol,Automatic,DG curated powertrain seed,broad
Audi,A3,,Black Edition,1.8L,Petrol,Automatic,DG curated powertrain seed,broad
Audi,A3,,S3,1.8L,Petrol,Automatic,DG curated powertrain seed,broad
Audi,A3,,RS3,1.8L,Petrol,Automatic,DG curated powertrain seed,broad
Audi,A3,,SE,1.8L,Petrol,S tronic,DG curated powertrain seed,broad
Audi,A3,,Sport,1.8L,Petrol,S tronic,DG curated powertrain seed,broad
Audi,A3,,S line,1.8L,Petrol,S tronic,DG curated powertrain seed,broad
Audi,A3,,Black Edition,1.8L,Petrol,S tronic,DG curated powertrain seed,broad
Audi,A3,,S3,1.8L,Petrol,S tronic,DG curated powertrain seed,broad
Audi,A3,,RS3,1.8L,Petrol,S tronic,DG curated powertrain seed,broad
Audi,A3,,SE,2.0L,Petrol,Manual,DG curated powertrain seed,broad
Audi,A3,,Sport,2.0L,Petrol,Manual,DG curated powertrain seed,broad
Audi,A3,,S line,2.0L,Petrol,Manual,DG curated powertrain seed,broad
Audi,A3,,Black Edition,2.0L,Petrol,Manual,DG curated powertrain seed,broad
Audi,A3,,S3,2.0L,Petrol,Manual,DG curated powertrain seed,broad
Audi,A3,,RS3,2.0L,Petrol,Manual,DG curated powertrain seed,broad
Audi,A3,,SE,2.0L,Petrol,Automatic,DG curated powertrain seed,broad
Audi,A3,,Sport,2.0L,Petrol,Automatic,DG curated powertrain seed,broad
Audi,A3,,S line,2.0L,Petrol,Automatic,DG curated powertrain seed,broad
Audi,A3,,Black Edition,2.0L,Petrol,Automatic,DG curated powertrain seed,broad
Audi,A3,,S3,2.0L,Petrol,Automatic,DG curated powertrain seed,broad
Audi,A3,,RS3,2.0L,Petrol,Automatic,DG curated powertrain seed,broad
Audi,A3,,SE,2.0L,Petrol,S tronic,DG curated powertrain seed,broad
Audi,A3,,Sport,2.0L,Petrol,S tronic,DG curated powertrain seed,broad
Audi,A3,,S line,2.0L,Petrol,S tronic,DG curated powertrain seed,broad
Audi,A3,,Black Edition,2.0L,Petrol,S tronic,DG curated powertrain seed,broad
Audi,A3,,S3,2.0L,Petrol,S tronic,DG curated powertrain seed,broad
Audi,A3,,RS3,2.0L,Petrol,S tronic,DG curated powertrain seed,broad
Audi,A3,,SE,1.0L,Diesel,Manual,DG curated powertrain seed,broad
Audi,A3,,Sport,1.0L,Diesel,Manual,DG curated powertrain seed,broad
Audi,A3,,S line,1.0L,Diesel,Manual,DG curated powertrain seed,broad
Audi,A3,,Black Edition,1.0L,Diesel,Manual,DG curated powertrain seed,broad
Audi,A3,,S3,1.0L,Diesel,Manual,DG curated powertrain seed,broad
Audi,A3,,RS3,1.0L,Diesel,Manual,DG curated powertrain seed,broad
Audi,A3,,SE,1.0L,Diesel,Automatic,DG curated powertrain seed,broad
Audi,A3,,Sport,1.0L,Diesel,Automatic,DG curated powertrain seed,broad
Audi,A3,,S line,1.0L,Diesel,Automatic,DG curated powertrain seed,broad
Audi,A3,,Black Edition,1.0L,Diesel,Automatic,DG curated powertrain seed,broad
Audi,A3,,S3,1.0L,Diesel,Automatic,DG curated powertrain seed,broad
Audi,A3,,RS3,1.0L,Diesel,Automatic,DG curated powertrain seed,broad
Audi,A3,,SE,1.0L,Diesel,S tronic,DG curated powertrain seed,broad
Audi,A3,,Sport,1.0L,Diesel,S tronic,DG curated powertrain seed,broad
Audi,A3,,S line,1.0L,Diesel,S tronic,DG curated powertrain seed,broad
Audi,A3,,Black Edition,1.0L,Diesel,S tronic,DG curated powertrain seed,broad
Audi,A3,,S3,1.0L,Diesel,S tronic,DG curated powertrain seed,broad
Audi,A3,,RS3,1.0L,Diesel,S tronic,DG curated powertrain seed,broad
Audi,A3,,SE,1.2L,Diesel,Manual,DG curated powertrain seed,broad
Audi,A3,,Sport,1.2L,Diesel,Manual,DG curated powertrain seed,broad
Audi,A3,,S line,1.2L,Diesel,Manual,DG curated powertrain seed,broad
Audi,A3,,Black Edition,1.2L,Diesel,Manual,DG curated powertrain seed,broad
Audi,A3,,S3,1.2L,Diesel,Manual,DG curated powertrain seed,broad
Audi,A3,,RS3,1.2L,Diesel,Manual,DG curated powertrain seed,broad
Audi,A3,,SE,1.2L,Diesel,Automatic,DG curated powertrain seed,broad
Audi,A3,,Sport,1.2L,Diesel,Automatic,DG curated powertrain seed,broad
Audi,A3,,S line,1.2L,Diesel,Automatic,DG curated powertrain seed,broad
Audi,A3,,Black Edition,1.2L,Diesel,Automatic,DG curated powertrain seed,broad
Audi,A3,,S3,1.2L,Diesel,Automatic,DG curated powertrain seed,broad
Audi,A3,,RS3,1.2L,Diesel,Automatic,DG curated powertrain seed,broad
Audi,A3,,SE,1.2L,Diesel,S tronic,DG curated powertrain seed,broad
Audi,A3,,Sport,1.2L,Diesel,S tronic,DG curated powertrain seed,broad
Audi,A3,,S line,1.2L,Diesel,S tronic,DG curated powertrain seed,broad
Audi,A3,,Black Edition,1.2L,Diesel,S tronic,DG curated powertrain seed,broad
Audi,A3,,S3,1.2L,Diesel,S tronic,DG curated powertrain seed,broad
Audi,A3,,RS3,1.2L,Diesel,S tronic,DG curated powertrain seed,broad
Audi,A3,,SE,1.4L,Diesel,Manual,DG curated powertrain seed,broad
Audi,A3,,Sport,1.4L,Diesel,Manual,DG curated powertrain seed,broad
Audi,A3,,S line,1.4L,Diesel,Manual,DG curated powertrain seed,broad
Audi,A3,,Black Edition,1.4L,Diesel,Manual,DG curated powertrain seed,broad
Audi,A3,,S3,1.4L,Diesel,Manual,DG curated powertrain seed,broad
Audi,A3,,RS3,1.4L,Diesel,Manual,DG curated powertrain seed,broad
Audi,A3,,SE,1.4L,Diesel,Automatic,DG curated powertrain seed,broad
Audi,A3,,Sport,1.4L,Diesel,Automatic,DG curated powertrain seed,broad
Audi,A3,,S line,1.4L,Diesel,Automatic,DG curated powertrain seed,broad
Audi,A3,,Black Edition,1.4L,Diesel,Automatic,DG curated powertrain seed,broad
Audi,A3,,S3,1.4L,Diesel,Automatic,DG curated powertrain seed,broad
Audi,A3,,RS3,1.4L,Diesel,Automatic,DG curated powertrain seed,broad
Audi,A3,,SE,1.4L,Diesel,S tronic,DG curated powertrain seed,broad
Audi,A3,,Sport,1.4L,Diesel,S tronic,DG curated powertrain seed,broad
Audi,A3,,S line,1.4L,Diesel,S tronic,DG curated powertrain seed,broad
Audi,A3,,Black Edition,1.4L,Diesel,S tronic,DG curated powertrain seed,broad
Audi,A3,,S3,1.4L,Diesel,S tronic,DG curated powertrain seed,broad
Audi,A3,,RS3,1.4L,Diesel,S tronic,DG curated powertrain seed,broad
Audi,A3,,SE,1.5L,Diesel,Manual,DG curated powertrain seed,broad
Audi,A3,,Sport,1.5L,Diesel,Manual,DG curated powertrain seed,broad
Audi,A3,,S line,1.5L,Diesel,Manual,DG curated powertrain seed,broad
Audi,A3,,Black Edition,1.5L,Diesel,Manual,DG curated powertrain seed,broad
Audi,A3,,S3,1.5L,Diesel,Manual,DG curated powertrain seed,broad
Audi,A3,,RS3,1.5L,Diesel,Manual,DG curated powertrain seed,broad
Audi,A3,,SE,1.5L,Diesel,Automatic,DG curated powertrain seed,broad
Audi,A3,,Sport,1.5L,Diesel,Automatic,DG curated powertrain seed,broad
Audi,A3,,S line,1.5L,Diesel,Automatic,DG curated powertrain seed,broad
Audi,A3,,Black Edition,1.5L,Diesel,Automatic,DG curated powertrain seed,broad
Audi,A3,,S3,1.5L,Diesel,Automatic,DG curated powertrain seed,broad
Audi,A3,,RS3,1.5L,Diesel,Automatic,DG curated powertrain seed,broad
Audi,A3,,SE,1.5L,Diesel,S tronic,DG curated powertrain seed,broad
Audi,A3,,Sport,1.5L,Diesel,S tronic,DG curated powertrain seed,broad
Audi,A3,,S line,1.5L,Diesel,S tronic,DG curated powertrain seed,broad
Audi,A3,,Black Edition,1.5L,Diesel,S tronic,DG curated powertrain seed,broad
Audi,A3,,S3,1.5L,Diesel,S tronic,DG curated powertrain seed,broad
Audi,A3,,RS3,1.5L,Diesel,S tronic,DG curated powertrain seed,broad
Audi,A3,,SE,1.6L,Diesel,Manual,DG curated powertrain seed,broad
Audi,A3,,Sport,1.6L,Diesel,Manual,DG curated powertrain seed,broad
Audi,A3,,S line,1.6L,Diesel,Manual,DG curated powertrain seed,broad
Audi,A3,,Black Edition,1.6L,Diesel,Manual,DG curated powertrain seed,broad
Audi,A3,,S3,1.6L,Diesel,Manual,DG curated powertrain seed,broad
Audi,A3,,RS3,1.6L,Diesel,Manual,DG curated powertrain seed,broad
Audi,A3,,SE,1.6L,Diesel,Automatic,DG curated powertrain seed,broad
Audi,A3,,Sport,1.6L,Diesel,Automatic,DG curated powertrain seed,broad
Audi,A3,,S line,1.6L,Diesel,Automatic,DG curated powertrain seed,broad
Audi,A3,,Black Edition,1.6L,Diesel,Automatic,DG curated powertrain seed,broad
Audi,A3,,S3,1.6L,Diesel,Automatic,DG curated powertrain seed,broad
Audi,A3,,RS3,1.6L,Diesel,Automatic,DG curated powertrain seed,broad
Audi,A3,,SE,1.6L,Diesel,S tronic,DG curated powertrain seed,broad
Audi,A3,,Sport,1.6L,Diesel,S tronic,DG curated powertrain seed,broad
Audi,A3,,S line,1.6L,Diesel,S tronic,DG curated powertrain seed,broad
Audi,A3,,Black Edition,1.6L,Diesel,S tronic,DG curated powertrain seed,broad
Audi,A3,,S3,1.6L,Diesel,S tronic,DG curated powertrain seed,broad
Audi,A3,,RS3,1.6L,Diesel,S tronic,DG curated powertrain seed,broad
Audi,A3,,SE,1.8L,Diesel,Manual,DG curated powertrain seed,broad
Audi,A3,,Sport,1.8L,Diesel,Manual,DG curated powertrain seed,broad
Audi,A3,,S line,1.8L,Diesel,Manual,DG curated powertrain seed,broad
Audi,A3,,Black Edition,1.8L,Diesel,Manual,DG curated powertrain seed,broad
Audi,A3,,S3,1.8L,Diesel,Manual,DG curated powertrain seed,broad
Audi,A3,,RS3,1.8L,Diesel,Manual,DG curated powertrain seed,broad
Audi,A3,,SE,1.8L,Diesel,Automatic,DG curated powertrain seed,broad
Audi,A3,,Sport,1.8L,Diesel,Automatic,DG curated powertrain seed,broad
Audi,A3,,S line,1.8L,Diesel,Automatic,DG curated powertrain seed,broad
Audi,A3,,Black Edition,1.8L,Diesel,Automatic,DG curated powertrain seed,broad
Audi,A3,,S3,1.8L,Diesel,Automatic,DG curated powertrain seed,broad
Audi,A3,,RS3,1.8L,Diesel,Automatic,DG curated powertrain seed,broad
Audi,A3,,SE,1.8L,Diesel,S tronic,DG curated powertrain seed,broad
Audi,A3,,Sport,1.8L,Diesel,S tronic,DG curated powertrain seed,broad
Audi,A3,,S line,1.8L,Diesel,S tronic,DG curated powertrain seed,broad
Audi,A3,,Black Edition,1.8L,Diesel,S tronic,DG curated powertrain seed,broad
Audi,A3,,S3,1.8L,Diesel,S tronic,DG curated powertrain seed,broad
Audi,A3,,RS3,1.8L,Diesel,S tronic,DG curated powertrain seed,broad
Audi,A3,,SE,2.0L,Diesel,Manual,DG curated powertrain seed,broad
Audi,A3,,Sport,2.0L,Diesel,Manual,DG curated powertrain seed,broad
Audi,A3,,S line,2.0L,Diesel,Manual,DG curated powertrain seed,broad
Audi,A3,,Black Edition,2.0L,Diesel,Manual,DG curated powertrain seed,broad
Audi,A3,,S3,2.0L,Diesel,Manual,DG curated powertrain seed,broad
Audi,A3,,RS3,2.0L,Diesel,Manual,DG curated powertrain seed,broad
Audi,A3,,SE,2.0L,Diesel,Automatic,DG curated powertrain seed,broad
Audi,A3,,Sport,2.0L,Diesel,Automatic,DG curated powertrain seed,broad
Audi,A3,,S line,2.0L,Diesel,Automatic,DG curated powertrain seed,broad
Audi,A3,,Black Edition,2.0L,Diesel,Automatic,DG curated powertrain seed,broad
Audi,A3,,S3,2.0L,Diesel,Automatic,DG curated powertrain seed,broad
Audi,A3,,RS3,2.0L,Diesel,Automatic,DG curated powertrain seed,broad
Audi,A3,,SE,2.0L,Diesel,S tronic,DG curated powertrain seed,broad
Audi,A3,,Sport,2.0L,Diesel,S tronic,DG curated powertrain seed,broad
Audi,A3,,S line,2.0L,Diesel,S tronic,DG curated powertrain seed,broad
Audi,A3,,Black Edition,2.0L,Diesel,S tronic,DG curated powertrain seed,broad
Audi,A3,,S3,2.0L,Diesel,S tronic,DG curated powertrain seed,broad
Audi,A3,,RS3,2.0L,Diesel,S tronic,DG curated powertrain seed,broad
Audi,A3,,SE,1.0L,Hybrid,Manual,DG curated powertrain seed,broad
Audi,A3,,Sport,1.0L,Hybrid,Manual,DG curated powertrain seed,broad
Audi,A3,,S line,1.0L,Hybrid,Manual,DG curated powertrain seed,broad
Audi,A3,,Black Edition,1.0L,Hybrid,Manual,DG curated powertrain seed,broad
Audi,A3,,S3,1.0L,Hybrid,Manual,DG curated powertrain seed,broad
Audi,A3,,RS3,1.0L,Hybrid,Manual,DG curated powertrain seed,broad
Audi,A3,,SE,1.0L,Hybrid,Automatic,DG curated powertrain seed,broad
Audi,A3,,Sport,1.0L,Hybrid,Automatic,DG curated powertrain seed,broad
Audi,A3,,S line,1.0L,Hybrid,Automatic,DG curated powertrain seed,broad
Audi,A3,,Black Edition,1.0L,Hybrid,Automatic,DG curated powertrain seed,broad
Audi,A3,,S3,1.0L,Hybrid,Automatic,DG curated powertrain seed,broad
Audi,A3,,RS3,1.0L,Hybrid,Automatic,DG curated powertrain seed,broad
Audi,A3,,SE,1.0L,Hybrid,S tronic,DG curated powertrain seed,broad
Audi,A3,,Sport,1.0L,Hybrid,S tronic,DG curated powertrain seed,broad
Audi,A3,,S line,1.0L,Hybrid,S tronic,DG curated powertrain seed,broad
Audi,A3,,Black Edition,1.0L,Hybrid,S tronic,DG curated powertrain seed,broad
Audi,A3,,S3,1.0L,Hybrid,S tronic,DG curated powertrain seed,broad
Audi,A3,,RS3,1.0L,Hybrid,S tronic,DG curated powertrain seed,broad
Audi,A3,,SE,1.2L,Hybrid,Manual,DG curated powertrain seed,broad
Audi,A3,,Sport,1.2L,Hybrid,Manual,DG curated powertrain seed,broad
Audi,A3,,S line,1.2L,Hybrid,Manual,DG curated powertrain seed,broad
Audi,A3,,Black Edition,1.2L,Hybrid,Manual,DG curated powertrain seed,broad
Audi,A3,,S3,1.2L,Hybrid,Manual,DG curated powertrain seed,broad
Audi,A3,,RS3,1.2L,Hybrid,Manual,DG curated powertrain seed,broad
Audi,A3,,SE,1.2L,Hybrid,Automatic,DG curated powertrain seed,broad
Audi,A3,,Sport,1.2L,Hybrid,Automatic,DG curated powertrain seed,broad
Audi,A3,,S line,1.2L,Hybrid,Automatic,DG curated powertrain seed,broad
Audi,A3,,Black Edition,1.2L,Hybrid,Automatic,DG curated powertrain seed,broad
Audi,A3,,S3,1.2L,Hybrid,Automatic,DG curated powertrain seed,broad
Audi,A3,,RS3,1.2L,Hybrid,Automatic,DG curated powertrain seed,broad
Audi,A3,,SE,1.2L,Hybrid,S tronic,DG curated powertrain seed,broad
Audi,A3,,Sport,1.2L,Hybrid,S tronic,DG curated powertrain seed,broad
Audi,A3,,S line,1.2L,Hybrid,S tronic,DG curated powertrain seed,broad
Audi,A3,,Black Edition,1.2L,Hybrid,S tronic,DG curated powertrain seed,broad
Audi,A3,,S3,1.2L,Hybrid,S tronic,DG curated powertrain seed,broad
Audi,A3,,RS3,1.2L,Hybrid,S tronic,DG curated powertrain seed,broad
Audi,A3,,SE,1.4L,Hybrid,Manual,DG curated powertrain seed,broad
Audi,A3,,Sport,1.4L,Hybrid,Manual,DG curated powertrain seed,broad
Audi,A3,,S line,1.4L,Hybrid,Manual,DG curated powertrain seed,broad
Audi,A3,,Black Edition,1.4L,Hybrid,Manual,DG curated powertrain seed,broad
Audi,A3,,S3,1.4L,Hybrid,Manual,DG curated powertrain seed,broad
Audi,A3,,RS3,1.4L,Hybrid,Manual,DG curated powertrain seed,broad
Audi,A3,,SE,1.4L,Hybrid,Automatic,DG curated powertrain seed,broad
Audi,A3,,Sport,1.4L,Hybrid,Automatic,DG curated powertrain seed,broad
Audi,A3,,S line,1.4L,Hybrid,Automatic,DG curated powertrain seed,broad
Audi,A3,,Black Edition,1.4L,Hybrid,Automatic,DG curated powertrain seed,broad
Audi,A3,,S3,1.4L,Hybrid,Automatic,DG curated powertrain seed,broad
Audi,A3,,RS3,1.4L,Hybrid,Automatic,DG curated powertrain seed,broad
Audi,A3,,SE,1.4L,Hybrid,S tronic,DG curated powertrain seed,broad
Audi,A3,,Sport,1.4L,Hybrid,S tronic,DG curated powertrain seed,broad
Audi,A3,,S line,1.4L,Hybrid,S tronic,DG curated powertrain seed,broad
Audi,A3,,Black Edition,1.4L,Hybrid,S tronic,DG curated powertrain seed,broad
Audi,A3,,S3,1.4L,Hybrid,S tronic,DG curated powertrain seed,broad
Audi,A3,,RS3,1.4L,Hybrid,S tronic,DG curated powertrain seed,broad
Audi,A3,,SE,1.5L,Hybrid,Manual,DG curated powertrain seed,broad
Audi,A3,,Sport,1.5L,Hybrid,Manual,DG curated powertrain seed,broad
Audi,A3,,S line,1.5L,Hybrid,Manual,DG curated powertrain seed,broad
Audi,A3,,Black Edition,1.5L,Hybrid,Manual,DG curated powertrain seed,broad
Audi,A3,,S3,1.5L,Hybrid,Manual,DG curated powertrain seed,broad
Audi,A3,,RS3,1.5L,Hybrid,Manual,DG curated powertrain seed,broad
Audi,A3,,SE,1.5L,Hybrid,Automatic,DG curated powertrain seed,broad
Audi,A3,,Sport,1.5L,Hybrid,Automatic,DG curated powertrain seed,broad
Audi,A3,,S line,1.5L,Hybrid,Automatic,DG curated powertrain seed,broad
Audi,A3,,Black Edition,1.5L,Hybrid,Automatic,DG curated powertrain seed,broad
Audi,A3,,S3,1.5L,Hybrid,Automatic,DG curated powertrain seed,broad
Audi,A3,,RS3,1.5L,Hybrid,Automatic,DG curated powertrain seed,broad
Audi,A3,,SE,1.5L,Hybrid,S tronic,DG curated powertrain seed,broad
Audi,A3,,Sport,1.5L,Hybrid,S tronic,DG curated powertrain seed,broad
Audi,A3,,S line,1.5L,Hybrid,S tronic,DG curated powertrain seed,broad
Audi,A3,,Black Edition,1.5L,Hybrid,S tronic,DG curated powertrain seed,broad
Audi,A3,,S3,1.5L,Hybrid,S tronic,DG curated powertrain seed,broad
Audi,A3,,RS3,1.5L,Hybrid,S tronic,DG curated powertrain seed,broad
Audi,A3,,SE,1.6L,Hybrid,Manual,DG curated powertrain seed,broad
Audi,A3,,Sport,1.6L,Hybrid,Manual,DG curated powertrain seed,broad
Audi,A3,,S line,1.6L,Hybrid,Manual,DG curated powertrain seed,broad
Audi,A3,,Black Edition,1.6L,Hybrid,Manual,DG curated powertrain seed,broad
Audi,A3,,S3,1.6L,Hybrid,Manual,DG curated powertrain seed,broad
Audi,A3,,RS3,1.6L,Hybrid,Manual,DG curated powertrain seed,broad
Audi,A3,,SE,1.6L,Hybrid,Automatic,DG curated powertrain seed,broad
Audi,A3,,Sport,1.6L,Hybrid,Automatic,DG curated powertrain seed,broad
Audi,A3,,S line,1.6L,Hybrid,Automatic,DG curated powertrain seed,broad
Audi,A3,,Black Edition,1.6L,Hybrid,Automatic,DG curated powertrain seed,broad
Audi,A3,,S3,1.6L,Hybrid,Automatic,DG curated powertrain seed,broad
Audi,A3,,RS3,1.6L,Hybrid,Automatic,DG curated powertrain seed,broad
Audi,A3,,SE,1.6L,Hybrid,S tronic,DG curated powertrain seed,broad
Audi,A3,,Sport,1.6L,Hybrid,S tronic,DG curated powertrain seed,broad
Audi,A3,,S line,1.6L,Hybrid,S tronic,DG curated powertrain seed,broad
Audi,A3,,Black Edition,1.6L,Hybrid,S tronic,DG curated powertrain seed,broad
Audi,A3,,S3,1.6L,Hybrid,S tronic,DG curated powertrain seed,broad
Audi,A3,,RS3,1.6L,Hybrid,S tronic,DG curated powertrain seed,broad
Audi,A3,,SE,1.8L,Hybrid,Manual,DG curated powertrain seed,broad
Audi,A3,,Sport,1.8L,Hybrid,Manual,DG curated powertrain seed,broad
Audi,A3,,S line,1.8L,Hybrid,Manual,DG curated powertrain seed,broad
Audi,A3,,Black Edition,1.8L,Hybrid,Manual,DG curated powertrain seed,broad
Audi,A3,,S3,1.8L,Hybrid,Manual,DG curated powertrain seed,broad
Audi,A3,,RS3,1.8L,Hybrid,Manual,DG curated powertrain seed,broad
Audi,A3,,SE,1.8L,Hybrid,Automatic,DG curated powertrain seed,broad
Audi,A3,,Sport,1.8L,Hybrid,Automatic,DG curated powertrain seed,broad
Audi,A3,,S line,1.8L,Hybrid,Automatic,DG curated powertrain seed,broad
Audi,A3,,Black Edition,1.8L,Hybrid,Automatic,DG curated powertrain seed,broad
Audi,A3,,S3,1.8L,Hybrid,Automatic,DG curated powertrain seed,broad
Audi,A3,,RS3,1.8L,Hybrid,Automatic,DG curated powertrain seed,broad
Audi,A3,,SE,1.8L,Hybrid,S tronic,DG curated powertrain seed,broad
Audi,A3,,Sport,1.8L,Hybrid,S tronic,DG curated powertrain seed,broad
Audi,A3,,S line,1.8L,Hybrid,S tronic,DG curated powertrain seed,broad
Audi,A3,,Black Edition,1.8L,Hybrid,S tronic,DG curated powertrain seed,broad
Audi,A3,,S3,1.8L,Hybrid,S tronic,DG curated powertrain seed,broad
Audi,A3,,RS3,1.8L,Hybrid,S tronic,DG curated powertrain seed,broad
Audi,A3,,SE,2.0L,Hybrid,Manual,DG curated powertrain seed,broad
Audi,A3,,Sport,2.0L,Hybrid,Manual,DG curated powertrain seed,broad
Audi,A3,,S line,2.0L,Hybrid,Manual,DG curated powertrain seed,broad
Audi,A3,,Black Edition,2.0L,Hybrid,Manual,DG curated powertrain seed,broad
Audi,A3,,S3,2.0L,Hybrid,Manual,DG curated powertrain seed,broad
Audi,A3,,RS3,2.0L,Hybrid,Manual,DG curated powertrain seed,broad
Audi,A3,,SE,2.0L,Hybrid,Automatic,DG curated powertrain seed,broad
Audi,A3,,Sport,2.0L,Hybrid,Automatic,DG curated powertrain seed,broad
Audi,A3,,S line,2.0L,Hybrid,Automatic,DG curated powertrain seed,broad
Audi,A3,,Black Edition,2.0L,Hybrid,Automatic,DG curated powertrain seed,broad
Audi,A3,,S3,2.0L,Hybrid,Automatic,DG curated powertrain seed,broad
Audi,A3,,RS3,2.0L,Hybrid,Automatic,DG curated powertrain seed,broad
Audi,A3,,SE,2.0L,Hybrid,S tronic,DG curated powertrain seed,broad
Audi,A3,,Sport,2.0L,Hybrid,S tronic,DG curated powertrain seed,broad
Audi,A3,,S line,2.0L,Hybrid,S tronic,DG curated powertrain seed,broad
Audi,A3,,Black Edition,2.0L,Hybrid,S tronic,DG curated powertrain seed,broad
Audi,A3,,S3,2.0L,Hybrid,S tronic,DG curated powertrain seed,broad
Audi,A3,,RS3,2.0L,Hybrid,S tronic,DG curated powertrain seed,broad
Vauxhall,Corsa,,S,1.0L,Petrol,Manual,DG curated powertrain seed,broad
Vauxhall,Corsa,,SE,1.0L,Petrol,Manual,DG curated powertrain seed,broad
Vauxhall,Corsa,,Design,1.0L,Petrol,Manual,DG curated powertrain seed,broad
Vauxhall,Corsa,,Energy,1.0L,Petrol,Manual,DG curated powertrain seed,broad
Vauxhall,Corsa,,SRi,1.0L,Petrol,Manual,DG curated powertrain seed,broad
Vauxhall,Corsa,,Elite,1.0L,Petrol,Manual,DG curated powertrain seed,broad
Vauxhall,Corsa,,GS,1.0L,Petrol,Manual,DG curated powertrain seed,broad
Vauxhall,Corsa,,Ultimate,1.0L,Petrol,Manual,DG curated powertrain seed,broad
Vauxhall,Corsa,,VXR,1.0L,Petrol,Manual,DG curated powertrain seed,broad
Vauxhall,Corsa,,S,1.0L,Petrol,Automatic,DG curated powertrain seed,broad
Vauxhall,Corsa,,SE,1.0L,Petrol,Automatic,DG curated powertrain seed,broad
Vauxhall,Corsa,,Design,1.0L,Petrol,Automatic,DG curated powertrain seed,broad
Vauxhall,Corsa,,Energy,1.0L,Petrol,Automatic,DG curated powertrain seed,broad
Vauxhall,Corsa,,SRi,1.0L,Petrol,Automatic,DG curated powertrain seed,broad
Vauxhall,Corsa,,Elite,1.0L,Petrol,Automatic,DG curated powertrain seed,broad
Vauxhall,Corsa,,GS,1.0L,Petrol,Automatic,DG curated powertrain seed,broad
Vauxhall,Corsa,,Ultimate,1.0L,Petrol,Automatic,DG curated powertrain seed,broad
Vauxhall,Corsa,,VXR,1.0L,Petrol,Automatic,DG curated powertrain seed,broad
Vauxhall,Corsa,,S,1.2L,Petrol,Manual,DG curated powertrain seed,broad
Vauxhall,Corsa,,SE,1.2L,Petrol,Manual,DG curated powertrain seed,broad
Vauxhall,Corsa,,Design,1.2L,Petrol,Manual,DG curated powertrain seed,broad
Vauxhall,Corsa,,Energy,1.2L,Petrol,Manual,DG curated powertrain seed,broad
Vauxhall,Corsa,,SRi,1.2L,Petrol,Manual,DG curated powertrain seed,broad
Vauxhall,Corsa,,Elite,1.2L,Petrol,Manual,DG curated powertrain seed,broad
Vauxhall,Corsa,,GS,1.2L,Petrol,Manual,DG curated powertrain seed,broad
Vauxhall,Corsa,,Ultimate,1.2L,Petrol,Manual,DG curated powertrain seed,broad
Vauxhall,Corsa,,VXR,1.2L,Petrol,Manual,DG curated powertrain seed,broad
Vauxhall,Corsa,,S,1.2L,Petrol,Automatic,DG curated powertrain seed,broad
Vauxhall,Corsa,,SE,1.2L,Petrol,Automatic,DG curated powertrain seed,broad
Vauxhall,Corsa,,Design,1.2L,Petrol,Automatic,DG curated powertrain seed,broad
Vauxhall,Corsa,,Energy,1.2L,Petrol,Automatic,DG curated powertrain seed,broad
Vauxhall,Corsa,,SRi,1.2L,Petrol,Automatic,DG curated powertrain seed,broad
Vauxhall,Corsa,,Elite,1.2L,Petrol,Automatic,DG curated powertrain seed,broad
Vauxhall,Corsa,,GS,1.2L,Petrol,Automatic,DG curated powertrain seed,broad
Vauxhall,Corsa,,Ultimate,1.2L,Petrol,Automatic,DG curated powertrain seed,broad
Vauxhall,Corsa,,VXR,1.2L,Petrol,Automatic,DG curated powertrain seed,broad
Vauxhall,Corsa,,S,1.3L,Petrol,Manual,DG curated powertrain seed,broad
Vauxhall,Corsa,,SE,1.3L,Petrol,Manual,DG curated powertrain seed,broad
Vauxhall,Corsa,,Design,1.3L,Petrol,Manual,DG curated powertrain seed,broad
Vauxhall,Corsa,,Energy,1.3L,Petrol,Manual,DG curated powertrain seed,broad
Vauxhall,Corsa,,SRi,1.3L,Petrol,Manual,DG curated powertrain seed,broad
Vauxhall,Corsa,,Elite,1.3L,Petrol,Manual,DG curated powertrain seed,broad
Vauxhall,Corsa,,GS,1.3L,Petrol,Manual,DG curated powertrain seed,broad
Vauxhall,Corsa,,Ultimate,1.3L,Petrol,Manual,DG curated powertrain seed,broad
Vauxhall,Corsa,,VXR,1.3L,Petrol,Manual,DG curated powertrain seed,broad
Vauxhall,Corsa,,S,1.3L,Petrol,Automatic,DG curated powertrain seed,broad
Vauxhall,Corsa,,SE,1.3L,Petrol,Automatic,DG curated powertrain seed,broad
Vauxhall,Corsa,,Design,1.3L,Petrol,Automatic,DG curated powertrain seed,broad
Vauxhall,Corsa,,Energy,1.3L,Petrol,Automatic,DG curated powertrain seed,broad
Vauxhall,Corsa,,SRi,1.3L,Petrol,Automatic,DG curated powertrain seed,broad
Vauxhall,Corsa,,Elite,1.3L,Petrol,Automatic,DG curated powertrain seed,broad
Vauxhall,Corsa,,GS,1.3L,Petrol,Automatic,DG curated powertrain seed,broad
Vauxhall,Corsa,,Ultimate,1.3L,Petrol,Automatic,DG curated powertrain seed,broad
Vauxhall,Corsa,,VXR,1.3L,Petrol,Automatic,DG curated powertrain seed,broad
Vauxhall,Corsa,,S,1.4L,Petrol,Manual,DG curated powertrain seed,broad
Vauxhall,Corsa,,SE,1.4L,Petrol,Manual,DG curated powertrain seed,broad
Vauxhall,Corsa,,Design,1.4L,Petrol,Manual,DG curated powertrain seed,broad
Vauxhall,Corsa,,Energy,1.4L,Petrol,Manual,DG curated powertrain seed,broad
Vauxhall,Corsa,,SRi,1.4L,Petrol,Manual,DG curated powertrain seed,broad
Vauxhall,Corsa,,Elite,1.4L,Petrol,Manual,DG curated powertrain seed,broad
Vauxhall,Corsa,,GS,1.4L,Petrol,Manual,DG curated powertrain seed,broad
Vauxhall,Corsa,,Ultimate,1.4L,Petrol,Manual,DG curated powertrain seed,broad
Vauxhall,Corsa,,VXR,1.4L,Petrol,Manual,DG curated powertrain seed,broad
Vauxhall,Corsa,,S,1.4L,Petrol,Automatic,DG curated powertrain seed,broad
Vauxhall,Corsa,,SE,1.4L,Petrol,Automatic,DG curated powertrain seed,broad
Vauxhall,Corsa,,Design,1.4L,Petrol,Automatic,DG curated powertrain seed,broad
Vauxhall,Corsa,,Energy,1.4L,Petrol,Automatic,DG curated powertrain seed,broad
Vauxhall,Corsa,,SRi,1.4L,Petrol,Automatic,DG curated powertrain seed,broad
Vauxhall,Corsa,,Elite,1.4L,Petrol,Automatic,DG curated powertrain seed,broad
Vauxhall,Corsa,,GS,1.4L,Petrol,Automatic,DG curated powertrain seed,broad
Vauxhall,Corsa,,Ultimate,1.4L,Petrol,Automatic,DG curated powertrain seed,broad
Vauxhall,Corsa,,VXR,1.4L,Petrol,Automatic,DG curated powertrain seed,broad
Vauxhall,Corsa,,S,1.5L,Petrol,Manual,DG curated powertrain seed,broad
Vauxhall,Corsa,,SE,1.5L,Petrol,Manual,DG curated powertrain seed,broad
Vauxhall,Corsa,,Design,1.5L,Petrol,Manual,DG curated powertrain seed,broad
Vauxhall,Corsa,,Energy,1.5L,Petrol,Manual,DG curated powertrain seed,broad
Vauxhall,Corsa,,SRi,1.5L,Petrol,Manual,DG curated powertrain seed,broad
Vauxhall,Corsa,,Elite,1.5L,Petrol,Manual,DG curated powertrain seed,broad
Vauxhall,Corsa,,GS,1.5L,Petrol,Manual,DG curated powertrain seed,broad
Vauxhall,Corsa,,Ultimate,1.5L,Petrol,Manual,DG curated powertrain seed,broad
Vauxhall,Corsa,,VXR,1.5L,Petrol,Manual,DG curated powertrain seed,broad
Vauxhall,Corsa,,S,1.5L,Petrol,Automatic,DG curated powertrain seed,broad
Vauxhall,Corsa,,SE,1.5L,Petrol,Automatic,DG curated powertrain seed,broad
Vauxhall,Corsa,,Design,1.5L,Petrol,Automatic,DG curated powertrain seed,broad
Vauxhall,Corsa,,Energy,1.5L,Petrol,Automatic,DG curated powertrain seed,broad
Vauxhall,Corsa,,SRi,1.5L,Petrol,Automatic,DG curated powertrain seed,broad
Vauxhall,Corsa,,Elite,1.5L,Petrol,Automatic,DG curated powertrain seed,broad
Vauxhall,Corsa,,GS,1.5L,Petrol,Automatic,DG curated powertrain seed,broad
Vauxhall,Corsa,,Ultimate,1.5L,Petrol,Automatic,DG curated powertrain seed,broad
Vauxhall,Corsa,,VXR,1.5L,Petrol,Automatic,DG curated powertrain seed,broad
Vauxhall,Corsa,,S,1.6L,Petrol,Manual,DG curated powertrain seed,broad
Vauxhall,Corsa,,SE,1.6L,Petrol,Manual,DG curated powertrain seed,broad
Vauxhall,Corsa,,Design,1.6L,Petrol,Manual,DG curated powertrain seed,broad
Vauxhall,Corsa,,Energy,1.6L,Petrol,Manual,DG curated powertrain seed,broad
Vauxhall,Corsa,,SRi,1.6L,Petrol,Manual,DG curated powertrain seed,broad
Vauxhall,Corsa,,Elite,1.6L,Petrol,Manual,DG curated powertrain seed,broad
Vauxhall,Corsa,,GS,1.6L,Petrol,Manual,DG curated powertrain seed,broad
Vauxhall,Corsa,,Ultimate,1.6L,Petrol,Manual,DG curated powertrain seed,broad
Vauxhall,Corsa,,VXR,1.6L,Petrol,Manual,DG curated powertrain seed,broad
Vauxhall,Corsa,,S,1.6L,Petrol,Automatic,DG curated powertrain seed,broad
Vauxhall,Corsa,,SE,1.6L,Petrol,Automatic,DG curated powertrain seed,broad
Vauxhall,Corsa,,Design,1.6L,Petrol,Automatic,DG curated powertrain seed,broad
Vauxhall,Corsa,,Energy,1.6L,Petrol,Automatic,DG curated powertrain seed,broad
Vauxhall,Corsa,,SRi,1.6L,Petrol,Automatic,DG curated powertrain seed,broad
Vauxhall,Corsa,,Elite,1.6L,Petrol,Automatic,DG curated powertrain seed,broad
Vauxhall,Corsa,,GS,1.6L,Petrol,Automatic,DG curated powertrain seed,broad
Vauxhall,Corsa,,Ultimate,1.6L,Petrol,Automatic,DG curated powertrain seed,broad
Vauxhall,Corsa,,VXR,1.6L,Petrol,Automatic,DG curated powertrain seed,broad
Vauxhall,Corsa,,S,1.0L,Diesel,Manual,DG curated powertrain seed,broad
Vauxhall,Corsa,,SE,1.0L,Diesel,Manual,DG curated powertrain seed,broad
Vauxhall,Corsa,,Design,1.0L,Diesel,Manual,DG curated powertrain seed,broad
Vauxhall,Corsa,,Energy,1.0L,Diesel,Manual,DG curated powertrain seed,broad
Vauxhall,Corsa,,SRi,1.0L,Diesel,Manual,DG curated powertrain seed,broad
Vauxhall,Corsa,,Elite,1.0L,Diesel,Manual,DG curated powertrain seed,broad
Vauxhall,Corsa,,GS,1.0L,Diesel,Manual,DG curated powertrain seed,broad
Vauxhall,Corsa,,Ultimate,1.0L,Diesel,Manual,DG curated powertrain seed,broad
Vauxhall,Corsa,,VXR,1.0L,Diesel,Manual,DG curated powertrain seed,broad
Vauxhall,Corsa,,S,1.0L,Diesel,Automatic,DG curated powertrain seed,broad
Vauxhall,Corsa,,SE,1.0L,Diesel,Automatic,DG curated powertrain seed,broad
Vauxhall,Corsa,,Design,1.0L,Diesel,Automatic,DG curated powertrain seed,broad
Vauxhall,Corsa,,Energy,1.0L,Diesel,Automatic,DG curated powertrain seed,broad
Vauxhall,Corsa,,SRi,1.0L,Diesel,Automatic,DG curated powertrain seed,broad
Vauxhall,Corsa,,Elite,1.0L,Diesel,Automatic,DG curated powertrain seed,broad
Vauxhall,Corsa,,GS,1.0L,Diesel,Automatic,DG curated powertrain seed,broad
Vauxhall,Corsa,,Ultimate,1.0L,Diesel,Automatic,DG curated powertrain seed,broad
Vauxhall,Corsa,,VXR,1.0L,Diesel,Automatic,DG curated powertrain seed,broad
Vauxhall,Corsa,,S,1.2L,Diesel,Manual,DG curated powertrain seed,broad
Vauxhall,Corsa,,SE,1.2L,Diesel,Manual,DG curated powertrain seed,broad
Vauxhall,Corsa,,Design,1.2L,Diesel,Manual,DG curated powertrain seed,broad
Vauxhall,Corsa,,Energy,1.2L,Diesel,Manual,DG curated powertrain seed,broad
Vauxhall,Corsa,,SRi,1.2L,Diesel,Manual,DG curated powertrain seed,broad
Vauxhall,Corsa,,Elite,1.2L,Diesel,Manual,DG curated powertrain seed,broad
Vauxhall,Corsa,,GS,1.2L,Diesel,Manual,DG curated powertrain seed,broad
Vauxhall,Corsa,,Ultimate,1.2L,Diesel,Manual,DG curated powertrain seed,broad
Vauxhall,Corsa,,VXR,1.2L,Diesel,Manual,DG curated powertrain seed,broad
Vauxhall,Corsa,,S,1.2L,Diesel,Automatic,DG curated powertrain seed,broad
Vauxhall,Corsa,,SE,1.2L,Diesel,Automatic,DG curated powertrain seed,broad
Vauxhall,Corsa,,Design,1.2L,Diesel,Automatic,DG curated powertrain seed,broad
Vauxhall,Corsa,,Energy,1.2L,Diesel,Automatic,DG curated powertrain seed,broad
Vauxhall,Corsa,,SRi,1.2L,Diesel,Automatic,DG curated powertrain seed,broad
Vauxhall,Corsa,,Elite,1.2L,Diesel,Automatic,DG curated powertrain seed,broad
Vauxhall,Corsa,,GS,1.2L,Diesel,Automatic,DG curated powertrain seed,broad
Vauxhall,Corsa,,Ultimate,1.2L,Diesel,Automatic,DG curated powertrain seed,broad
Vauxhall,Corsa,,VXR,1.2L,Diesel,Automatic,DG curated powertrain seed,broad
Vauxhall,Corsa,,S,1.3L,Diesel,Manual,DG curated powertrain seed,broad
Vauxhall,Corsa,,SE,1.3L,Diesel,Manual,DG curated powertrain seed,broad
Vauxhall,Corsa,,Design,1.3L,Diesel,Manual,DG curated powertrain seed,broad
Vauxhall,Corsa,,Energy,1.3L,Diesel,Manual,DG curated powertrain seed,broad
Vauxhall,Corsa,,SRi,1.3L,Diesel,Manual,DG curated powertrain seed,broad
Vauxhall,Corsa,,Elite,1.3L,Diesel,Manual,DG curated powertrain seed,broad
Vauxhall,Corsa,,GS,1.3L,Diesel,Manual,DG curated powertrain seed,broad
Vauxhall,Corsa,,Ultimate,1.3L,Diesel,Manual,DG curated powertrain seed,broad
Vauxhall,Corsa,,VXR,1.3L,Diesel,Manual,DG curated powertrain seed,broad
Vauxhall,Corsa,,S,1.3L,Diesel,Automatic,DG curated powertrain seed,broad
Vauxhall,Corsa,,SE,1.3L,Diesel,Automatic,DG curated powertrain seed,broad
Vauxhall,Corsa,,Design,1.3L,Diesel,Automatic,DG curated powertrain seed,broad
Vauxhall,Corsa,,Energy,1.3L,Diesel,Automatic,DG curated powertrain seed,broad
Vauxhall,Corsa,,SRi,1.3L,Diesel,Automatic,DG curated powertrain seed,broad
Vauxhall,Corsa,,Elite,1.3L,Diesel,Automatic,DG curated powertrain seed,broad
Vauxhall,Corsa,,GS,1.3L,Diesel,Automatic,DG curated powertrain seed,broad
Vauxhall,Corsa,,Ultimate,1.3L,Diesel,Automatic,DG curated powertrain seed,broad
Vauxhall,Corsa,,VXR,1.3L,Diesel,Automatic,DG curated powertrain seed,broad
Vauxhall,Corsa,,S,1.4L,Diesel,Manual,DG curated powertrain seed,broad
Vauxhall,Corsa,,SE,1.4L,Diesel,Manual,DG curated powertrain seed,broad
Vauxhall,Corsa,,Design,1.4L,Diesel,Manual,DG curated powertrain seed,broad
Vauxhall,Corsa,,Energy,1.4L,Diesel,Manual,DG curated powertrain seed,broad
Vauxhall,Corsa,,SRi,1.4L,Diesel,Manual,DG curated powertrain seed,broad
Vauxhall,Corsa,,Elite,1.4L,Diesel,Manual,DG curated powertrain seed,broad
Vauxhall,Corsa,,GS,1.4L,Diesel,Manual,DG curated powertrain seed,broad
Vauxhall,Corsa,,Ultimate,1.4L,Diesel,Manual,DG curated powertrain seed,broad
Vauxhall,Corsa,,VXR,1.4L,Diesel,Manual,DG curated powertrain seed,broad
Vauxhall,Corsa,,S,1.4L,Diesel,Automatic,DG curated powertrain seed,broad
Vauxhall,Corsa,,SE,1.4L,Diesel,Automatic,DG curated powertrain seed,broad
Vauxhall,Corsa,,Design,1.4L,Diesel,Automatic,DG curated powertrain seed,broad
Vauxhall,Corsa,,Energy,1.4L,Diesel,Automatic,DG curated powertrain seed,broad
Vauxhall,Corsa,,SRi,1.4L,Diesel,Automatic,DG curated powertrain seed,broad
Vauxhall,Corsa,,Elite,1.4L,Diesel,Automatic,DG curated powertrain seed,broad
Vauxhall,Corsa,,GS,1.4L,Diesel,Automatic,DG curated powertrain seed,broad
Vauxhall,Corsa,,Ultimate,1.4L,Diesel,Automatic,DG curated powertrain seed,broad
Vauxhall,Corsa,,VXR,1.4L,Diesel,Automatic,DG curated powertrain seed,broad
Vauxhall,Corsa,,S,1.5L,Diesel,Manual,DG curated powertrain seed,broad
Vauxhall,Corsa,,SE,1.5L,Diesel,Manual,DG curated powertrain seed,broad
Vauxhall,Corsa,,Design,1.5L,Diesel,Manual,DG curated powertrain seed,broad
Vauxhall,Corsa,,Energy,1.5L,Diesel,Manual,DG curated powertrain seed,broad
Vauxhall,Corsa,,SRi,1.5L,Diesel,Manual,DG curated powertrain seed,broad
Vauxhall,Corsa,,Elite,1.5L,Diesel,Manual,DG curated powertrain seed,broad
Vauxhall,Corsa,,GS,1.5L,Diesel,Manual,DG curated powertrain seed,broad
Vauxhall,Corsa,,Ultimate,1.5L,Diesel,Manual,DG curated powertrain seed,broad
Vauxhall,Corsa,,VXR,1.5L,Diesel,Manual,DG curated powertrain seed,broad
Vauxhall,Corsa,,S,1.5L,Diesel,Automatic,DG curated powertrain seed,broad
Vauxhall,Corsa,,SE,1.5L,Diesel,Automatic,DG curated powertrain seed,broad
Vauxhall,Corsa,,Design,1.5L,Diesel,Automatic,DG curated powertrain seed,broad
Vauxhall,Corsa,,Energy,1.5L,Diesel,Automatic,DG curated powertrain seed,broad
Vauxhall,Corsa,,SRi,1.5L,Diesel,Automatic,DG curated powertrain seed,broad
Vauxhall,Corsa,,Elite,1.5L,Diesel,Automatic,DG curated powertrain seed,broad
Vauxhall,Corsa,,GS,1.5L,Diesel,Automatic,DG curated powertrain seed,broad
Vauxhall,Corsa,,Ultimate,1.5L,Diesel,Automatic,DG curated powertrain seed,broad
Vauxhall,Corsa,,VXR,1.5L,Diesel,Automatic,DG curated powertrain seed,broad
Vauxhall,Corsa,,S,1.6L,Diesel,Manual,DG curated powertrain seed,broad
Vauxhall,Corsa,,SE,1.6L,Diesel,Manual,DG curated powertrain seed,broad
Vauxhall,Corsa,,Design,1.6L,Diesel,Manual,DG curated powertrain seed,broad
Vauxhall,Corsa,,Energy,1.6L,Diesel,Manual,DG curated powertrain seed,broad
Vauxhall,Corsa,,SRi,1.6L,Diesel,Manual,DG curated powertrain seed,broad
Vauxhall,Corsa,,Elite,1.6L,Diesel,Manual,DG curated powertrain seed,broad
Vauxhall,Corsa,,GS,1.6L,Diesel,Manual,DG curated powertrain seed,broad
Vauxhall,Corsa,,Ultimate,1.6L,Diesel,Manual,DG curated powertrain seed,broad
Vauxhall,Corsa,,VXR,1.6L,Diesel,Manual,DG curated powertrain seed,broad
Vauxhall,Corsa,,S,1.6L,Diesel,Automatic,DG curated powertrain seed,broad
Vauxhall,Corsa,,SE,1.6L,Diesel,Automatic,DG curated powertrain seed,broad
Vauxhall,Corsa,,Design,1.6L,Diesel,Automatic,DG curated powertrain seed,broad
Vauxhall,Corsa,,Energy,1.6L,Diesel,Automatic,DG curated powertrain seed,broad
Vauxhall,Corsa,,SRi,1.6L,Diesel,Automatic,DG curated powertrain seed,broad
Vauxhall,Corsa,,Elite,1.6L,Diesel,Automatic,DG curated powertrain seed,broad
Vauxhall,Corsa,,GS,1.6L,Diesel,Automatic,DG curated powertrain seed,broad
Vauxhall,Corsa,,Ultimate,1.6L,Diesel,Automatic,DG curated powertrain seed,broad
Vauxhall,Corsa,,VXR,1.6L,Diesel,Automatic,DG curated powertrain seed,broad
Vauxhall,Corsa,,S,1.0L,Electric,Manual,DG curated powertrain seed,broad
Vauxhall,Corsa,,SE,1.0L,Electric,Manual,DG curated powertrain seed,broad
Vauxhall,Corsa,,Design,1.0L,Electric,Manual,DG curated powertrain seed,broad
Vauxhall,Corsa,,Energy,1.0L,Electric,Manual,DG curated powertrain seed,broad
Vauxhall,Corsa,,SRi,1.0L,Electric,Manual,DG curated powertrain seed,broad
Vauxhall,Corsa,,Elite,1.0L,Electric,Manual,DG curated powertrain seed,broad
Vauxhall,Corsa,,GS,1.0L,Electric,Manual,DG curated powertrain seed,broad
Vauxhall,Corsa,,Ultimate,1.0L,Electric,Manual,DG curated powertrain seed,broad
Vauxhall,Corsa,,VXR,1.0L,Electric,Manual,DG curated powertrain seed,broad
Vauxhall,Corsa,,S,1.0L,Electric,Automatic,DG curated powertrain seed,broad
Vauxhall,Corsa,,SE,1.0L,Electric,Automatic,DG curated powertrain seed,broad
Vauxhall,Corsa,,Design,1.0L,Electric,Automatic,DG curated powertrain seed,broad
Vauxhall,Corsa,,Energy,1.0L,Electric,Automatic,DG curated powertrain seed,broad
Vauxhall,Corsa,,SRi,1.0L,Electric,Automatic,DG curated powertrain seed,broad
Vauxhall,Corsa,,Elite,1.0L,Electric,Automatic,DG curated powertrain seed,broad
Vauxhall,Corsa,,GS,1.0L,Electric,Automatic,DG curated powertrain seed,broad
Vauxhall,Corsa,,Ultimate,1.0L,Electric,Automatic,DG curated powertrain seed,broad
Vauxhall,Corsa,,VXR,1.0L,Electric,Automatic,DG curated powertrain seed,broad
Vauxhall,Corsa,,S,1.2L,Electric,Manual,DG curated powertrain seed,broad
Vauxhall,Corsa,,SE,1.2L,Electric,Manual,DG curated powertrain seed,broad
Vauxhall,Corsa,,Design,1.2L,Electric,Manual,DG curated powertrain seed,broad
Vauxhall,Corsa,,Energy,1.2L,Electric,Manual,DG curated powertrain seed,broad
Vauxhall,Corsa,,SRi,1.2L,Electric,Manual,DG curated powertrain seed,broad
Vauxhall,Corsa,,Elite,1.2L,Electric,Manual,DG curated powertrain seed,broad
Vauxhall,Corsa,,GS,1.2L,Electric,Manual,DG curated powertrain seed,broad
Vauxhall,Corsa,,Ultimate,1.2L,Electric,Manual,DG curated powertrain seed,broad
Vauxhall,Corsa,,VXR,1.2L,Electric,Manual,DG curated powertrain seed,broad
Vauxhall,Corsa,,S,1.2L,Electric,Automatic,DG curated powertrain seed,broad
Vauxhall,Corsa,,SE,1.2L,Electric,Automatic,DG curated powertrain seed,broad
Vauxhall,Corsa,,Design,1.2L,Electric,Automatic,DG curated powertrain seed,broad
Vauxhall,Corsa,,Energy,1.2L,Electric,Automatic,DG curated powertrain seed,broad
Vauxhall,Corsa,,SRi,1.2L,Electric,Automatic,DG curated powertrain seed,broad
Vauxhall,Corsa,,Elite,1.2L,Electric,Automatic,DG curated powertrain seed,broad
Vauxhall,Corsa,,GS,1.2L,Electric,Automatic,DG curated powertrain seed,broad
Vauxhall,Corsa,,Ultimate,1.2L,Electric,Automatic,DG curated powertrain seed,broad
Vauxhall,Corsa,,VXR,1.2L,Electric,Automatic,DG curated powertrain seed,broad
Vauxhall,Corsa,,S,1.3L,Electric,Manual,DG curated powertrain seed,broad
Vauxhall,Corsa,,SE,1.3L,Electric,Manual,DG curated powertrain seed,broad
Vauxhall,Corsa,,Design,1.3L,Electric,Manual,DG curated powertrain seed,broad
Vauxhall,Corsa,,Energy,1.3L,Electric,Manual,DG curated powertrain seed,broad
Vauxhall,Corsa,,SRi,1.3L,Electric,Manual,DG curated powertrain seed,broad
Vauxhall,Corsa,,Elite,1.3L,Electric,Manual,DG curated powertrain seed,broad
Vauxhall,Corsa,,GS,1.3L,Electric,Manual,DG curated powertrain seed,broad
Vauxhall,Corsa,,Ultimate,1.3L,Electric,Manual,DG curated powertrain seed,broad
Vauxhall,Corsa,,VXR,1.3L,Electric,Manual,DG curated powertrain seed,broad
Vauxhall,Corsa,,S,1.3L,Electric,Automatic,DG curated powertrain seed,broad
Vauxhall,Corsa,,SE,1.3L,Electric,Automatic,DG curated powertrain seed,broad
Vauxhall,Corsa,,Design,1.3L,Electric,Automatic,DG curated powertrain seed,broad
Vauxhall,Corsa,,Energy,1.3L,Electric,Automatic,DG curated powertrain seed,broad
Vauxhall,Corsa,,SRi,1.3L,Electric,Automatic,DG curated powertrain seed,broad
Vauxhall,Corsa,,Elite,1.3L,Electric,Automatic,DG curated powertrain seed,broad
Vauxhall,Corsa,,GS,1.3L,Electric,Automatic,DG curated powertrain seed,broad
Vauxhall,Corsa,,Ultimate,1.3L,Electric,Automatic,DG curated powertrain seed,broad
Vauxhall,Corsa,,VXR,1.3L,Electric,Automatic,DG curated powertrain seed,broad
Vauxhall,Corsa,,S,1.4L,Electric,Manual,DG curated powertrain seed,broad
Vauxhall,Corsa,,SE,1.4L,Electric,Manual,DG curated powertrain seed,broad
Vauxhall,Corsa,,Design,1.4L,Electric,Manual,DG curated powertrain seed,broad
Vauxhall,Corsa,,Energy,1.4L,Electric,Manual,DG curated powertrain seed,broad
Vauxhall,Corsa,,SRi,1.4L,Electric,Manual,DG curated powertrain seed,broad
Vauxhall,Corsa,,Elite,1.4L,Electric,Manual,DG curated powertrain seed,broad
Vauxhall,Corsa,,GS,1.4L,Electric,Manual,DG curated powertrain seed,broad
Vauxhall,Corsa,,Ultimate,1.4L,Electric,Manual,DG curated powertrain seed,broad
Vauxhall,Corsa,,VXR,1.4L,Electric,Manual,DG curated powertrain seed,broad
Vauxhall,Corsa,,S,1.4L,Electric,Automatic,DG curated powertrain seed,broad
Vauxhall,Corsa,,SE,1.4L,Electric,Automatic,DG curated powertrain seed,broad
Vauxhall,Corsa,,Design,1.4L,Electric,Automatic,DG curated powertrain seed,broad
Vauxhall,Corsa,,Energy,1.4L,Electric,Automatic,DG curated powertrain seed,broad
Vauxhall,Corsa,,SRi,1.4L,Electric,Automatic,DG curated powertrain seed,broad
Vauxhall,Corsa,,Elite,1.4L,Electric,Automatic,DG curated powertrain seed,broad
Vauxhall,Corsa,,GS,1.4L,Electric,Automatic,DG curated powertrain seed,broad
Vauxhall,Corsa,,Ultimate,1.4L,Electric,Automatic,DG curated powertrain seed,broad
Vauxhall,Corsa,,VXR,1.4L,Electric,Automatic,DG curated powertrain seed,broad
Vauxhall,Corsa,,S,1.5L,Electric,Manual,DG curated powertrain seed,broad
Vauxhall,Corsa,,SE,1.5L,Electric,Manual,DG curated powertrain seed,broad
Vauxhall,Corsa,,Design,1.5L,Electric,Manual,DG curated powertrain seed,broad
Vauxhall,Corsa,,Energy,1.5L,Electric,Manual,DG curated powertrain seed,broad
Vauxhall,Corsa,,SRi,1.5L,Electric,Manual,DG curated powertrain seed,broad
Vauxhall,Corsa,,Elite,1.5L,Electric,Manual,DG curated powertrain seed,broad
Vauxhall,Corsa,,GS,1.5L,Electric,Manual,DG curated powertrain seed,broad
Vauxhall,Corsa,,Ultimate,1.5L,Electric,Manual,DG curated powertrain seed,broad
Vauxhall,Corsa,,VXR,1.5L,Electric,Manual,DG curated powertrain seed,broad
Vauxhall,Corsa,,S,1.5L,Electric,Automatic,DG curated powertrain seed,broad
Vauxhall,Corsa,,SE,1.5L,Electric,Automatic,DG curated powertrain seed,broad
Vauxhall,Corsa,,Design,1.5L,Electric,Automatic,DG curated powertrain seed,broad
Vauxhall,Corsa,,Energy,1.5L,Electric,Automatic,DG curated powertrain seed,broad
Vauxhall,Corsa,,SRi,1.5L,Electric,Automatic,DG curated powertrain seed,broad
Vauxhall,Corsa,,Elite,1.5L,Electric,Automatic,DG curated powertrain seed,broad
Vauxhall,Corsa,,GS,1.5L,Electric,Automatic,DG curated powertrain seed,broad
Vauxhall,Corsa,,Ultimate,1.5L,Electric,Automatic,DG curated powertrain seed,broad
Vauxhall,Corsa,,VXR,1.5L,Electric,Automatic,DG curated powertrain seed,broad
Vauxhall,Corsa,,S,1.6L,Electric,Manual,DG curated powertrain seed,broad
Vauxhall,Corsa,,SE,1.6L,Electric,Manual,DG curated powertrain seed,broad
Vauxhall,Corsa,,Design,1.6L,Electric,Manual,DG curated powertrain seed,broad
Vauxhall,Corsa,,Energy,1.6L,Electric,Manual,DG curated powertrain seed,broad
Vauxhall,Corsa,,SRi,1.6L,Electric,Manual,DG curated powertrain seed,broad
Vauxhall,Corsa,,Elite,1.6L,Electric,Manual,DG curated powertrain seed,broad
Vauxhall,Corsa,,GS,1.6L,Electric,Manual,DG curated powertrain seed,broad
Vauxhall,Corsa,,Ultimate,1.6L,Electric,Manual,DG curated powertrain seed,broad
Vauxhall,Corsa,,VXR,1.6L,Electric,Manual,DG curated powertrain seed,broad
Vauxhall,Corsa,,S,1.6L,Electric,Automatic,DG curated powertrain seed,broad
Vauxhall,Corsa,,SE,1.6L,Electric,Automatic,DG curated powertrain seed,broad
Vauxhall,Corsa,,Design,1.6L,Electric,Automatic,DG curated powertrain seed,broad
Vauxhall,Corsa,,Energy,1.6L,Electric,Automatic,DG curated powertrain seed,broad
Vauxhall,Corsa,,SRi,1.6L,Electric,Automatic,DG curated powertrain seed,broad
Vauxhall,Corsa,,Elite,1.6L,Electric,Automatic,DG curated powertrain seed,broad
Vauxhall,Corsa,,GS,1.6L,Electric,Automatic,DG curated powertrain seed,broad
Vauxhall,Corsa,,Ultimate,1.6L,Electric,Automatic,DG curated powertrain seed,broad
Vauxhall,Corsa,,VXR,1.6L,Electric,Automatic,DG curated powertrain seed,broad
Mercedes-Benz,A-Class,,SE,1.3L,Petrol,Manual,DG curated powertrain seed,broad
Mercedes-Benz,A-Class,,Sport,1.3L,Petrol,Manual,DG curated powertrain seed,broad
Mercedes-Benz,A-Class,,AMG Line,1.3L,Petrol,Manual,DG curated powertrain seed,broad
Mercedes-Benz,A-Class,,AMG Line Premium,1.3L,Petrol,Manual,DG curated powertrain seed,broad
Mercedes-Benz,A-Class,,AMG Line Premium Plus,1.3L,Petrol,Manual,DG curated powertrain seed,broad
Mercedes-Benz,A-Class,,A35 AMG,1.3L,Petrol,Manual,DG curated powertrain seed,broad
Mercedes-Benz,A-Class,,A45 AMG,1.3L,Petrol,Manual,DG curated powertrain seed,broad
Mercedes-Benz,A-Class,,SE,1.3L,Petrol,Automatic,DG curated powertrain seed,broad
Mercedes-Benz,A-Class,,Sport,1.3L,Petrol,Automatic,DG curated powertrain seed,broad
Mercedes-Benz,A-Class,,AMG Line,1.3L,Petrol,Automatic,DG curated powertrain seed,broad
Mercedes-Benz,A-Class,,AMG Line Premium,1.3L,Petrol,Automatic,DG curated powertrain seed,broad
Mercedes-Benz,A-Class,,AMG Line Premium Plus,1.3L,Petrol,Automatic,DG curated powertrain seed,broad
Mercedes-Benz,A-Class,,A35 AMG,1.3L,Petrol,Automatic,DG curated powertrain seed,broad
Mercedes-Benz,A-Class,,A45 AMG,1.3L,Petrol,Automatic,DG curated powertrain seed,broad
Mercedes-Benz,A-Class,,SE,1.5L,Petrol,Manual,DG curated powertrain seed,broad
Mercedes-Benz,A-Class,,Sport,1.5L,Petrol,Manual,DG curated powertrain seed,broad
Mercedes-Benz,A-Class,,AMG Line,1.5L,Petrol,Manual,DG curated powertrain seed,broad
Mercedes-Benz,A-Class,,AMG Line Premium,1.5L,Petrol,Manual,DG curated powertrain seed,broad
Mercedes-Benz,A-Class,,AMG Line Premium Plus,1.5L,Petrol,Manual,DG curated powertrain seed,broad
Mercedes-Benz,A-Class,,A35 AMG,1.5L,Petrol,Manual,DG curated powertrain seed,broad
Mercedes-Benz,A-Class,,A45 AMG,1.5L,Petrol,Manual,DG curated powertrain seed,broad
Mercedes-Benz,A-Class,,SE,1.5L,Petrol,Automatic,DG curated powertrain seed,broad
Mercedes-Benz,A-Class,,Sport,1.5L,Petrol,Automatic,DG curated powertrain seed,broad
Mercedes-Benz,A-Class,,AMG Line,1.5L,Petrol,Automatic,DG curated powertrain seed,broad
Mercedes-Benz,A-Class,,AMG Line Premium,1.5L,Petrol,Automatic,DG curated powertrain seed,broad
Mercedes-Benz,A-Class,,AMG Line Premium Plus,1.5L,Petrol,Automatic,DG curated powertrain seed,broad
Mercedes-Benz,A-Class,,A35 AMG,1.5L,Petrol,Automatic,DG curated powertrain seed,broad
Mercedes-Benz,A-Class,,A45 AMG,1.5L,Petrol,Automatic,DG curated powertrain seed,broad
Mercedes-Benz,A-Class,,SE,1.6L,Petrol,Manual,DG curated powertrain seed,broad
Mercedes-Benz,A-Class,,Sport,1.6L,Petrol,Manual,DG curated powertrain seed,broad
Mercedes-Benz,A-Class,,AMG Line,1.6L,Petrol,Manual,DG curated powertrain seed,broad
Mercedes-Benz,A-Class,,AMG Line Premium,1.6L,Petrol,Manual,DG curated powertrain seed,broad
Mercedes-Benz,A-Class,,AMG Line Premium Plus,1.6L,Petrol,Manual,DG curated powertrain seed,broad
Mercedes-Benz,A-Class,,A35 AMG,1.6L,Petrol,Manual,DG curated powertrain seed,broad
Mercedes-Benz,A-Class,,A45 AMG,1.6L,Petrol,Manual,DG curated powertrain seed,broad
Mercedes-Benz,A-Class,,SE,1.6L,Petrol,Automatic,DG curated powertrain seed,broad
Mercedes-Benz,A-Class,,Sport,1.6L,Petrol,Automatic,DG curated powertrain seed,broad
Mercedes-Benz,A-Class,,AMG Line,1.6L,Petrol,Automatic,DG curated powertrain seed,broad
Mercedes-Benz,A-Class,,AMG Line Premium,1.6L,Petrol,Automatic,DG curated powertrain seed,broad
Mercedes-Benz,A-Class,,AMG Line Premium Plus,1.6L,Petrol,Automatic,DG curated powertrain seed,broad
Mercedes-Benz,A-Class,,A35 AMG,1.6L,Petrol,Automatic,DG curated powertrain seed,broad
Mercedes-Benz,A-Class,,A45 AMG,1.6L,Petrol,Automatic,DG curated powertrain seed,broad
Mercedes-Benz,A-Class,,SE,2.0L,Petrol,Manual,DG curated powertrain seed,broad
Mercedes-Benz,A-Class,,Sport,2.0L,Petrol,Manual,DG curated powertrain seed,broad
Mercedes-Benz,A-Class,,AMG Line,2.0L,Petrol,Manual,DG curated powertrain seed,broad
Mercedes-Benz,A-Class,,AMG Line Premium,2.0L,Petrol,Manual,DG curated powertrain seed,broad
Mercedes-Benz,A-Class,,AMG Line Premium Plus,2.0L,Petrol,Manual,DG curated powertrain seed,broad
Mercedes-Benz,A-Class,,A35 AMG,2.0L,Petrol,Manual,DG curated powertrain seed,broad
Mercedes-Benz,A-Class,,A45 AMG,2.0L,Petrol,Manual,DG curated powertrain seed,broad
Mercedes-Benz,A-Class,,SE,2.0L,Petrol,Automatic,DG curated powertrain seed,broad
Mercedes-Benz,A-Class,,Sport,2.0L,Petrol,Automatic,DG curated powertrain seed,broad
Mercedes-Benz,A-Class,,AMG Line,2.0L,Petrol,Automatic,DG curated powertrain seed,broad
Mercedes-Benz,A-Class,,AMG Line Premium,2.0L,Petrol,Automatic,DG curated powertrain seed,broad
Mercedes-Benz,A-Class,,AMG Line Premium Plus,2.0L,Petrol,Automatic,DG curated powertrain seed,broad
Mercedes-Benz,A-Class,,A35 AMG,2.0L,Petrol,Automatic,DG curated powertrain seed,broad
Mercedes-Benz,A-Class,,A45 AMG,2.0L,Petrol,Automatic,DG curated powertrain seed,broad
Mercedes-Benz,A-Class,,SE,2.1L,Petrol,Manual,DG curated powertrain seed,broad
Mercedes-Benz,A-Class,,Sport,2.1L,Petrol,Manual,DG curated powertrain seed,broad
Mercedes-Benz,A-Class,,AMG Line,2.1L,Petrol,Manual,DG curated powertrain seed,broad
Mercedes-Benz,A-Class,,AMG Line Premium,2.1L,Petrol,Manual,DG curated powertrain seed,broad
Mercedes-Benz,A-Class,,AMG Line Premium Plus,2.1L,Petrol,Manual,DG curated powertrain seed,broad
Mercedes-Benz,A-Class,,A35 AMG,2.1L,Petrol,Manual,DG curated powertrain seed,broad
Mercedes-Benz,A-Class,,A45 AMG,2.1L,Petrol,Manual,DG curated powertrain seed,broad
Mercedes-Benz,A-Class,,SE,2.1L,Petrol,Automatic,DG curated powertrain seed,broad
Mercedes-Benz,A-Class,,Sport,2.1L,Petrol,Automatic,DG curated powertrain seed,broad
Mercedes-Benz,A-Class,,AMG Line,2.1L,Petrol,Automatic,DG curated powertrain seed,broad
Mercedes-Benz,A-Class,,AMG Line Premium,2.1L,Petrol,Automatic,DG curated powertrain seed,broad
Mercedes-Benz,A-Class,,AMG Line Premium Plus,2.1L,Petrol,Automatic,DG curated powertrain seed,broad
Mercedes-Benz,A-Class,,A35 AMG,2.1L,Petrol,Automatic,DG curated powertrain seed,broad
Mercedes-Benz,A-Class,,A45 AMG,2.1L,Petrol,Automatic,DG curated powertrain seed,broad
Mercedes-Benz,A-Class,,SE,1.3L,Diesel,Manual,DG curated powertrain seed,broad
Mercedes-Benz,A-Class,,Sport,1.3L,Diesel,Manual,DG curated powertrain seed,broad
Mercedes-Benz,A-Class,,AMG Line,1.3L,Diesel,Manual,DG curated powertrain seed,broad
Mercedes-Benz,A-Class,,AMG Line Premium,1.3L,Diesel,Manual,DG curated powertrain seed,broad
Mercedes-Benz,A-Class,,AMG Line Premium Plus,1.3L,Diesel,Manual,DG curated powertrain seed,broad
Mercedes-Benz,A-Class,,A35 AMG,1.3L,Diesel,Manual,DG curated powertrain seed,broad
Mercedes-Benz,A-Class,,A45 AMG,1.3L,Diesel,Manual,DG curated powertrain seed,broad
Mercedes-Benz,A-Class,,SE,1.3L,Diesel,Automatic,DG curated powertrain seed,broad
Mercedes-Benz,A-Class,,Sport,1.3L,Diesel,Automatic,DG curated powertrain seed,broad
Mercedes-Benz,A-Class,,AMG Line,1.3L,Diesel,Automatic,DG curated powertrain seed,broad
Mercedes-Benz,A-Class,,AMG Line Premium,1.3L,Diesel,Automatic,DG curated powertrain seed,broad
Mercedes-Benz,A-Class,,AMG Line Premium Plus,1.3L,Diesel,Automatic,DG curated powertrain seed,broad
Mercedes-Benz,A-Class,,A35 AMG,1.3L,Diesel,Automatic,DG curated powertrain seed,broad
Mercedes-Benz,A-Class,,A45 AMG,1.3L,Diesel,Automatic,DG curated powertrain seed,broad
Mercedes-Benz,A-Class,,SE,1.5L,Diesel,Manual,DG curated powertrain seed,broad
Mercedes-Benz,A-Class,,Sport,1.5L,Diesel,Manual,DG curated powertrain seed,broad
Mercedes-Benz,A-Class,,AMG Line,1.5L,Diesel,Manual,DG curated powertrain seed,broad
Mercedes-Benz,A-Class,,AMG Line Premium,1.5L,Diesel,Manual,DG curated powertrain seed,broad
Mercedes-Benz,A-Class,,AMG Line Premium Plus,1.5L,Diesel,Manual,DG curated powertrain seed,broad
Mercedes-Benz,A-Class,,A35 AMG,1.5L,Diesel,Manual,DG curated powertrain seed,broad
Mercedes-Benz,A-Class,,A45 AMG,1.5L,Diesel,Manual,DG curated powertrain seed,broad
Mercedes-Benz,A-Class,,SE,1.5L,Diesel,Automatic,DG curated powertrain seed,broad
Mercedes-Benz,A-Class,,Sport,1.5L,Diesel,Automatic,DG curated powertrain seed,broad
Mercedes-Benz,A-Class,,AMG Line,1.5L,Diesel,Automatic,DG curated powertrain seed,broad
Mercedes-Benz,A-Class,,AMG Line Premium,1.5L,Diesel,Automatic,DG curated powertrain seed,broad
Mercedes-Benz,A-Class,,AMG Line Premium Plus,1.5L,Diesel,Automatic,DG curated powertrain seed,broad
Mercedes-Benz,A-Class,,A35 AMG,1.5L,Diesel,Automatic,DG curated powertrain seed,broad
Mercedes-Benz,A-Class,,A45 AMG,1.5L,Diesel,Automatic,DG curated powertrain seed,broad
Mercedes-Benz,A-Class,,SE,1.6L,Diesel,Manual,DG curated powertrain seed,broad
Mercedes-Benz,A-Class,,Sport,1.6L,Diesel,Manual,DG curated powertrain seed,broad
Mercedes-Benz,A-Class,,AMG Line,1.6L,Diesel,Manual,DG curated powertrain seed,broad
Mercedes-Benz,A-Class,,AMG Line Premium,1.6L,Diesel,Manual,DG curated powertrain seed,broad
Mercedes-Benz,A-Class,,AMG Line Premium Plus,1.6L,Diesel,Manual,DG curated powertrain seed,broad
Mercedes-Benz,A-Class,,A35 AMG,1.6L,Diesel,Manual,DG curated powertrain seed,broad
Mercedes-Benz,A-Class,,A45 AMG,1.6L,Diesel,Manual,DG curated powertrain seed,broad
Mercedes-Benz,A-Class,,SE,1.6L,Diesel,Automatic,DG curated powertrain seed,broad
Mercedes-Benz,A-Class,,Sport,1.6L,Diesel,Automatic,DG curated powertrain seed,broad
Mercedes-Benz,A-Class,,AMG Line,1.6L,Diesel,Automatic,DG curated powertrain seed,broad
Mercedes-Benz,A-Class,,AMG Line Premium,1.6L,Diesel,Automatic,DG curated powertrain seed,broad
Mercedes-Benz,A-Class,,AMG Line Premium Plus,1.6L,Diesel,Automatic,DG curated powertrain seed,broad
Mercedes-Benz,A-Class,,A35 AMG,1.6L,Diesel,Automatic,DG curated powertrain seed,broad
Mercedes-Benz,A-Class,,A45 AMG,1.6L,Diesel,Automatic,DG curated powertrain seed,broad
Mercedes-Benz,A-Class,,SE,2.0L,Diesel,Manual,DG curated powertrain seed,broad
Mercedes-Benz,A-Class,,Sport,2.0L,Diesel,Manual,DG curated powertrain seed,broad
Mercedes-Benz,A-Class,,AMG Line,2.0L,Diesel,Manual,DG curated powertrain seed,broad
Mercedes-Benz,A-Class,,AMG Line Premium,2.0L,Diesel,Manual,DG curated powertrain seed,broad
Mercedes-Benz,A-Class,,AMG Line Premium Plus,2.0L,Diesel,Manual,DG curated powertrain seed,broad
Mercedes-Benz,A-Class,,A35 AMG,2.0L,Diesel,Manual,DG curated powertrain seed,broad
Mercedes-Benz,A-Class,,A45 AMG,2.0L,Diesel,Manual,DG curated powertrain seed,broad
Mercedes-Benz,A-Class,,SE,2.0L,Diesel,Automatic,DG curated powertrain seed,broad
Mercedes-Benz,A-Class,,Sport,2.0L,Diesel,Automatic,DG curated powertrain seed,broad
Mercedes-Benz,A-Class,,AMG Line,2.0L,Diesel,Automatic,DG curated powertrain seed,broad
Mercedes-Benz,A-Class,,AMG Line Premium,2.0L,Diesel,Automatic,DG curated powertrain seed,broad
Mercedes-Benz,A-Class,,AMG Line Premium Plus,2.0L,Diesel,Automatic,DG curated powertrain seed,broad
Mercedes-Benz,A-Class,,A35 AMG,2.0L,Diesel,Automatic,DG curated powertrain seed,broad
Mercedes-Benz,A-Class,,A45 AMG,2.0L,Diesel,Automatic,DG curated powertrain seed,broad
Mercedes-Benz,A-Class,,SE,2.1L,Diesel,Manual,DG curated powertrain seed,broad
Mercedes-Benz,A-Class,,Sport,2.1L,Diesel,Manual,DG curated powertrain seed,broad
Mercedes-Benz,A-Class,,AMG Line,2.1L,Diesel,Manual,DG curated powertrain seed,broad
Mercedes-Benz,A-Class,,AMG Line Premium,2.1L,Diesel,Manual,DG curated powertrain seed,broad
Mercedes-Benz,A-Class,,AMG Line Premium Plus,2.1L,Diesel,Manual,DG curated powertrain seed,broad
Mercedes-Benz,A-Class,,A35 AMG,2.1L,Diesel,Manual,DG curated powertrain seed,broad
Mercedes-Benz,A-Class,,A45 AMG,2.1L,Diesel,Manual,DG curated powertrain seed,broad
Mercedes-Benz,A-Class,,SE,2.1L,Diesel,Automatic,DG curated powertrain seed,broad
Mercedes-Benz,A-Class,,Sport,2.1L,Diesel,Automatic,DG curated powertrain seed,broad
Mercedes-Benz,A-Class,,AMG Line,2.1L,Diesel,Automatic,DG curated powertrain seed,broad
Mercedes-Benz,A-Class,,AMG Line Premium,2.1L,Diesel,Automatic,DG curated powertrain seed,broad
Mercedes-Benz,A-Class,,AMG Line Premium Plus,2.1L,Diesel,Automatic,DG curated powertrain seed,broad
Mercedes-Benz,A-Class,,A35 AMG,2.1L,Diesel,Automatic,DG curated powertrain seed,broad
Mercedes-Benz,A-Class,,A45 AMG,2.1L,Diesel,Automatic,DG curated powertrain seed,broad
Mercedes-Benz,A-Class,,SE,1.3L,Hybrid,Manual,DG curated powertrain seed,broad
Mercedes-Benz,A-Class,,Sport,1.3L,Hybrid,Manual,DG curated powertrain seed,broad
Mercedes-Benz,A-Class,,AMG Line,1.3L,Hybrid,Manual,DG curated powertrain seed,broad
Mercedes-Benz,A-Class,,AMG Line Premium,1.3L,Hybrid,Manual,DG curated powertrain seed,broad
Mercedes-Benz,A-Class,,AMG Line Premium Plus,1.3L,Hybrid,Manual,DG curated powertrain seed,broad
Mercedes-Benz,A-Class,,A35 AMG,1.3L,Hybrid,Manual,DG curated powertrain seed,broad
Mercedes-Benz,A-Class,,A45 AMG,1.3L,Hybrid,Manual,DG curated powertrain seed,broad
Mercedes-Benz,A-Class,,SE,1.3L,Hybrid,Automatic,DG curated powertrain seed,broad
Mercedes-Benz,A-Class,,Sport,1.3L,Hybrid,Automatic,DG curated powertrain seed,broad
Mercedes-Benz,A-Class,,AMG Line,1.3L,Hybrid,Automatic,DG curated powertrain seed,broad
Mercedes-Benz,A-Class,,AMG Line Premium,1.3L,Hybrid,Automatic,DG curated powertrain seed,broad
Mercedes-Benz,A-Class,,AMG Line Premium Plus,1.3L,Hybrid,Automatic,DG curated powertrain seed,broad
Mercedes-Benz,A-Class,,A35 AMG,1.3L,Hybrid,Automatic,DG curated powertrain seed,broad
Mercedes-Benz,A-Class,,A45 AMG,1.3L,Hybrid,Automatic,DG curated powertrain seed,broad
Mercedes-Benz,A-Class,,SE,1.5L,Hybrid,Manual,DG curated powertrain seed,broad
Mercedes-Benz,A-Class,,Sport,1.5L,Hybrid,Manual,DG curated powertrain seed,broad
Mercedes-Benz,A-Class,,AMG Line,1.5L,Hybrid,Manual,DG curated powertrain seed,broad
Mercedes-Benz,A-Class,,AMG Line Premium,1.5L,Hybrid,Manual,DG curated powertrain seed,broad
Mercedes-Benz,A-Class,,AMG Line Premium Plus,1.5L,Hybrid,Manual,DG curated powertrain seed,broad
Mercedes-Benz,A-Class,,A35 AMG,1.5L,Hybrid,Manual,DG curated powertrain seed,broad
Mercedes-Benz,A-Class,,A45 AMG,1.5L,Hybrid,Manual,DG curated powertrain seed,broad
Mercedes-Benz,A-Class,,SE,1.5L,Hybrid,Automatic,DG curated powertrain seed,broad
Mercedes-Benz,A-Class,,Sport,1.5L,Hybrid,Automatic,DG curated powertrain seed,broad
Mercedes-Benz,A-Class,,AMG Line,1.5L,Hybrid,Automatic,DG curated powertrain seed,broad
Mercedes-Benz,A-Class,,AMG Line Premium,1.5L,Hybrid,Automatic,DG curated powertrain seed,broad
Mercedes-Benz,A-Class,,AMG Line Premium Plus,1.5L,Hybrid,Automatic,DG curated powertrain seed,broad
Mercedes-Benz,A-Class,,A35 AMG,1.5L,Hybrid,Automatic,DG curated powertrain seed,broad
Mercedes-Benz,A-Class,,A45 AMG,1.5L,Hybrid,Automatic,DG curated powertrain seed,broad
Mercedes-Benz,A-Class,,SE,1.6L,Hybrid,Manual,DG curated powertrain seed,broad
Mercedes-Benz,A-Class,,Sport,1.6L,Hybrid,Manual,DG curated powertrain seed,broad
Mercedes-Benz,A-Class,,AMG Line,1.6L,Hybrid,Manual,DG curated powertrain seed,broad
Mercedes-Benz,A-Class,,AMG Line Premium,1.6L,Hybrid,Manual,DG curated powertrain seed,broad
Mercedes-Benz,A-Class,,AMG Line Premium Plus,1.6L,Hybrid,Manual,DG curated powertrain seed,broad
Mercedes-Benz,A-Class,,A35 AMG,1.6L,Hybrid,Manual,DG curated powertrain seed,broad
Mercedes-Benz,A-Class,,A45 AMG,1.6L,Hybrid,Manual,DG curated powertrain seed,broad
Mercedes-Benz,A-Class,,SE,1.6L,Hybrid,Automatic,DG curated powertrain seed,broad
Mercedes-Benz,A-Class,,Sport,1.6L,Hybrid,Automatic,DG curated powertrain seed,broad
Mercedes-Benz,A-Class,,AMG Line,1.6L,Hybrid,Automatic,DG curated powertrain seed,broad
Mercedes-Benz,A-Class,,AMG Line Premium,1.6L,Hybrid,Automatic,DG curated powertrain seed,broad
Mercedes-Benz,A-Class,,AMG Line Premium Plus,1.6L,Hybrid,Automatic,DG curated powertrain seed,broad
Mercedes-Benz,A-Class,,A35 AMG,1.6L,Hybrid,Automatic,DG curated powertrain seed,broad
Mercedes-Benz,A-Class,,A45 AMG,1.6L,Hybrid,Automatic,DG curated powertrain seed,broad
Mercedes-Benz,A-Class,,SE,2.0L,Hybrid,Manual,DG curated powertrain seed,broad
Mercedes-Benz,A-Class,,Sport,2.0L,Hybrid,Manual,DG curated powertrain seed,broad
Mercedes-Benz,A-Class,,AMG Line,2.0L,Hybrid,Manual,DG curated powertrain seed,broad
Mercedes-Benz,A-Class,,AMG Line Premium,2.0L,Hybrid,Manual,DG curated powertrain seed,broad
Mercedes-Benz,A-Class,,AMG Line Premium Plus,2.0L,Hybrid,Manual,DG curated powertrain seed,broad
Mercedes-Benz,A-Class,,A35 AMG,2.0L,Hybrid,Manual,DG curated powertrain seed,broad
Mercedes-Benz,A-Class,,A45 AMG,2.0L,Hybrid,Manual,DG curated powertrain seed,broad
Mercedes-Benz,A-Class,,SE,2.0L,Hybrid,Automatic,DG curated powertrain seed,broad
Mercedes-Benz,A-Class,,Sport,2.0L,Hybrid,Automatic,DG curated powertrain seed,broad
Mercedes-Benz,A-Class,,AMG Line,2.0L,Hybrid,Automatic,DG curated powertrain seed,broad
Mercedes-Benz,A-Class,,AMG Line Premium,2.0L,Hybrid,Automatic,DG curated powertrain seed,broad
Mercedes-Benz,A-Class,,AMG Line Premium Plus,2.0L,Hybrid,Automatic,DG curated powertrain seed,broad
Mercedes-Benz,A-Class,,A35 AMG,2.0L,Hybrid,Automatic,DG curated powertrain seed,broad
Mercedes-Benz,A-Class,,A45 AMG,2.0L,Hybrid,Automatic,DG curated powertrain seed,broad
Mercedes-Benz,A-Class,,SE,2.1L,Hybrid,Manual,DG curated powertrain seed,broad
Mercedes-Benz,A-Class,,Sport,2.1L,Hybrid,Manual,DG curated powertrain seed,broad
Mercedes-Benz,A-Class,,AMG Line,2.1L,Hybrid,Manual,DG curated powertrain seed,broad
Mercedes-Benz,A-Class,,AMG Line Premium,2.1L,Hybrid,Manual,DG curated powertrain seed,broad
Mercedes-Benz,A-Class,,AMG Line Premium Plus,2.1L,Hybrid,Manual,DG curated powertrain seed,broad
Mercedes-Benz,A-Class,,A35 AMG,2.1L,Hybrid,Manual,DG curated powertrain seed,broad
Mercedes-Benz,A-Class,,A45 AMG,2.1L,Hybrid,Manual,DG curated powertrain seed,broad
Mercedes-Benz,A-Class,,SE,2.1L,Hybrid,Automatic,DG curated powertrain seed,broad
Mercedes-Benz,A-Class,,Sport,2.1L,Hybrid,Automatic,DG curated powertrain seed,broad
Mercedes-Benz,A-Class,,AMG Line,2.1L,Hybrid,Automatic,DG curated powertrain seed,broad
Mercedes-Benz,A-Class,,AMG Line Premium,2.1L,Hybrid,Automatic,DG curated powertrain seed,broad
Mercedes-Benz,A-Class,,AMG Line Premium Plus,2.1L,Hybrid,Automatic,DG curated powertrain seed,broad
Mercedes-Benz,A-Class,,A35 AMG,2.1L,Hybrid,Automatic,DG curated powertrain seed,broad
Mercedes-Benz,A-Class,,A45 AMG,2.1L,Hybrid,Automatic,DG curated powertrain seed,broad
Dacia,Sandero,,Access,0.9L,Petrol,Manual,DG curated powertrain seed,broad
Dacia,Sandero,,Essential,0.9L,Petrol,Manual,DG curated powertrain seed,broad
Dacia,Sandero,,Comfort,0.9L,Petrol,Manual,DG curated powertrain seed,broad
Dacia,Sandero,,Expression,0.9L,Petrol,Manual,DG curated powertrain seed,broad
Dacia,Sandero,,Journey,0.9L,Petrol,Manual,DG curated powertrain seed,broad
Dacia,Sandero,,Access,0.9L,Petrol,Automatic,DG curated powertrain seed,broad
Dacia,Sandero,,Essential,0.9L,Petrol,Automatic,DG curated powertrain seed,broad
Dacia,Sandero,,Comfort,0.9L,Petrol,Automatic,DG curated powertrain seed,broad
Dacia,Sandero,,Expression,0.9L,Petrol,Automatic,DG curated powertrain seed,broad
Dacia,Sandero,,Journey,0.9L,Petrol,Automatic,DG curated powertrain seed,broad
Dacia,Sandero,,Access,1.0L,Petrol,Manual,DG curated powertrain seed,broad
Dacia,Sandero,,Essential,1.0L,Petrol,Manual,DG curated powertrain seed,broad
Dacia,Sandero,,Comfort,1.0L,Petrol,Manual,DG curated powertrain seed,broad
Dacia,Sandero,,Expression,1.0L,Petrol,Manual,DG curated powertrain seed,broad
Dacia,Sandero,,Journey,1.0L,Petrol,Manual,DG curated powertrain seed,broad
Dacia,Sandero,,Access,1.0L,Petrol,Automatic,DG curated powertrain seed,broad
Dacia,Sandero,,Essential,1.0L,Petrol,Automatic,DG curated powertrain seed,broad
Dacia,Sandero,,Comfort,1.0L,Petrol,Automatic,DG curated powertrain seed,broad
Dacia,Sandero,,Expression,1.0L,Petrol,Automatic,DG curated powertrain seed,broad
Dacia,Sandero,,Journey,1.0L,Petrol,Automatic,DG curated powertrain seed,broad
Dacia,Sandero,,Access,1.2L,Petrol,Manual,DG curated powertrain seed,broad
Dacia,Sandero,,Essential,1.2L,Petrol,Manual,DG curated powertrain seed,broad
Dacia,Sandero,,Comfort,1.2L,Petrol,Manual,DG curated powertrain seed,broad
Dacia,Sandero,,Expression,1.2L,Petrol,Manual,DG curated powertrain seed,broad
Dacia,Sandero,,Journey,1.2L,Petrol,Manual,DG curated powertrain seed,broad
Dacia,Sandero,,Access,1.2L,Petrol,Automatic,DG curated powertrain seed,broad
Dacia,Sandero,,Essential,1.2L,Petrol,Automatic,DG curated powertrain seed,broad
Dacia,Sandero,,Comfort,1.2L,Petrol,Automatic,DG curated powertrain seed,broad
Dacia,Sandero,,Expression,1.2L,Petrol,Automatic,DG curated powertrain seed,broad
Dacia,Sandero,,Journey,1.2L,Petrol,Automatic,DG curated powertrain seed,broad
Dacia,Sandero,,Access,1.5L,Petrol,Manual,DG curated powertrain seed,broad
Dacia,Sandero,,Essential,1.5L,Petrol,Manual,DG curated powertrain seed,broad
Dacia,Sandero,,Comfort,1.5L,Petrol,Manual,DG curated powertrain seed,broad
Dacia,Sandero,,Expression,1.5L,Petrol,Manual,DG curated powertrain seed,broad
Dacia,Sandero,,Journey,1.5L,Petrol,Manual,DG curated powertrain seed,broad
Dacia,Sandero,,Access,1.5L,Petrol,Automatic,DG curated powertrain seed,broad
Dacia,Sandero,,Essential,1.5L,Petrol,Automatic,DG curated powertrain seed,broad
Dacia,Sandero,,Comfort,1.5L,Petrol,Automatic,DG curated powertrain seed,broad
Dacia,Sandero,,Expression,1.5L,Petrol,Automatic,DG curated powertrain seed,broad
Dacia,Sandero,,Journey,1.5L,Petrol,Automatic,DG curated powertrain seed,broad
Dacia,Sandero,,Access,0.9L,Diesel,Manual,DG curated powertrain seed,broad
Dacia,Sandero,,Essential,0.9L,Diesel,Manual,DG curated powertrain seed,broad
Dacia,Sandero,,Comfort,0.9L,Diesel,Manual,DG curated powertrain seed,broad
Dacia,Sandero,,Expression,0.9L,Diesel,Manual,DG curated powertrain seed,broad
Dacia,Sandero,,Journey,0.9L,Diesel,Manual,DG curated powertrain seed,broad
Dacia,Sandero,,Access,0.9L,Diesel,Automatic,DG curated powertrain seed,broad
Dacia,Sandero,,Essential,0.9L,Diesel,Automatic,DG curated powertrain seed,broad
Dacia,Sandero,,Comfort,0.9L,Diesel,Automatic,DG curated powertrain seed,broad
Dacia,Sandero,,Expression,0.9L,Diesel,Automatic,DG curated powertrain seed,broad
Dacia,Sandero,,Journey,0.9L,Diesel,Automatic,DG curated powertrain seed,broad
Dacia,Sandero,,Access,1.0L,Diesel,Manual,DG curated powertrain seed,broad
Dacia,Sandero,,Essential,1.0L,Diesel,Manual,DG curated powertrain seed,broad
Dacia,Sandero,,Comfort,1.0L,Diesel,Manual,DG curated powertrain seed,broad
Dacia,Sandero,,Expression,1.0L,Diesel,Manual,DG curated powertrain seed,broad
Dacia,Sandero,,Journey,1.0L,Diesel,Manual,DG curated powertrain seed,broad
Dacia,Sandero,,Access,1.0L,Diesel,Automatic,DG curated powertrain seed,broad
Dacia,Sandero,,Essential,1.0L,Diesel,Automatic,DG curated powertrain seed,broad
Dacia,Sandero,,Comfort,1.0L,Diesel,Automatic,DG curated powertrain seed,broad
Dacia,Sandero,,Expression,1.0L,Diesel,Automatic,DG curated powertrain seed,broad
Dacia,Sandero,,Journey,1.0L,Diesel,Automatic,DG curated powertrain seed,broad
Dacia,Sandero,,Access,1.2L,Diesel,Manual,DG curated powertrain seed,broad
Dacia,Sandero,,Essential,1.2L,Diesel,Manual,DG curated powertrain seed,broad
Dacia,Sandero,,Comfort,1.2L,Diesel,Manual,DG curated powertrain seed,broad
Dacia,Sandero,,Expression,1.2L,Diesel,Manual,DG curated powertrain seed,broad
Dacia,Sandero,,Journey,1.2L,Diesel,Manual,DG curated powertrain seed,broad
Dacia,Sandero,,Access,1.2L,Diesel,Automatic,DG curated powertrain seed,broad
Dacia,Sandero,,Essential,1.2L,Diesel,Automatic,DG curated powertrain seed,broad
Dacia,Sandero,,Comfort,1.2L,Diesel,Automatic,DG curated powertrain seed,broad
Dacia,Sandero,,Expression,1.2L,Diesel,Automatic,DG curated powertrain seed,broad
Dacia,Sandero,,Journey,1.2L,Diesel,Automatic,DG curated powertrain seed,broad
Dacia,Sandero,,Access,1.5L,Diesel,Manual,DG curated powertrain seed,broad
Dacia,Sandero,,Essential,1.5L,Diesel,Manual,DG curated powertrain seed,broad
Dacia,Sandero,,Comfort,1.5L,Diesel,Manual,DG curated powertrain seed,broad
Dacia,Sandero,,Expression,1.5L,Diesel,Manual,DG curated powertrain seed,broad
Dacia,Sandero,,Journey,1.5L,Diesel,Manual,DG curated powertrain seed,broad
Dacia,Sandero,,Access,1.5L,Diesel,Automatic,DG curated powertrain seed,broad
Dacia,Sandero,,Essential,1.5L,Diesel,Automatic,DG curated powertrain seed,broad
Dacia,Sandero,,Comfort,1.5L,Diesel,Automatic,DG curated powertrain seed,broad
Dacia,Sandero,,Expression,1.5L,Diesel,Automatic,DG curated powertrain seed,broad
Dacia,Sandero,,Journey,1.5L,Diesel,Automatic,DG curated powertrain seed,broad
Dacia,Sandero,,Access,0.9L,LPG,Manual,DG curated powertrain seed,broad
Dacia,Sandero,,Essential,0.9L,LPG,Manual,DG curated powertrain seed,broad
Dacia,Sandero,,Comfort,0.9L,LPG,Manual,DG curated powertrain seed,broad
Dacia,Sandero,,Expression,0.9L,LPG,Manual,DG curated powertrain seed,broad
Dacia,Sandero,,Journey,0.9L,LPG,Manual,DG curated powertrain seed,broad
Dacia,Sandero,,Access,0.9L,LPG,Automatic,DG curated powertrain seed,broad
Dacia,Sandero,,Essential,0.9L,LPG,Automatic,DG curated powertrain seed,broad
Dacia,Sandero,,Comfort,0.9L,LPG,Automatic,DG curated powertrain seed,broad
Dacia,Sandero,,Expression,0.9L,LPG,Automatic,DG curated powertrain seed,broad
Dacia,Sandero,,Journey,0.9L,LPG,Automatic,DG curated powertrain seed,broad
Dacia,Sandero,,Access,1.0L,LPG,Manual,DG curated powertrain seed,broad
Dacia,Sandero,,Essential,1.0L,LPG,Manual,DG curated powertrain seed,broad
Dacia,Sandero,,Comfort,1.0L,LPG,Manual,DG curated powertrain seed,broad
Dacia,Sandero,,Expression,1.0L,LPG,Manual,DG curated powertrain seed,broad
Dacia,Sandero,,Journey,1.0L,LPG,Manual,DG curated powertrain seed,broad
Dacia,Sandero,,Access,1.0L,LPG,Automatic,DG curated powertrain seed,broad
Dacia,Sandero,,Essential,1.0L,LPG,Automatic,DG curated powertrain seed,broad
Dacia,Sandero,,Comfort,1.0L,LPG,Automatic,DG curated powertrain seed,broad
Dacia,Sandero,,Expression,1.0L,LPG,Automatic,DG curated powertrain seed,broad
Dacia,Sandero,,Journey,1.0L,LPG,Automatic,DG curated powertrain seed,broad
Dacia,Sandero,,Access,1.2L,LPG,Manual,DG curated powertrain seed,broad
Dacia,Sandero,,Essential,1.2L,LPG,Manual,DG curated powertrain seed,broad
Dacia,Sandero,,Comfort,1.2L,LPG,Manual,DG curated powertrain seed,broad
Dacia,Sandero,,Expression,1.2L,LPG,Manual,DG curated powertrain seed,broad
Dacia,Sandero,,Journey,1.2L,LPG,Manual,DG curated powertrain seed,broad
Dacia,Sandero,,Access,1.2L,LPG,Automatic,DG curated powertrain seed,broad
Dacia,Sandero,,Essential,1.2L,LPG,Automatic,DG curated powertrain seed,broad
Dacia,Sandero,,Comfort,1.2L,LPG,Automatic,DG curated powertrain seed,broad
Dacia,Sandero,,Expression,1.2L,LPG,Automatic,DG curated powertrain seed,broad
Dacia,Sandero,,Journey,1.2L,LPG,Automatic,DG curated powertrain seed,broad
Dacia,Sandero,,Access,1.5L,LPG,Manual,DG curated powertrain seed,broad
Dacia,Sandero,,Essential,1.5L,LPG,Manual,DG curated powertrain seed,broad
Dacia,Sandero,,Comfort,1.5L,LPG,Manual,DG curated powertrain seed,broad
Dacia,Sandero,,Expression,1.5L,LPG,Manual,DG curated powertrain seed,broad
Dacia,Sandero,,Journey,1.5L,LPG,Manual,DG curated powertrain seed,broad
Dacia,Sandero,,Access,1.5L,LPG,Automatic,DG curated powertrain seed,broad
Dacia,Sandero,,Essential,1.5L,LPG,Automatic,DG curated powertrain seed,broad
Dacia,Sandero,,Comfort,1.5L,LPG,Automatic,DG curated powertrain seed,broad
Dacia,Sandero,,Expression,1.5L,LPG,Automatic,DG curated powertrain seed,broad
Dacia,Sandero,,Journey,1.5L,LPG,Automatic,DG curated powertrain seed,broad
Dacia,Sandero Stepway,,Essential,0.9L,Petrol,Manual,DG curated powertrain seed,broad
Dacia,Sandero Stepway,,Comfort,0.9L,Petrol,Manual,DG curated powertrain seed,broad
Dacia,Sandero Stepway,,Prestige,0.9L,Petrol,Manual,DG curated powertrain seed,broad
Dacia,Sandero Stepway,,Expression,0.9L,Petrol,Manual,DG curated powertrain seed,broad
Dacia,Sandero Stepway,,Extreme,0.9L,Petrol,Manual,DG curated powertrain seed,broad
Dacia,Sandero Stepway,,Essential,0.9L,Petrol,Automatic,DG curated powertrain seed,broad
Dacia,Sandero Stepway,,Comfort,0.9L,Petrol,Automatic,DG curated powertrain seed,broad
Dacia,Sandero Stepway,,Prestige,0.9L,Petrol,Automatic,DG curated powertrain seed,broad
Dacia,Sandero Stepway,,Expression,0.9L,Petrol,Automatic,DG curated powertrain seed,broad
Dacia,Sandero Stepway,,Extreme,0.9L,Petrol,Automatic,DG curated powertrain seed,broad
Dacia,Sandero Stepway,,Essential,1.0L,Petrol,Manual,DG curated powertrain seed,broad
Dacia,Sandero Stepway,,Comfort,1.0L,Petrol,Manual,DG curated powertrain seed,broad
Dacia,Sandero Stepway,,Prestige,1.0L,Petrol,Manual,DG curated powertrain seed,broad
Dacia,Sandero Stepway,,Expression,1.0L,Petrol,Manual,DG curated powertrain seed,broad
Dacia,Sandero Stepway,,Extreme,1.0L,Petrol,Manual,DG curated powertrain seed,broad
Dacia,Sandero Stepway,,Essential,1.0L,Petrol,Automatic,DG curated powertrain seed,broad
Dacia,Sandero Stepway,,Comfort,1.0L,Petrol,Automatic,DG curated powertrain seed,broad
Dacia,Sandero Stepway,,Prestige,1.0L,Petrol,Automatic,DG curated powertrain seed,broad
Dacia,Sandero Stepway,,Expression,1.0L,Petrol,Automatic,DG curated powertrain seed,broad
Dacia,Sandero Stepway,,Extreme,1.0L,Petrol,Automatic,DG curated powertrain seed,broad
Dacia,Sandero Stepway,,Essential,1.5L,Petrol,Manual,DG curated powertrain seed,broad
Dacia,Sandero Stepway,,Comfort,1.5L,Petrol,Manual,DG curated powertrain seed,broad
Dacia,Sandero Stepway,,Prestige,1.5L,Petrol,Manual,DG curated powertrain seed,broad
Dacia,Sandero Stepway,,Expression,1.5L,Petrol,Manual,DG curated powertrain seed,broad
Dacia,Sandero Stepway,,Extreme,1.5L,Petrol,Manual,DG curated powertrain seed,broad
Dacia,Sandero Stepway,,Essential,1.5L,Petrol,Automatic,DG curated powertrain seed,broad
Dacia,Sandero Stepway,,Comfort,1.5L,Petrol,Automatic,DG curated powertrain seed,broad
Dacia,Sandero Stepway,,Prestige,1.5L,Petrol,Automatic,DG curated powertrain seed,broad
Dacia,Sandero Stepway,,Expression,1.5L,Petrol,Automatic,DG curated powertrain seed,broad
Dacia,Sandero Stepway,,Extreme,1.5L,Petrol,Automatic,DG curated powertrain seed,broad
Dacia,Sandero Stepway,,Essential,0.9L,Diesel,Manual,DG curated powertrain seed,broad
Dacia,Sandero Stepway,,Comfort,0.9L,Diesel,Manual,DG curated powertrain seed,broad
Dacia,Sandero Stepway,,Prestige,0.9L,Diesel,Manual,DG curated powertrain seed,broad
Dacia,Sandero Stepway,,Expression,0.9L,Diesel,Manual,DG curated powertrain seed,broad
Dacia,Sandero Stepway,,Extreme,0.9L,Diesel,Manual,DG curated powertrain seed,broad
Dacia,Sandero Stepway,,Essential,0.9L,Diesel,Automatic,DG curated powertrain seed,broad
Dacia,Sandero Stepway,,Comfort,0.9L,Diesel,Automatic,DG curated powertrain seed,broad
Dacia,Sandero Stepway,,Prestige,0.9L,Diesel,Automatic,DG curated powertrain seed,broad
Dacia,Sandero Stepway,,Expression,0.9L,Diesel,Automatic,DG curated powertrain seed,broad
Dacia,Sandero Stepway,,Extreme,0.9L,Diesel,Automatic,DG curated powertrain seed,broad
Dacia,Sandero Stepway,,Essential,1.0L,Diesel,Manual,DG curated powertrain seed,broad
Dacia,Sandero Stepway,,Comfort,1.0L,Diesel,Manual,DG curated powertrain seed,broad
Dacia,Sandero Stepway,,Prestige,1.0L,Diesel,Manual,DG curated powertrain seed,broad
Dacia,Sandero Stepway,,Expression,1.0L,Diesel,Manual,DG curated powertrain seed,broad
Dacia,Sandero Stepway,,Extreme,1.0L,Diesel,Manual,DG curated powertrain seed,broad
Dacia,Sandero Stepway,,Essential,1.0L,Diesel,Automatic,DG curated powertrain seed,broad
Dacia,Sandero Stepway,,Comfort,1.0L,Diesel,Automatic,DG curated powertrain seed,broad
Dacia,Sandero Stepway,,Prestige,1.0L,Diesel,Automatic,DG curated powertrain seed,broad
Dacia,Sandero Stepway,,Expression,1.0L,Diesel,Automatic,DG curated powertrain seed,broad
Dacia,Sandero Stepway,,Extreme,1.0L,Diesel,Automatic,DG curated powertrain seed,broad
Dacia,Sandero Stepway,,Essential,1.5L,Diesel,Manual,DG curated powertrain seed,broad
Dacia,Sandero Stepway,,Comfort,1.5L,Diesel,Manual,DG curated powertrain seed,broad
Dacia,Sandero Stepway,,Prestige,1.5L,Diesel,Manual,DG curated powertrain seed,broad
Dacia,Sandero Stepway,,Expression,1.5L,Diesel,Manual,DG curated powertrain seed,broad
Dacia,Sandero Stepway,,Extreme,1.5L,Diesel,Manual,DG curated powertrain seed,broad
Dacia,Sandero Stepway,,Essential,1.5L,Diesel,Automatic,DG curated powertrain seed,broad
Dacia,Sandero Stepway,,Comfort,1.5L,Diesel,Automatic,DG curated powertrain seed,broad
Dacia,Sandero Stepway,,Prestige,1.5L,Diesel,Automatic,DG curated powertrain seed,broad
Dacia,Sandero Stepway,,Expression,1.5L,Diesel,Automatic,DG curated powertrain seed,broad
Dacia,Sandero Stepway,,Extreme,1.5L,Diesel,Automatic,DG curated powertrain seed,broad
Dacia,Sandero Stepway,,Essential,0.9L,LPG,Manual,DG curated powertrain seed,broad
Dacia,Sandero Stepway,,Comfort,0.9L,LPG,Manual,DG curated powertrain seed,broad
Dacia,Sandero Stepway,,Prestige,0.9L,LPG,Manual,DG curated powertrain seed,broad
Dacia,Sandero Stepway,,Expression,0.9L,LPG,Manual,DG curated powertrain seed,broad
Dacia,Sandero Stepway,,Extreme,0.9L,LPG,Manual,DG curated powertrain seed,broad
Dacia,Sandero Stepway,,Essential,0.9L,LPG,Automatic,DG curated powertrain seed,broad
Dacia,Sandero Stepway,,Comfort,0.9L,LPG,Automatic,DG curated powertrain seed,broad
Dacia,Sandero Stepway,,Prestige,0.9L,LPG,Automatic,DG curated powertrain seed,broad
Dacia,Sandero Stepway,,Expression,0.9L,LPG,Automatic,DG curated powertrain seed,broad
Dacia,Sandero Stepway,,Extreme,0.9L,LPG,Automatic,DG curated powertrain seed,broad
Dacia,Sandero Stepway,,Essential,1.0L,LPG,Manual,DG curated powertrain seed,broad
Dacia,Sandero Stepway,,Comfort,1.0L,LPG,Manual,DG curated powertrain seed,broad
Dacia,Sandero Stepway,,Prestige,1.0L,LPG,Manual,DG curated powertrain seed,broad
Dacia,Sandero Stepway,,Expression,1.0L,LPG,Manual,DG curated powertrain seed,broad
Dacia,Sandero Stepway,,Extreme,1.0L,LPG,Manual,DG curated powertrain seed,broad
Dacia,Sandero Stepway,,Essential,1.0L,LPG,Automatic,DG curated powertrain seed,broad
Dacia,Sandero Stepway,,Comfort,1.0L,LPG,Automatic,DG curated powertrain seed,broad
Dacia,Sandero Stepway,,Prestige,1.0L,LPG,Automatic,DG curated powertrain seed,broad
Dacia,Sandero Stepway,,Expression,1.0L,LPG,Automatic,DG curated powertrain seed,broad
Dacia,Sandero Stepway,,Extreme,1.0L,LPG,Automatic,DG curated powertrain seed,broad
Dacia,Sandero Stepway,,Essential,1.5L,LPG,Manual,DG curated powertrain seed,broad
Dacia,Sandero Stepway,,Comfort,1.5L,LPG,Manual,DG curated powertrain seed,broad
Dacia,Sandero Stepway,,Prestige,1.5L,LPG,Manual,DG curated powertrain seed,broad
Dacia,Sandero Stepway,,Expression,1.5L,LPG,Manual,DG curated powertrain seed,broad
Dacia,Sandero Stepway,,Extreme,1.5L,LPG,Manual,DG curated powertrain seed,broad
Dacia,Sandero Stepway,,Essential,1.5L,LPG,Automatic,DG curated powertrain seed,broad
Dacia,Sandero Stepway,,Comfort,1.5L,LPG,Automatic,DG curated powertrain seed,broad
Dacia,Sandero Stepway,,Prestige,1.5L,LPG,Automatic,DG curated powertrain seed,broad
Dacia,Sandero Stepway,,Expression,1.5L,LPG,Automatic,DG curated powertrain seed,broad
Dacia,Sandero Stepway,,Extreme,1.5L,LPG,Automatic,DG curated powertrain seed,broad
Porsche,Cayman,2006,Cayman,2.7L Flat-6,Petrol,Manual,DG verified year rule,year-verified
Porsche,Cayman,2006,Cayman,2.7L Flat-6,Petrol,Automatic,DG verified year rule,year-verified
Porsche,Cayman,2006,Cayman S,3.4L Flat-6,Petrol,Manual,DG verified year rule,year-verified
Porsche,Cayman,2006,Cayman S,3.4L Flat-6,Petrol,Automatic,DG verified year rule,year-verified
Porsche,Cayman,2007,Cayman,2.7L Flat-6,Petrol,Manual,DG verified year rule,year-verified
Porsche,Cayman,2007,Cayman,2.7L Flat-6,Petrol,Automatic,DG verified year rule,year-verified
Porsche,Cayman,2007,Cayman S,3.4L Flat-6,Petrol,Manual,DG verified year rule,year-verified
Porsche,Cayman,2007,Cayman S,3.4L Flat-6,Petrol,Automatic,DG verified year rule,year-verified
Porsche,Cayman,2008,Cayman,2.7L Flat-6,Petrol,Manual,DG verified year rule,year-verified
Porsche,Cayman,2008,Cayman,2.7L Flat-6,Petrol,Automatic,DG verified year rule,year-verified
Porsche,Cayman,2008,Cayman S,3.4L Flat-6,Petrol,Manual,DG verified year rule,year-verified
Porsche,Cayman,2008,Cayman S,3.4L Flat-6,Petrol,Automatic,DG verified year rule,year-verified
Porsche,Cayman,2009,Cayman,2.9L Flat-6,Petrol,Manual,DG verified year rule,year-verified
Porsche,Cayman,2009,Cayman,2.9L Flat-6,Petrol,Automatic,DG verified year rule,year-verified
Porsche,Cayman,2009,Cayman S,3.4L Flat-6,Petrol,Manual,DG verified year rule,year-verified
Porsche,Cayman,2009,Cayman S,3.4L Flat-6,Petrol,Automatic,DG verified year rule,year-verified
Porsche,Cayman,2009,Cayman R,3.4L Flat-6,Petrol,Manual,DG verified year rule,year-verified
Porsche,Cayman,2009,Cayman R,3.4L Flat-6,Petrol,Automatic,DG verified year rule,year-verified
Porsche,Cayman,2010,Cayman,2.9L Flat-6,Petrol,Manual,DG verified year rule,year-verified
Porsche,Cayman,2010,Cayman,2.9L Flat-6,Petrol,Automatic,DG verified year rule,year-verified
Porsche,Cayman,2010,Cayman S,3.4L Flat-6,Petrol,Manual,DG verified year rule,year-verified
Porsche,Cayman,2010,Cayman S,3.4L Flat-6,Petrol,Automatic,DG verified year rule,year-verified
Porsche,Cayman,2010,Cayman R,3.4L Flat-6,Petrol,Manual,DG verified year rule,year-verified
Porsche,Cayman,2010,Cayman R,3.4L Flat-6,Petrol,Automatic,DG verified year rule,year-verified
Porsche,Cayman,2011,Cayman,2.9L Flat-6,Petrol,Manual,DG verified year rule,year-verified
Porsche,Cayman,2011,Cayman,2.9L Flat-6,Petrol,Automatic,DG verified year rule,year-verified
Porsche,Cayman,2011,Cayman S,3.4L Flat-6,Petrol,Manual,DG verified year rule,year-verified
Porsche,Cayman,2011,Cayman S,3.4L Flat-6,Petrol,Automatic,DG verified year rule,year-verified
Porsche,Cayman,2011,Cayman R,3.4L Flat-6,Petrol,Manual,DG verified year rule,year-verified
Porsche,Cayman,2011,Cayman R,3.4L Flat-6,Petrol,Automatic,DG verified year rule,year-verified
Porsche,Cayman,2012,Cayman,2.9L Flat-6,Petrol,Manual,DG verified year rule,year-verified
Porsche,Cayman,2012,Cayman,2.9L Flat-6,Petrol,Automatic,DG verified year rule,year-verified
Porsche,Cayman,2012,Cayman S,3.4L Flat-6,Petrol,Manual,DG verified year rule,year-verified
Porsche,Cayman,2012,Cayman S,3.4L Flat-6,Petrol,Automatic,DG verified year rule,year-verified
Porsche,Cayman,2012,Cayman R,3.4L Flat-6,Petrol,Manual,DG verified year rule,year-verified
Porsche,Cayman,2012,Cayman R,3.4L Flat-6,Petrol,Automatic,DG verified year rule,year-verified
Porsche,Cayman,2013,Cayman,2.7L Flat-6,Petrol,Manual,DG verified year rule,year-verified
Porsche,Cayman,2013,Cayman,2.7L Flat-6,Petrol,Automatic,DG verified year rule,year-verified
Porsche,Cayman,2013,Cayman S,3.4L Flat-6,Petrol,Manual,DG verified year rule,year-verified
Porsche,Cayman,2013,Cayman S,3.4L Flat-6,Petrol,Automatic,DG verified year rule,year-verified
Porsche,Cayman,2014,Cayman,2.7L Flat-6,Petrol,Manual,DG verified year rule,year-verified
Porsche,Cayman,2014,Cayman,2.7L Flat-6,Petrol,Automatic,DG verified year rule,year-verified
Porsche,Cayman,2014,Cayman S,3.4L Flat-6,Petrol,Manual,DG verified year rule,year-verified
Porsche,Cayman,2014,Cayman S,3.4L Flat-6,Petrol,Automatic,DG verified year rule,year-verified
Porsche,Cayman,2015,Cayman,2.7L Flat-6,Petrol,Manual,DG verified year rule,year-verified
Porsche,Cayman,2015,Cayman,2.7L Flat-6,Petrol,Automatic,DG verified year rule,year-verified
Porsche,Cayman,2015,Cayman S,3.4L Flat-6,Petrol,Manual,DG verified year rule,year-verified
Porsche,Cayman,2015,Cayman S,3.4L Flat-6,Petrol,Automatic,DG verified year rule,year-verified
Porsche,Cayman,2015,Cayman GTS,3.4L Flat-6,Petrol,Manual,DG verified year rule,year-verified
Porsche,Cayman,2015,Cayman GTS,3.4L Flat-6,Petrol,Automatic,DG verified year rule,year-verified
Porsche,Cayman,2015,Cayman GT4,3.8L Flat-6,Petrol,Manual,DG verified year rule,year-verified
Porsche,Cayman,2015,Cayman GT4,3.8L Flat-6,Petrol,Automatic,DG verified year rule,year-verified
Porsche,Cayman,2016,Cayman,2.7L Flat-6,Petrol,Manual,DG verified year rule,year-verified
Porsche,Cayman,2016,Cayman,2.7L Flat-6,Petrol,Automatic,DG verified year rule,year-verified
Porsche,Cayman,2016,Cayman S,3.4L Flat-6,Petrol,Manual,DG verified year rule,year-verified
Porsche,Cayman,2016,Cayman S,3.4L Flat-6,Petrol,Automatic,DG verified year rule,year-verified
Porsche,Cayman,2016,Cayman GTS,3.4L Flat-6,Petrol,Manual,DG verified year rule,year-verified
Porsche,Cayman,2016,Cayman GTS,3.4L Flat-6,Petrol,Automatic,DG verified year rule,year-verified
Porsche,Cayman,2016,Cayman GT4,3.8L Flat-6,Petrol,Manual,DG verified year rule,year-verified
Porsche,Cayman,2016,Cayman GT4,3.8L Flat-6,Petrol,Automatic,DG verified year rule,year-verified
Porsche,Cayman,2017,718 Cayman,2.0L Turbo Flat-4,Petrol,Manual,DG verified year rule,year-verified
Porsche,Cayman,2017,718 Cayman,2.0L Turbo Flat-4,Petrol,Automatic,DG verified year rule,year-verified
Porsche,Cayman,2017,718 Cayman S,2.5L Turbo Flat-4,Petrol,Manual,DG verified year rule,year-verified
Porsche,Cayman,2017,718 Cayman S,2.5L Turbo Flat-4,Petrol,Automatic,DG verified year rule,year-verified
Porsche,Cayman,2017,718 Cayman GTS,2.5L Turbo Flat-4,Petrol,Manual,DG verified year rule,year-verified
Porsche,Cayman,2017,718 Cayman GTS,2.5L Turbo Flat-4,Petrol,Automatic,DG verified year rule,year-verified
Porsche,Cayman,2018,718 Cayman,2.0L Turbo Flat-4,Petrol,Manual,DG verified year rule,year-verified
Porsche,Cayman,2018,718 Cayman,2.0L Turbo Flat-4,Petrol,Automatic,DG verified year rule,year-verified
Porsche,Cayman,2018,718 Cayman S,2.5L Turbo Flat-4,Petrol,Manual,DG verified year rule,year-verified
Porsche,Cayman,2018,718 Cayman S,2.5L Turbo Flat-4,Petrol,Automatic,DG verified year rule,year-verified
Porsche,Cayman,2018,718 Cayman GTS,2.5L Turbo Flat-4,Petrol,Manual,DG verified year rule,year-verified
Porsche,Cayman,2018,718 Cayman GTS,2.5L Turbo Flat-4,Petrol,Automatic,DG verified year rule,year-verified
